{
  "type": "FeatureCollection",
  "features": [
    {
      "type": "Feature",
      "geometry": {
        "type": "Point",
        "coordinates": [
          131.370724,
          34.082193
        ]
      },
      "properties": {
        "name": "嘉川八幡宮（Kagawa Hachiman-gu Shrine）",
        "説明・詳細（日本語）": null,
        "説明・詳細（英語）": null,
        "写真枚数": 0,
        "写真URL①": null,
        "写真URL②": null,
        "写真URL③": null,
        "写真URL④": null,
        "写真URL⑤": null
      }
    },
    {
      "type": "Feature",
      "geometry": {
        "type": "Point",
        "coordinates": [
          131.462585,
          34.169552
        ]
      },
      "properties": {
        "name": "熊野神社　鳥居(Kumano Shrine)",
        "説明・詳細（日本語）": "熊野神社は、縁結びと縁切りの神社として有名。高さ40mほどの山の山頂にあり、詩人の中原中也は学校をさぼってはこの山に登っていたそう。夏は新緑、秋は紅葉、夜は灯篭が美しく、地元の人の憩いの場となっている。夕方ふらっと立ち寄ると、ほぼ必ず地元の方に出会う。中腹にあるベンチから見る夕焼けが絶景。",
        "説明・詳細（英語）": "Kumano Shrine is famous as a shrine for both matchmaking and severing ties. Perched atop a mountain about 40 meters high, it's said poet Nakahara Chuya used to skip school to climb this mountain. In summer, it's lush with fresh greenery; in autumn, vibrant with autumn leaves; at night, the lanterns are beautiful, making it a place of relaxation for locals. If you drop by casually in the evening, you'll almost always meet someone from the neighborhood. The sunset viewed from the benches halfway up the mountain is spectacular.",
        "写真枚数": 2,
        "写真URL①": "https://lh3.googleusercontent.com/d/1TTeGeojlXFElUqZyB1l4-RbOovlwjYAY",
        "写真URL②": "https://lh3.googleusercontent.com/d/1kkXrwReCTx1znFx9Ynkq5wRM3iqskifl",
        "写真URL③": null,
        "写真URL④": null,
        "写真URL⑤": null
      }
    },
    {
      "type": "Feature",
      "geometry": {
        "type": "Point",
        "coordinates": [
          131.479699,
          34.168859
        ]
      },
      "properties": {
        "name": "厳島神社(Itsukusima Shrine)",
        "説明・詳細（日本語）": "この神社はもともと1406年に大内盛見が安芸国(現在の広島県)宮島にある厳島神社から勧請し、現在の県庁周辺に祀られたものです。ところが、その社地が毛利家の居館となってしまい、1864年にここに移されました。ここの地名は宮島町といいます。\r\n大内氏時代の社殿は残っていませんが、現在の社殿の中には大内氏時代の多宝塔(市の有形文化財)があります。高さは1.3メートルで、桧造りの約600年前の作品です。\r\n神社の雰囲気がすごく好きで、鳥居をくぐるときに少し時空を離れるような心持ちがします。とても趣のある神社です。\r\n猫ちゃんがたまにいます。",
        "説明・詳細（英語）": "This shrine was originally enshrined in the vicinity of the present-day prefectural government offices in 1406, when Ouchi Morimi invited the deity from Itsukushima Shrine on Miyajima in Aki Province (present-day Hiroshima Prefecture). However, the shrine site later became the residence of the Mōri clan, and it was relocated here in 1864. The name of this area is Miyajimachō.\r\nWhile no shrine buildings from the Ōuchi period remain, the current shrine complex houses a pagoda from that era (designated a City Tangible Cultural Property). Standing 1.3 meters tall, this cypress wood structure is approximately 600 years old.\r\nI absolutely love the atmosphere of shrines. When I pass through the torii gate, I feel like I'm stepping out of time and space for a moment. It's a very charming shrine.\r\nThere are cats there sometimes.",
        "写真枚数": 3,
        "写真URL①": "https://lh3.googleusercontent.com/d/1pQiCHpMZKNgev_QjU3SCBq1d8DZM66aS",
        "写真URL②": "https://lh3.googleusercontent.com/d/1XqRojGtyy5w9BN-z8d_0D3U5izhJtDnJ",
        "写真URL③": "https://lh3.googleusercontent.com/d/13tzJF_7B-LvunS2Br6yOJZSteMn9Ktup",
        "写真URL④": null,
        "写真URL⑤": null
      }
    },
    {
      "type": "Feature",
      "geometry": {
        "type": "Point",
        "coordinates": [
          131.488605,
          34.178722
        ]
      },
      "properties": {
        "name": "古熊神社(Furukuma Shrine)",
        "説明・詳細（日本語）": "「山口の天神様」と呼ばれている神社です。菅原道真公と福部童子を祀っています。本殿及び拝殿は室町時代からのものとされており、国指定の重要文化財です。松尾芭蕉の句碑、菅原道真公の歌碑(和歌と漢詩)、山口十境詩の一つ「猿林暁月」の歌碑があります。山口十境詩は趙秩(ちょうちつ)という明の人が作った七言絶句の漢詩で、市内のあちこちに残っています。",
        "説明・詳細（英語）": "This shrine is known as “Yamaguchi's Tenjin-sama.” It enshrines Sugawara no Michizane and Fukube Douji. The main hall and worship hall date back to the Muromachi period and are designated Important Cultural Properties by the national government. It features a monument inscribed with a haiku by Matsuo Bashō, a monument inscribed with poems (both Japanese waka and Chinese poetry) by Sugawara no Michizane, and a monument inscribed with the poem “Enrinnokyogetu” (Dawn Moon over the Monkey Forest), one of the Yamaguchi Ten Scenes poems. The Yamaguchi Ten Scenes poems are seven-character quatrains composed by Zhao zhi, a scholar from the Ming dynasty, and their inscriptions remain at various locations throughout the city.",
        "写真枚数": 1,
        "写真URL①": "https://lh3.googleusercontent.com/d/15DopFTZwwmquonippkd5cM93JcjdBDeJ",
        "写真URL②": null,
        "写真URL③": null,
        "写真URL④": null,
        "写真URL⑤": null
      }
    },
    {
      "type": "Feature",
      "geometry": {
        "type": "Point",
        "coordinates": [
          131.479799,
          34.177518
        ]
      },
      "properties": {
        "name": "古熊神社御旅所(Furukuma Shrine)",
        "説明・詳細（日本語）": null,
        "説明・詳細（英語）": null,
        "写真枚数": 0,
        "写真URL①": null,
        "写真URL②": null,
        "写真URL③": null,
        "写真URL④": null,
        "写真URL⑤": null
      }
    },
    {
      "type": "Feature",
      "geometry": {
        "type": "Point",
        "coordinates": [
          131.490626,
          34.193574
        ]
      },
      "properties": {
        "name": "護国神社(Gokoku Shrine)",
        "説明・詳細（日本語）": null,
        "説明・詳細（英語）": null,
        "写真枚数": 0,
        "写真URL①": null,
        "写真URL②": null,
        "写真URL③": null,
        "写真URL④": null,
        "写真URL⑤": null
      }
    },
    {
      "type": "Feature",
      "geometry": {
        "type": "Point",
        "coordinates": [
          131.481577,
          34.18724
        ]
      },
      "properties": {
        "name": "今八幡宮（Ima Hachiman-gu Shrine）",
        "説明・詳細（日本語）": "息をきらせながら階段を登ると、小高い丘の上に今八幡宮があります。 一帯に野田神社や豊栄神社もあり、寺社巡りが出来ます。 七五三のお詣りで来ている人に出会いました。",
        "説明・詳細（英語）": "Panting as I climbed the stairs, I found Imahachiman Shrine atop a small hill. The area also includes Noda Shrine and Toyosaka Shrine, making it perfect for temple and shrine visits. I encountered people visiting for Shichi-Go-San celebrations.",
        "写真枚数": 2,
        "写真URL①": "https://lh3.googleusercontent.com/d/1JSGTDdifVKCpMHDGEu23kUMEmWoBywlI",
        "写真URL②": "https://lh3.googleusercontent.com/d/17WywL3isaqy7ZCY1_5OykPV_uwKRJVXZ",
        "写真URL③": null,
        "写真URL④": null,
        "写真URL⑤": null
      }
    },
    {
      "type": "Feature",
      "geometry": {
        "type": "Point",
        "coordinates": [
          131.46884,
          34.183867
        ]
      },
      "properties": {
        "name": "山口大神宮（Ymaguchi Daijingu）",
        "説明・詳細（日本語）": "山口大神宮は「西のお伊勢様」と呼ばれ、地元の人に愛されています。敷地内にある、写真の高嶺神社は、農産物の守護、商売繁昌、三難（火・盗・病）よけの神として、古くから信仰されています。",
        "説明・詳細（英語）": "Yamaguchi Daijingu Shrine is affectionately known as the “Western Ise Shrine” and is beloved by locals. Within its grounds stands Takamine Shrine, pictured here, which has long been revered as a guardian deity for agricultural produce, business prosperity, and protection against the three calamities: fire, theft, and illness.",
        "写真枚数": 1,
        "写真URL①": "https://lh3.googleusercontent.com/d/1q0l5ORqD-Vb00GUiAlZl3rzAjGqwzurn",
        "写真URL②": null,
        "写真URL③": null,
        "写真URL④": null,
        "写真URL⑤": null
      }
    },
    {
      "type": "Feature",
      "geometry": {
        "type": "Point",
        "coordinates": [
          131.431932,
          34.035146
        ]
      },
      "properties": {
        "name": "秋穂正八幡宮（Aio Sho Hachiman-gu Shrine）",
        "説明・詳細（日本語）": "まっすぐな長い参道が特徴です。楼門、拝殿、本殿は、国の重要文化財に指定されています。\r\n敷地内には、秋穂八十八ヶ所霊場の一番札所大師堂があります。",
        "説明・詳細（英語）": "The straight, long approach path is its defining feature. The gate tower, worship hall, and main shrine are designated as Important Cultural Properties of Japan.\r\nWithin the grounds stands the Daishi Hall, the first temple of the Aio 88 Sacred Sites pilgrimage.",
        "写真枚数": 1,
        "写真URL①": "https://lh3.googleusercontent.com/d/1CmlsxkXP7rkHE_iqXjEM_lHFnUwM1Bip",
        "写真URL②": null,
        "写真URL③": null,
        "写真URL④": null,
        "写真URL⑤": null
      }
    },
    {
      "type": "Feature",
      "geometry": {
        "type": "Point",
        "coordinates": [
          131.410598,
          34.031247
        ]
      },
      "properties": {
        "name": "秋穂八十八ヶ所霊場（Aio Pilgrimage）",
        "説明・詳細（日本語）": "約230年前に遍明院の住職が、四国八十八ヶ所を巡礼して、各札所の護符と土砂を持ち帰り秋穂の各所に祀った、その場所を「秋穂霊場札所」としたのが始まりだそうです。\r\n山口市の南部、秋穂と秋穂二島を中心に、札所が点在します。\r\nここは、61番札所で、大日如来が祀られています。\r\n小さなお堂ですが、今でも地元の人が交代で朝晩にお供えのお膳を上げ下げしています。",
        "説明・詳細（英語）": "Approximately 230 years ago, the head priest of Henmyō-in Temple made a pilgrimage to the 88 Sacred Places of Shikoku. He brought back talismans and soil from each temple and enshrined them at various locations in Aio, designating these sites as the “Aio Sacred Sites.” This is said to be the origin of the Aio Pilgrimage.\r\nThe stations are scattered mainly around Aio and Aio Futajima in the southern part of Yamaguchi City.\r\nThis is the 61st station, where Dainichi Nyorai is enshrined.\r\nThough it is a small hall, local residents still take turns offering meals to the deity every morning and evening.",
        "写真枚数": 1,
        "写真URL①": "https://lh3.googleusercontent.com/d/103IDGl2TdpvLnlvTPOJP8g7oa9xWYanZ",
        "写真URL②": null,
        "写真URL③": null,
        "写真URL④": null,
        "写真URL⑤": null
      }
    },
    {
      "type": "Feature",
      "geometry": {
        "type": "Point",
        "coordinates": [
          131.489918,
          34.198064
        ]
      },
      "properties": {
        "name": "常栄寺（Joei-ji/temple）",
        "説明・詳細（日本語）": "受付の女性がとても親切に対応してくださいます。海外の方は翻訳機があると便利かもしれません。\r\n中を進むと雪舟の作品が展示されていたり、小さなお茶屋さんがあったりと見どころ満載です。",
        "説明・詳細（英語）": "The receptionist is very kind and helpful. Visitors from overseas may find a translation device useful.\r\nAs you proceed inside, you'll find highlights like works by Sesshu on display and a small tea house.",
        "写真枚数": 0,
        "写真URL①": null,
        "写真URL②": null,
        "写真URL③": null,
        "写真URL④": null,
        "写真URL⑤": null
      }
    },
    {
      "type": "Feature",
      "geometry": {
        "type": "Point",
        "coordinates": [
          131.491681,
          34.189141
        ]
      },
      "properties": {
        "name": "仁壁神社(Nikabe Shrine)",
        "説明・詳細（日本語）": null,
        "説明・詳細（英語）": null,
        "写真枚数": 0,
        "写真URL①": null,
        "写真URL②": null,
        "写真URL③": null,
        "写真URL④": null,
        "写真URL⑤": null
      }
    },
    {
      "type": "Feature",
      "geometry": {
        "type": "Point",
        "coordinates": [
          131.448621,
          34.171383
        ]
      },
      "properties": {
        "name": "生目八幡宮（Ikime Hachiman-gu Shrine）",
        "説明・詳細（日本語）": "藤の花やイチョウが綺麗でおすすめです！\r\n目の神様をお祀りしているそうです。地元の人からは「いきめさん」などの呼び名で親しまれています。\r\n小高い丘の上にあり、丘の上から街が見えます。",
        "説明・詳細（英語）": "Wisteria and ginkgo trees are beautiful here—highly recommended!\r\nIt's said to enshrine the god of eyes. Locals affectionately call it “Ikimesan.”\r\nPerched atop a small hill, you can see the town from the summit.",
        "写真枚数": 2,
        "写真URL①": "https://lh3.googleusercontent.com/d/1b1lqagSPNWqfxDrfMoeBiDFXWZn8b_LE",
        "写真URL②": "https://lh3.googleusercontent.com/d/1Lm_sdpYk7q4htsITFNNcd4ahdOaZ5RF3",
        "写真URL③": null,
        "写真URL④": null,
        "写真URL⑤": null
      }
    },
    {
      "type": "Feature",
      "geometry": {
        "type": "Point",
        "coordinates": [
          131.431332,
          34.181009
        ]
      },
      "properties": {
        "name": "赤田神社（Akada shrine）",
        "説明・詳細（日本語）": "地元の人に愛されている神社です。\r\n友達が神前式をあげていました。",
        "説明・詳細（英語）": "This shrine is beloved by the locals.\r\nMy friend had a Shinto wedding ceremony here.",
        "写真枚数": 0,
        "写真URL①": null,
        "写真URL②": null,
        "写真URL③": null,
        "写真URL④": null,
        "写真URL⑤": null
      }
    },
    {
      "type": "Feature",
      "geometry": {
        "type": "Point",
        "coordinates": [
          131.538384,
          34.119443
        ]
      },
      "properties": {
        "name": "禅昌寺（Zensho-ji/temple）",
        "説明・詳細（日本語）": "開基は大内義弘",
        "説明・詳細（英語）": "The temple was built by Ōuchi Yoshihiro.",
        "写真枚数": 0,
        "写真URL①": null,
        "写真URL②": null,
        "写真URL③": null,
        "写真URL④": null,
        "写真URL⑤": null
      }
    },
    {
      "type": "Feature",
      "geometry": {
        "type": "Point",
        "coordinates": [
          131.453974,
          34.177584
        ]
      },
      "properties": {
        "name": "朝倉八幡宮（Asakura Hachiman-gu Shrine）",
        "説明・詳細（日本語）": "白狐の形をした「狐面みくじ」がおすすめです！",
        "説明・詳細（英語）": "We recommend the “Fox Mask Fortune Telling” in the shape of a white fox!",
        "写真枚数": 2,
        "写真URL①": "https://lh3.googleusercontent.com/d/1nDuvwKPqQfi-Q1piIJQ2xKn8joySeuRZ",
        "写真URL②": "https://lh3.googleusercontent.com/d/1nkwdVFC6xYCsavkvTp5v0GlZnPzqXFjB",
        "写真URL③": null,
        "写真URL④": null,
        "写真URL⑤": null
      }
    },
    {
      "type": "Feature",
      "geometry": {
        "type": "Point",
        "coordinates": [
          131.478238,
          34.174281
        ]
      },
      "properties": {
        "name": "八坂神社御旅所（Yasaka Shrine)",
        "説明・詳細（日本語）": "1369年に、大内弘世が京都の八坂神社から勧請して山口にも八坂神社を建立しました。以降600年以上続く、毎年7月下旬に開かれる「山口祇園祭」では、野田にある本殿からこの御旅所まで御神輿が担がれてきて、ここでお休みされます。\r\n8月26日に開かれる「福部童子祭」の会場でもあり、神事が行われます。\r\n普段は少林寺拳法の道場として利用されています。",
        "説明・詳細（英語）": "In 1369, Ōuchi Hiroyo established a Yasaka Shrine in Yamaguchi after inviting the deity from Kyoto's Yasaka Shrine. For over 600 years since, the annual “Yamaguchi Gion Festival” held in late July has seen the mikoshi (portable shrine) carried from the main hall in Noda to this temporary shrine, where it rests.\r\nIt also serves as the venue for the Fukube Dōji Festival held on August 26th, where Shinto rituals are performed.\r\nIt is normally used as a dojo for Shorinji Kempo.",
        "写真枚数": 1,
        "写真URL①": "https://lh3.googleusercontent.com/d/1BC4EgbkiaNkyHYX3hTyXk8Gvo7FaE5Km",
        "写真URL②": null,
        "写真URL③": null,
        "写真URL④": null,
        "写真URL⑤": null
      }
    },
    {
      "type": "Feature",
      "geometry": {
        "type": "Point",
        "coordinates": [
          131.467524,
          34.180971
        ]
      },
      "properties": {
        "name": "普門寺（Fumon-ji/temple）",
        "説明・詳細（日本語）": null,
        "説明・詳細（英語）": null,
        "写真枚数": 0,
        "写真URL①": null,
        "写真URL②": null,
        "写真URL③": null,
        "写真URL④": null,
        "写真URL⑤": null
      }
    },
    {
      "type": "Feature",
      "geometry": {
        "type": "Point",
        "coordinates": [
          131.480888,
          34.188837
        ]
      },
      "properties": {
        "name": "豊栄寺社（Toyosaka shrine）",
        "説明・詳細（日本語）": "毛利元就公を祀る神社。\r\n境内に大きな木がたくさんあります。",
        "説明・詳細（英語）": "A shrine dedicated to Lord Motonari Mōri.\r\nThe grounds feature many large trees.",
        "写真枚数": 1,
        "写真URL①": "https://lh3.googleusercontent.com/d/1I_mdfJO0sX6ayi7UvE0dnHtl9NGsw0SZ",
        "写真URL②": null,
        "写真URL③": null,
        "写真URL④": null,
        "写真URL⑤": null
      }
    },
    {
      "type": "Feature",
      "geometry": {
        "type": "Point",
        "coordinates": [
          131.461414,
          34.177991
        ]
      },
      "properties": {
        "name": "木戸神社(Kido Shrine)",
        "説明・詳細（日本語）": null,
        "説明・詳細（英語）": null,
        "写真枚数": 0,
        "写真URL①": null,
        "写真URL②": null,
        "写真URL③": null,
        "写真URL④": null,
        "写真URL⑤": null
      }
    },
    {
      "type": "Feature",
      "geometry": {
        "type": "Point",
        "coordinates": [
          131.480529,
          34.188553
        ]
      },
      "properties": {
        "name": "野田神社（Noda shrine）",
        "説明・詳細（日本語）": "毛利敬親公を祭神とし、息子元徳公も一緒に祀られています。\r\n境内には大きな木がたくさんあります。\r\n心を落ち着かせたい時の散歩コースにぴったり。",
        "説明・詳細（英語）": "Lord Mōri Takachika is enshrined as the principal deity, with his son Lord Motonori also enshrined alongside him. The grounds feature many large trees. It's the perfect walking course when you want to calm your mind.",
        "写真枚数": 1,
        "写真URL①": "https://lh3.googleusercontent.com/d/1dx1II9piwfR7hQ7ERLiGtzkE-GgOi2oO",
        "写真URL②": null,
        "写真URL③": null,
        "写真URL④": null,
        "写真URL⑤": null
      }
    },
    {
      "type": "Feature",
      "geometry": {
        "type": "Point",
        "coordinates": [
          131.412216,
          34.167652
        ]
      },
      "properties": {
        "name": "龍蔵寺（Ryuzo-ji/temple）",
        "説明・詳細（日本語）": null,
        "説明・詳細（英語）": null,
        "写真枚数": 0,
        "写真URL①": null,
        "写真URL②": null,
        "写真URL③": null,
        "写真URL④": null,
        "写真URL⑤": null
      }
    },
    {
      "type": "Feature",
      "geometry": {
        "type": "Point",
        "coordinates": [
          131.479885,
          34.184348
        ]
      },
      "properties": {
        "name": "龍福寺（Ryufuku-ji/temple）",
        "説明・詳細（日本語）": "大内義隆の菩提寺として知られています。国指定建造物、重要文化財に指定されています。\r\nもとは鎌倉時代に建てられた瑞雲寺というお寺が別の場所にあったのですが、大内氏が滅亡した際に焼失してしまったところを、毛利隆元(毛利元就の子ども)が大内義隆の菩提寺として移築復興させました。\r\nニューヨークタイムズ紙の「2024年に行くべき52ヶ所」に山口市が載せられた際、このお寺の紅葉の写真がメインの写真に選ばれていました。",
        "説明・詳細（英語）": "It is known as the ancestral temple of Ōuchi Yoshitaka. It is designated as a National Important Cultural Property.\r\nOriginally, a temple called Zuiun-ji, built during the Kamakura period, stood elsewhere. When the Ōuchi clan fell, it was destroyed by fire. Mōri Takamoto (son of Mōri Motonari) relocated and rebuilt it as the ancestral temple for Ōuchi Yoshitaka.\r\nWhen Yamaguchi City was featured in The New York Times' “52 Places to Go in 2024,” a photograph of this temple's autumn foliage was selected as the main image.",
        "写真枚数": 1,
        "写真URL①": "https://lh3.googleusercontent.com/d/1ywZexSoK7KZLrcxgR0nL2Gf_v_MZQTyc",
        "写真URL②": null,
        "写真URL③": null,
        "写真URL④": null,
        "写真URL⑤": null
      }
    },
    {
      "type": "Feature",
      "geometry": {
        "type": "Point",
        "coordinates": [
          131.47761,
          34.167664
        ]
      },
      "properties": {
        "name": "急に始まる水路、つながる水路(Suddenly Beginning Waterway)",
        "説明・詳細（日本語）": "不自然な所から(中央高校の建物とは離れすぎている)水路が始まっているのが気になりました。\r\n近くには水門があり、一部が道路の下を通って椹野川に繋がっています。",
        "説明・詳細（英語）": "I was concerned that the waterway was starting from an unnatural place (which was too far from the building of Chuo High School).\r\nThere is a sluil gate nearby, and some of it is connected to the Tsuchino River through the bottom of the road.",
        "写真枚数": 4,
        "写真URL①": "https://lh3.googleusercontent.com/d/1RQ5J8PIUc2QVFQ7oHCm9DcYnPDx8JgJI",
        "写真URL②": "https://lh3.googleusercontent.com/d/1VuOFFn3d5Xj9vJJ2qTM6knGA835zPWez",
        "写真URL③": "https://lh3.googleusercontent.com/d/1AqFskznpytng8Zl0juNNHz_kLdF3hE3W",
        "写真URL④": "https://lh3.googleusercontent.com/d/1Pg9pAbQf0Y2rriO8RQd5oHbMNwX1ra5y",
        "写真URL⑤": null
      }
    },
    {
      "type": "Feature",
      "geometry": {
        "type": "Point",
        "coordinates": [
          131.457199,
          34.165709
        ]
      },
      "properties": {
        "name": "湯田温泉が湧く理由　〜暗渠から想いを馳せて〜(Why Hot Springs Flow at Yudaonsen)",
        "説明・詳細（日本語）": "写真の撮影地は暗渠上。写真奥の方にあるのは足湯。\r\n湯田温泉は72°と高温だが、非火山性温泉である。なんでこんなところに温泉が湧いているのか。\r\n山口市は盆地となっており、市民は「盆地は夏も冬も厳しい」とよく言っている。どうして盆地になったのか。それは、カルデラ（大規模な火山噴火後に地下のマグマが空になり、地表が陥没してできた巨大な凹地）だからだ。そして、この暗渠のあたりには断層がある。カルデラの断層から染み出した、それがここに川があった理由であり、湯田温泉が湧き出した理由である。街中の温泉地であるため、「都市型温泉」と言われている。ちなみに、瀬戸内海の水が地中に染み込んで、ここで湧き出しているので、普通の温泉と比べてナトリウムイオンの含有量が多いんだとか。",
        "説明・詳細（英語）": "The location of the photo was on the culvert. The foot bath in the back of the photo.\r\nYuda Onsen has a high temperature of 72°, but it is a non-volcanic hot spring. Why is there a hot spring in such a place?\r\nYamaguchi City is a basin, and citizens often say, \"The basin is harsh in summer and winter.\" Why did it become a basin? That's because it's the caldera (a huge depression formed by the empty of the underground magma after a large volcanic eruption and the sinking of the earth's surface). And there is a fault around this culvert. It oozed out of the caldera fault, which is the reason why there was a river here, and the reason why Yuda Onsen gushed out. Because it is a hot spring resort located within the city, it is said “urban hot spring.”By the way, the water of the Seto Inland Sea seeps into the ground and springs out here, so the content of sodium ions is higher than that of ordinary hot springs.",
        "写真枚数": 1,
        "写真URL①": "https://lh3.googleusercontent.com/d/1aIHDSWSDd7zHdcWITOlUMzUw3gDlPeX8",
        "写真URL②": null,
        "写真URL③": null,
        "写真URL④": null,
        "写真URL⑤": null
      }
    },
    {
      "type": "Feature",
      "geometry": {
        "type": "Point",
        "coordinates": [
          131.483345,
          34.17937
        ]
      },
      "properties": {
        "name": "突然始まる水の旅(Suddenly Beginning Waterway)",
        "説明・詳細（日本語）": "グーグルマップでここから不自然に川(水の通り道といった方が正しい）が始まっているのを見つけて、実際に行ってみたらほんとに突然始まってました。湧いているのか、伏流水があるのか、真相は分かりませんでした。",
        "説明・詳細（英語）": "On Google Maps, I found that the river (it is more correct to say that the water path) began unnaturally from here, and when I actually went there, it really started suddenly. I didn't know the truth about whether it was gushing or whether there was underground water.",
        "写真枚数": 1,
        "写真URL①": "https://lh3.googleusercontent.com/d/1XPvHBt_q7wpSbqaOcQV4SVyfZTPqL58o",
        "写真URL②": null,
        "写真URL③": null,
        "写真URL④": null,
        "写真URL⑤": null
      }
    },
    {
      "type": "Feature",
      "geometry": {
        "type": "Point",
        "coordinates": [
          131.456727,
          34.148829
        ]
      },
      "properties": {
        "name": "平井の暗渠(Hirai/culvert)",
        "説明・詳細（日本語）": "200mくらいあります\r\n下を川が流れていて、小学生の頃妹たちと一緒によく覗き込んでいました。",
        "説明・詳細（英語）": "It's about 200m\r\nThere was a river flowing down below, and when I was in elementary school, I often looked into it with my younger sisters.",
        "写真枚数": 1,
        "写真URL①": "https://lh3.googleusercontent.com/d/1-HoGpqerggVP7rKwpA-rEfJ3xZNBOHl7",
        "写真URL②": null,
        "写真URL③": null,
        "写真URL④": null,
        "写真URL⑤": null
      }
    },
    {
      "type": "Feature",
      "geometry": {
        "type": "Point",
        "coordinates": [
          131.458875,
          34.167042
        ]
      },
      "properties": {
        "name": "柳と二又暗渠(Willow and culvert)",
        "説明・詳細（日本語）": "昔の錦川の景観を想像させるように柳が植えてありました。",
        "説明・詳細（英語）": "Willows were planted to make you imagine the scenery of the old Nishiki River.",
        "写真枚数": 1,
        "写真URL①": "https://lh3.googleusercontent.com/d/1MfsIKFpGA4KsM0DvWnVyWgPdJn9wP_nW",
        "写真URL②": null,
        "写真URL③": null,
        "写真URL④": null,
        "写真URL⑤": null
      }
    },
    {
      "type": "Feature",
      "geometry": {
        "type": "Point",
        "coordinates": [
          131.46693,
          34.169419
        ]
      },
      "properties": {
        "name": "YCAM （山口情報芸術センター）（Yamaguchi Art and Information Center）",
        "説明・詳細（日本語）": "2025年2月8日に、鷺流狂言の特別公演が行われました。",
        "説明・詳細（英語）": "On February 8, 2025, a special performance of Sagi-ryu Kyogen was held.",
        "写真枚数": 0,
        "写真URL①": null,
        "写真URL②": null,
        "写真URL③": null,
        "写真URL④": null,
        "写真URL⑤": null
      }
    },
    {
      "type": "Feature",
      "geometry": {
        "type": "Point",
        "coordinates": [
          131.478133,
          34.183589
        ]
      },
      "properties": {
        "name": "山口ふるさと伝承総合センター(The Yamaguchi Furusato Heritage Center)",
        "説明・詳細（日本語）": "山口鷺流狂言のAI体験ゲームが設置されています。",
        "説明・詳細（英語）": "An AI experience game of Yamaguchi Sagi-ryu Kyogen has been installed.",
        "写真枚数": 0,
        "写真URL①": null,
        "写真URL②": null,
        "写真URL③": null,
        "写真URL④": null,
        "写真URL⑤": null
      }
    },
    {
      "type": "Feature",
      "geometry": {
        "type": "Point",
        "coordinates": [
          131.475059,
          34.182947
        ]
      },
      "properties": {
        "name": "山口県教育会館(Yamaguchi Education Hall)",
        "説明・詳細（日本語）": "毎年11月に、能楽堂で鷺流狂言定期公演がありますが、雨天時の場合はこちらで行われます。",
        "説明・詳細（英語）": "Every November, there is a regular performance of Sagi-ryu Kyogen at the Nohgakudo, but in case of rain, it will be held here.",
        "写真枚数": 0,
        "写真URL①": null,
        "写真URL②": null,
        "写真URL③": null,
        "写真URL④": null,
        "写真URL⑤": null
      }
    },
    {
      "type": "Feature",
      "geometry": {
        "type": "Point",
        "coordinates": [
          131.480869,
          34.187389
        ]
      },
      "properties": {
        "name": "野田神社能楽堂（Noda Shrine Noh Theater）",
        "説明・詳細（日本語）": "鷺流狂言保存会の方々が活動されています\r\n11月に子供狂言発表会があり、同じ頃京都の能楽堂でも雨戸が外されて舞台を見ることが出来ます",
        "説明・詳細（英語）": "Members of the Sagiryū Kyōgen Preservation Society are active.\r\nIn November, there is a children's kyōgen performance, and around the same time, the shutters are removed at Kyoto's Noh theater, allowing visitors to see the stage.",
        "写真枚数": 1,
        "写真URL①": "https://lh3.googleusercontent.com/d/1609frb1z0k_Q_Ltc9fPWTRTWZ0d_qS4X",
        "写真URL②": null,
        "写真URL③": null,
        "写真URL④": null,
        "写真URL⑤": null
      }
    },
    {
      "type": "Feature",
      "geometry": {
        "type": "Point",
        "coordinates": [
          131.476842,
          34.176362
        ]
      },
      "properties": {
        "name": "ちょうちんまつりの始まり　(The Beginning of the Lantern Festival)",
        "説明・詳細（日本語）": "およそ600年前に大内盛見が父母の冥福を祈り、七日盆の夜に笹竹の上に灯篭を灯したのが始まりと言われています。\r\n現在では中心商店街や亀山までの通りを中心に、赤地に大きな白丸の美しい提灯が笹の上で灯され、辺りいっぱいに鮮やかな朱色の光が溢れ、幻想的な風景を作っています。",
        "説明・詳細（英語）": "It is said to have begun about 600 years ago when Ouchi Morimi lit lanterns atop bamboo on the seventh night of the Bon Festival to pray for the repose of his parents' souls.\r\nToday, beautiful lanterns—red with large white circles—are lit on bamboo along the main shopping street and the road leading to Kameyama. The area overflows with vivid vermilion light, creating a fantastical scene.",
        "写真枚数": 0,
        "写真URL①": null,
        "写真URL②": null,
        "写真URL③": null,
        "写真URL④": null,
        "写真URL⑤": null
      }
    },
    {
      "type": "Feature",
      "geometry": {
        "type": "Point",
        "coordinates": [
          131.476564,
          34.177272
        ]
      },
      "properties": {
        "name": "笠置堂跡〈菅原道真公の伝説〉　（Kasagido Ruins 〈Legend of Lord Sugawarano Michizane〉）",
        "説明・詳細（日本語）": "菅原道真公が大宰府に向かう途中、この周辺に立ち寄り休息されたときに笠を置き忘れたという伝説があります。笠置という地名はこれに由来しています。\r\n現在はお堂がなくなってしまい、広場になっています。菅原道真公を祀る「笠置天神祭」が毎年8月に開かれ、商店街の方々が商売繁盛を祈って神事を執り行ってらっしゃいます。その時期以外は斎藤邸のお庭に祀られています。",
        "説明・詳細（英語）": "There is a legend that when Lord Sugawarano Michizane was traveling to Dazaifu, he stopped to rest in this area and left his hat behind. The place name Kasagi originates from this story.\r\nThe shrine hall no longer exists, and the site is now a plaza. The “Kasagi Tenjin Festival,” honoring Sugawara no Michizane, is held every August. Local merchants perform rituals here to pray for prosperous business. Outside of this period, the deity is enshrined in the garden of the Saito Residence.",
        "写真枚数": 4,
        "写真URL①": "https://lh3.googleusercontent.com/d/1A06JjIVgDZvAJqnP-HS9eZka8ZxvhR86",
        "写真URL②": "https://lh3.googleusercontent.com/d/10WKyejQUHqK5YM8kqFpyr3n6VAGpf0l6",
        "写真URL③": "https://lh3.googleusercontent.com/d/1uYKjqo5DD7Ek1pUa3Q8b5HFlNStb4KvZ",
        "写真URL④": "https://lh3.googleusercontent.com/d/1jzRIdexYyGma07MqQ-jqoXaZOd8DVXhg",
        "写真URL⑤": null
      }
    },
    {
      "type": "Feature",
      "geometry": {
        "type": "Point",
        "coordinates": [
          131.48872,
          34.178444
        ]
      },
      "properties": {
        "name": "古熊神社（Furukuma Shrine）",
        "説明・詳細（日本語）": "菅原道真公は、901年に大宰権帥として京都から大宰府(福岡県)に左遷されました。幼かった福部童子は京都に残りましたが、父親がいない寂しさに耐えかねて大宰府に行った父親の後を追って従者を連れて歩いて大宰府への旅に出発しました。\r\nしかし、途中で夏病みにかかってしまい、山口市の今市という町で倒れてしまいました。「もう一度父にお会いしたかった」という福部童子の声を聴いた従者が大宰府にいる道真公のもとに急ぎました。哀れに思った道真公は、自身の肖像を御簾に描かせ、倒れている福部童子に贈りました。\r\nその御簾は「御簾天神」として、この神社に大切に保存されています。\r\n350年以上が過ぎ、山口が大内氏に治められていた頃のことです。当時のお殿様だった大内弘世が京都の北野天満宮から道真公の御神霊を勧請して鎮座され、福部童子を配祀し、「山口北野天神」「今天満宮」と称されました。こうして、道真公と福部童子は親子で再び共にいられるようになったのです。",
        "説明・詳細（英語）": "In 901, Lord Sugawara no Michizane was demoted from Kyoto to Dazaifu (Fukuoka Prefecture) as Governor of Dazaifu. His young son, Fukube no Dōji, remained in Kyoto. Unable to bear the loneliness of his father's absence, he set out on foot with his attendants, following his father to Dazaifu.\r\nHowever, he fell ill with summer sickness along the way and collapsed in the town of Imaichi in Yamaguchi City. Hearing the boy's plea, “I wanted to see my father one more time,” his attendant hurried to Lord Michizane in Dazaifu. Moved by pity, Lord Michizane had his portrait painted on a misu and sent it to the stricken boy.\r\nThat misu, known as the “Misu Tenjin,” is treasured and preserved at this shrine.\r\nOver 350 years later, during the period when Yamaguchi was ruled by the Ōuchi clan, Lord Ōuchi Hiroyo, the feudal lord at the time, invited the divine spirit of Lord Dōjin from Kitano Tenmangū in Kyoto to enshrine here. He also enshrined Fukube Dōji alongside him, naming the shrine “Yamaguchi Kitano Tenjin” or “Tenman-gū.” Thus, Lord Dōjin and Fukube Dōji were reunited as father and son once more.",
        "写真枚数": 1,
        "写真URL①": "https://lh3.googleusercontent.com/d/15DopFTZwwmquonippkd5cM93JcjdBDeJ",
        "写真URL②": null,
        "写真URL③": null,
        "写真URL④": null,
        "写真URL⑤": null
      }
    },
    {
      "type": "Feature",
      "geometry": {
        "type": "Point",
        "coordinates": [
          131.725323,
          34.400235
        ]
      },
      "properties": {
        "name": "狐塚古墳（Kitsunezuka kofuna/ancient tomb）",
        "説明・詳細（日本語）": "前方後円墳で6世紀頃に栄えた豪族のものと言われています。\r\n勾玉や須恵器が出土しているそうです。",
        "説明・詳細（英語）": "It is said to be the tomb of a powerful clan that flourished around the 6th century, shaped as a keyhole-shaped mound.\r\nMagatama and Sue ware have been excavated from the site.",
        "写真枚数": 2,
        "写真URL①": "https://lh3.googleusercontent.com/d/1FjHBm7a9w8v6EO7WK8eaGWTXcTXpNy7K",
        "写真URL②": "https://lh3.googleusercontent.com/d/1lT1Zg6kTJIw1jfbwEU3CH8UKKieqpV7w",
        "写真URL③": null,
        "写真URL④": null,
        "写真URL⑤": null
      }
    },
    {
      "type": "Feature",
      "geometry": {
        "type": "Point",
        "coordinates": [
          131.479866,
          34.174872
        ]
      },
      "properties": {
        "name": "菅原福部塚〈菅原道真公の子のお墓〉（Sugawara Fukubezuka (Tomb of Sugawarano Michizane's Son)）",
        "説明・詳細（日本語）": "菅原道真公の子、福部童子を埋葬したところと伝えられています。地元の人が平安時代から千年以上守ってきており、綺麗に保存されています。菅原道真公は、901年に大宰権帥として京都から大宰府(福岡県)に左遷されました。幼かった福部童子は京都に残りましたが、父親がいない寂しさに耐えかねて大宰府に行った父親の後を追って従者を連れて歩いて大宰府への旅に出発しました。\\nしかし、途中で夏病みにかかってしまい、この今市という町で倒れてしまいました。「もう一度父にお会いしたかった」という福部童子の声を聴いた従者が大宰府にいる道真公のもとに急ぎました。哀れに思った道真公は、自身の肖像を御簾に描かせ、倒れている福部童子に贈りました。その御簾を病床から見た福部童子は、「ああ、父がここにいらしてくださった。」と感激したそうです。福部童子の病状は良くならず、今市で亡くなってしまいましたが、亡くなる前に「この町の子供たちが夏病みにかからないように、私がお守りしましょう」と言葉を残されたそうです。今市では、1000年以上の歴史を持つ「福部童子祭」が彼の命日の8月26日に毎年開かれています。また、道真公の御簾は古熊神社に大切に保存されています。",
        "説明・詳細（英語）": "It is said to be the burial site of Fukube-dōji, the son of Lord Sugawara no Michizane. Local residents have protected it for over a thousand years since the Heian period, and it is beautifully preserved.In 901, Lord Sugawarano Michizane was demoted from Kyoto to Dazaifu (Fukuoka Prefecture) as Governor of Dazaifu. Though the young Fukube Dōji remained in Kyoto, unable to bear the loneliness of his father's absence, he set out on foot with his attendants, following his father to Dazaifu. However, he fell ill with summer sickness along the way and collapsed in this town of Imaichi. Hearing the boy's plea, “I wanted to see my father one more time,” his attendant hurried to Lord Sugawara in Dazaifu. Moved by pity, Lord Sugawara had his portrait painted on a misu and sent it to the stricken boy. Seeing the misu from his sickbed, Fukube Dōji is said to have exclaimed with deep emotion, “Ah, my father has come here to me.” Fukube Dōji's condition did not improve, and he passed away in Imaichi. Before his death, he is said to have left these words: “I will protect the children of this town so they do not fall ill with summer sickness.” In Imaichi, the “Fukube Dōji Festival,” with over 1000 years of history, is held annually on August 26th, the anniversary of his death. Furthermore, Lord Dōji's misu is carefully preserved at Furukuma Shrine.",
        "写真枚数": 1,
        "写真URL①": "https://lh3.googleusercontent.com/d/1Tw_dD2Rl5o2Ro_GwYO1dgFg8GMj3dj_R",
        "写真URL②": null,
        "写真URL③": null,
        "写真URL④": null,
        "写真URL⑤": null
      }
    },
    {
      "type": "Feature",
      "geometry": {
        "type": "Point",
        "coordinates": [
          131.461684,
          34.170269
        ]
      },
      "properties": {
        "name": "白狐伝説（The Legend of the White Fox）",
        "説明・詳細（日本語）": "村のお寺にあった小さな池に、ケガをした一匹の白狐が毎晩傷ついた足をつけにやって来ていました。\r\nその様子を眺めていた和尚さんが、夜明け近くになってようやく去って行く白狐の住みかをのぞいてみたところ、そこは、お寺の北東にある峰の中腹で、かつて二十四世大内弘世（ひろよ）公が紀伊の熊野三所権現を迎えてお祀りした権現山だったのです。\r\n不思議に思った和尚さんが、白狐をつけていた池の水をすくってみると、なんとほんのり温かい。そこで、さらに深く掘ってみたところ、なんと大量の湯がこんこんと湧き出てきたのです。和尚さんが掘った池から出てきたのは、実は温かい湯だけではありませんでした。土の中からは同時に薬師如来の金像が現れたのです。喜んだ和尚さんは池を屋根で覆い、傍らに仏堂を建てて薬師如来を安置し、湯田温泉を鎮護する仏としたのです。（湯田温泉旅館協同組合HPより引用）",
        "説明・詳細（英語）": "Every night, an injured white fox would come to soak its wounded paw in a small pond at the village temple.\r\nWatching this, the priest looked in the fox's dwelling as it finally departed near dawn. It was located halfway up a peak northeast of the temple—Mount Gongen, where the twenty-fourth head feudal lord  , Hiroyo Ōuchi, had once enshrined the Kumano Sanzan deities from Kii.\r\nIntrigued, the priest scooped water from the pond where the fox bathed and found it was faintly warm. Digging deeper, he discovered a gushing spring of hot water. But what emerged from the pond the priest dug was not just warm water. Simultaneously, a golden statue of the Medicine Buddha appeared from the earth. Delighted, the priest covered the pond with a roof, built a small temple beside it to enshrine the Medicine Buddha, and established it as the guardian Buddha of Yuda Hot Springs. (Quoted from the Yuda Hot Springs Inn Cooperative Association website)",
        "写真枚数": 0,
        "写真URL①": null,
        "写真URL②": null,
        "写真URL③": null,
        "写真URL④": null,
        "写真URL⑤": null
      }
    },
    {
      "type": "Feature",
      "geometry": {
        "type": "Point",
        "coordinates": [
          131.474247,
          34.160487
        ]
      },
      "properties": {
        "name": "姫山伝説 Legend of Princess Mountain",
        "説明・詳細（日本語）": "大内氏が栄えていたころ、この周辺に絶世の美女が住んでいました。時の権力者であるお殿様が彼女を娶ろうと考えて、様々な言葉をかけ、様々な条件を出して彼女に迫りましたが、彼女は頑なに拒み続けました。\r\nお殿様は激怒して、この山の上の井戸に彼女を吊るしおろして殺してしまいました。彼女は亡くなる直前に、「私のような容姿の良い人が生まれるから悲惨な目に遭ってしまうのだ。この山から見える辺りの後世の女性は、美しく生まれてきませんように」と呪いをかけたそうです。",
        "説明・詳細（英語）": "During the heyday of the Ōuchi clan, a peerless beauty lived in these parts. The feudal lord, the powerful ruler of the time, sought to marry her. He tried every persuasive tactic, offering various conditions, but she stubbornly refused him.\r\nEnraged, the lord had her hanged and killed at the well atop this mountain. It is said that just before her death, she cursed: “Because someone as beautiful as I was born, such tragic things happen. May no woman born in future generations in the lands visible from this mountain be born beautiful.”",
        "写真枚数": 1,
        "写真URL①": "https://lh3.googleusercontent.com/d/1pGI8ah-qZb4U1TKrnljeD5hNOqOY2CXG",
        "写真URL②": null,
        "写真URL③": null,
        "写真URL④": null,
        "写真URL⑤": null
      }
    },
    {
      "type": "Feature",
      "geometry": {
        "type": "Point",
        "coordinates": [
          131.477991,
          34.174308
        ]
      },
      "properties": {
        "name": "福部童子(菅原道真公のご子息)が亡くなった地 The place where son of Lord Sugawara no Michizane(famous figure) passed away",
        "説明・詳細（日本語）": "菅原道真公は、901年に大宰権帥として京都から大宰府(福岡県)に左遷されました。末の子で、わずか11歳と幼かった福部童子は京都に残りましたが、父親がいない寂しさに耐えかねて大宰府に行った父親の後を追って従者を連れて歩いて大宰府への旅に出発しました。\r\nしかし、途中で夏病みにかかってしまい、最終的にこの御旅所がある今市という町で倒れてしまいました。「もう一度父にお会いしたかった」という福部童子の声を聴いた従者が大宰府にいる道真公のもとに急ぎました。哀れに思った道真公は、自身の肖像を御簾に描かせ、倒れている福部童子に贈りました。その御簾を病床から見た福部童子は、「ああ、父がここにいらしてくださった。」と感激したそうです。\r\n福部童子の病状は良くならず、今市で亡くなってしまいましたが、亡くなる前に「この町の子供たちが夏病みにかからないように、私がお守りしましょう」と言葉を残されたそうです。\r\n今市では、1000年以上の歴史を持つ「福部童子祭」が彼の命日の8月26日に毎年開かれています。\r\nまた、道真公の御簾は古熊神社に大切に保存されています。",
        "説明・詳細（英語）": "In 901, Lord Sugawara no Michizane was demoted from Kyoto to Dazaifu (Fukuoka Prefecture) as Governor of Dazaifu. Though the young Fukube Dōji remained in Kyoto, unable to bear the loneliness of his father's absence, he set out on foot with his attendants, following his father to Dazaifu.\r\nHowever, he fell ill with summer sickness along the way and ultimately collapsed in the town of Imaichi, where this shrine stands. Hearing the boy's plea, “I wanted to see my father one more time,” his attendant hurried to Lord Michizane in Dazaifu. Moved by pity, Lord Michizane had his portrait painted on a bamboo screen and sent it to the stricken boy. Seeing this screen from his sickbed, Fukube Dōji is said to have exclaimed with deep emotion, “Ah, my father has come here to me.”\r\nFukube Dōji's condition did not improve, and he passed away in Imaichi. Before his death, he is said to have left these words: “I will protect the children of this town so they do not fall ill during summer.”\r\nIn Imaichi, the Fukube Dōji Festival, with over 1,000 years of history, is held annually on August 26th, the anniversary of his death.\r\nFurthermore, the bamboo blinds used by Lord Michizane are carefully preserved at Furukuma Shrine.",
        "写真枚数": 1,
        "写真URL①": "https://lh3.googleusercontent.com/d/1iIRDUyhoVkwfOaOnSfnjzSc0rTFz00R4",
        "写真URL②": null,
        "写真URL③": null,
        "写真URL④": null,
        "写真URL⑤": null
      }
    },
    {
      "type": "Feature",
      "geometry": {
        "type": "Point",
        "coordinates": [
          131.478754,
          34.168674
        ]
      },
      "properties": {
        "name": "鰐石(わにし)の重岩(Wanishi/view spot))",
        "説明・詳細（日本語）": "古くから景勝地として親しまれている、二つの大石が重なっている奇石です。この付近は蛍の名所およびゲンジボタルの発生地でもあります。その蛍は姫山の美女の魂とも…。\r\n大内氏の時代は、町の市恵比寿として祀られ、2つ重なっている岩になぞらえて2つ重なった餅を備え売るようになったそうです。\r\nまた、毛利氏の時代になると、重ね餅が萩にも伝わり、萩では重ね餅に棒を刺し、その餅の穴を通して見ると、あの世にいる親が見えるという言い伝えがあるそうです。\r\nかつては、この石によって川の流れがさえぎられて淵ができていたようです。現在その面影はありませんが、この付近を鰐石川という川がながれていたとされています。\r\n山口では昔から有名な場所です。少なくとも室町時代にはあったようです。色々な人がここを詩に詠んだり、また待ち合わせや見送りの場所としても目印にしたりしました。",
        "説明・詳細（英語）": "This unique rock formation, featuring two large stones stacked atop one another, has long been cherished as a scenic spot. The surrounding area is also renowned for its fireflies and is a breeding ground for the Genji firefly. These fireflies are said to be the souls of a beautiful woman from Mount Hime...\r\nDuring the Ōuchi clan era, it was enshrined as the town's Ebisu deity. People began offering and selling stacked rice cakes, mirroring the two overlapping rocks.\r\nLater, under the Mōri clan, these stacked cakes spread to Hagi. There, legend holds that if you pierce the stacked cake with a stick and look through the hole, you can see your parents in the afterlife.\r\nIn the past, this rock apparently blocked the river's flow, creating a pool. While no trace remains today, it is believed the Waniishi River once flowed through this area.\r\nThis has long been a famous spot in Yamaguchi. It seems to have existed at least since the Muromachi period. Many people have composed poems about it, and it served as a landmark for meeting or seeing off loved ones.",
        "写真枚数": 2,
        "写真URL①": "https://lh3.googleusercontent.com/d/1j15-J80kBkhySaIQxufbYuji9XkjK0fG",
        "写真URL②": "https://lh3.googleusercontent.com/d/1LoXBrnYQvT9xliUF4qlIr_toDBUoarOo",
        "写真URL③": null,
        "写真URL④": null,
        "写真URL⑤": null
      }
    },
    {
      "type": "Feature",
      "geometry": {
        "type": "Point",
        "coordinates": [
          131.439357,
          34.153277
        ]
      },
      "properties": {
        "name": "JA直売所　ぶちええ菜（Buchieena/local shop）",
        "説明・詳細（日本語）": "新鮮野菜がたくさんあります。\r\n奥には、鮮魚コーナーもあり、お刺身まで手に入ります。",
        "説明・詳細（英語）": "We have plenty of fresh vegetables.",
        "写真枚数": 2,
        "写真URL①": "https://lh3.googleusercontent.com/d/1dybSNUAgh2QP7HhRmerr0tzNN1XUpy8I",
        "写真URL②": "https://lh3.googleusercontent.com/d/1MRAL1bmuPW5AUGvrJwt-mUYNR4yabcy4",
        "写真URL③": null,
        "写真URL④": null,
        "写真URL⑤": null
      }
    },
    {
      "type": "Feature",
      "geometry": {
        "type": "Point",
        "coordinates": [
          131.477492,
          34.18177
        ]
      },
      "properties": {
        "name": "お茶の鴻雪園　（Kōsetsuen Tea Garden）",
        "説明・詳細（日本語）": "昭和24年創業のお茶屋さんです。近くを通ると、お茶の良い香りが漂ってきて、お店に引き寄せられます。写真は、抹茶ソフトとほうじ茶ソフトです。 お土産にはルイボスティーを買いました。",
        "説明・詳細（英語）": "This tea shop was established in 1949. Passing by, the delightful aroma of tea wafts out, drawing you into the shop. Pictured are matcha soft serve and hōjicha soft serve. For souvenirs, I bought some rooibos tea.",
        "写真枚数": 1,
        "写真URL①": "https://lh3.googleusercontent.com/d/112GkxG36GYZAymjEX5xW0Dn98puzyINx",
        "写真URL②": null,
        "写真URL③": null,
        "写真URL④": null,
        "写真URL⑤": null
      }
    },
    {
      "type": "Feature",
      "geometry": {
        "type": "Point",
        "coordinates": [
          131.417556,
          34.079376
        ]
      },
      "properties": {
        "name": "きまぐれ直売所（Whimsical  farmer's market）",
        "説明・詳細（日本語）": "地元の方々が、毎月偶数日にとれたての野菜を販売されている。JAに持っていく前にまずここで売りたい野菜を選別されるほどの力の入れよう。オクラ100円、椎茸150円、メダカ10匹500円",
        "説明・詳細（英語）": "Local residents sell freshly harvested vegetables here every even numbered days of the month. They Local residents sell freshly harvested vegetables here every even numbered days of the month. They put effort into  their produce that they sort the vegetables they want to sell here first, before taking them to the JA. Okra: 100 yen Shiitake mushrooms: 150 yen 10 medaka fish: 500",
        "写真枚数": 3,
        "写真URL①": "https://lh3.googleusercontent.com/d/1YlS66yGCATj5-upVX3pv54h-ZVycmVlE",
        "写真URL②": "https://lh3.googleusercontent.com/d/1pfM95oFYmUJCrozhgBzT_IvGF44Eow7c",
        "写真URL③": "https://lh3.googleusercontent.com/d/1JPVgFcU4jdYeGHfapPUdLVTbMPGqWC7a",
        "写真URL④": null,
        "写真URL⑤": null
      }
    },
    {
      "type": "Feature",
      "geometry": {
        "type": "Point",
        "coordinates": [
          131.440768,
          34.162063
        ]
      },
      "properties": {
        "name": "クロスランド山口総本店(CrossLand/stationery",
        "説明・詳細（日本語）": "お店に入ってすぐ右側、ネオンの看板が目を引くコーナーでは、山口県民が大好きなものとコラボしたお土産が多数並んでいます。巾着、便箋、タンブラー、マスキングテープなどのコラボ商品があります。個人的には、山口県のシンボルキャラクターである「ふくだるま」のキーホルダー800円がずっと気になっています。ぜひ、山口県民の大好きなものを知って、持って帰って、山口愛を深めてください！",
        "説明・詳細（英語）": "Just inside the entrance on the right, the neon sign draws your eye to a corner filled with souvenirs featuring collaborations with items beloved by Yamaguchi locals. You'll find collaboration goods like drawstring pouches, stationery, tumblers, and masking tape. Personally, I've had my eye on the Fukudaruma keychain for ¥800—it's Yamaguchi Prefecture's symbol character! Be sure to discover what Yamaguchi locals love, take some home, and deepen your love for Yamaguchi!",
        "写真枚数": 2,
        "写真URL①": "https://lh3.googleusercontent.com/d/1-wxJZiydc9zLYm2qipJshunn_cd309GH",
        "写真URL②": "https://lh3.googleusercontent.com/d/12w-dWdzAmNj9pVsL0ycAXDeYyuPlyX_V",
        "写真URL③": null,
        "写真URL④": null,
        "写真URL⑤": null
      }
    },
    {
      "type": "Feature",
      "geometry": {
        "type": "Point",
        "coordinates": [
          131.454994,
          34.164379
        ]
      },
      "properties": {
        "name": "ホテル喜良久（Hotel Kiraku）",
        "説明・詳細（日本語）": "湯田温泉の源泉100％、お肌に優しい無添加のミスト化粧水「ゆだうるる」を販売されています。",
        "説明・詳細（英語）": "Yuda Onsen's 100% natural spring water, gentle on the skin, additive-free mist lotion “Yuda Ururu” is available for purchase.",
        "写真枚数": 2,
        "写真URL①": "https://lh3.googleusercontent.com/d/1LIrsppvBQ0Fbo0Ow2TOkHngYvqtPzdwn",
        "写真URL②": "https://lh3.googleusercontent.com/d/1xGvCpEomDESr03j-FaN9fHdu_MBgN1nk",
        "写真URL③": null,
        "写真URL④": null,
        "写真URL⑤": null
      }
    },
    {
      "type": "Feature",
      "geometry": {
        "type": "Point",
        "coordinates": [
          131.478902,
          34.178477
        ]
      },
      "properties": {
        "name": "モリイケ(Moriike/stationery)",
        "説明・詳細（日本語）": "地域の人に親しまれている老舗文具専門店です。創業は1808年。二階に上がると昔使われていた道具を見ることができます。\r\n商品の種類がとても多く、店内を歩き回っているだけで宝探し気分です。\r\n店員さんのハイクオリティな商品ポップも有名です。何度か菜香亭で展示会が行われたぐらいです。ポップのファンも多いです。",
        "説明・詳細（英語）": "This long-established stationery specialty store is beloved by locals. Founded in 1808, you can see tools used in the past on the second floor.\r\nThe sheer variety of products makes simply wandering around the store feel like a treasure hunt.\r\nThe staff's high-quality product displays are also famous. They've even been featured in exhibitions at Saikoutei several times. They have many fans.",
        "写真枚数": 1,
        "写真URL①": "https://lh3.googleusercontent.com/d/1DsSrLO_cxj1sEAFh8oSh1QMWIBMpQdEY",
        "写真URL②": null,
        "写真URL③": null,
        "写真URL④": null,
        "写真URL⑤": null
      }
    },
    {
      "type": "Feature",
      "geometry": {
        "type": "Point",
        "coordinates": [
          131.7032,
          34.159545
        ]
      },
      "properties": {
        "name": "ロハス島地温泉　朝市（LOHAS Shimaji hot spring/market ）",
        "説明・詳細（日本語）": "日帰り温泉施設、ロハス島地温泉内で地元の野菜や苗物などの販売をしています。出雲ファームの玉子を買って帰り卵かけご飯にしたら、絶品でした。",
        "説明・詳細（英語）": "At the day-trip hot spring facility, Lohas Shima Onsen, we sell local vegetables and seedlings. I bought eggs from Izumo Farm to take home and had them over rice—absolutely delicious.",
        "写真枚数": 1,
        "写真URL①": "https://lh3.googleusercontent.com/d/1q8lwM26sn13SJ4jsQ8X9g-pXUiUWyh4q",
        "写真URL②": null,
        "写真URL③": null,
        "写真URL④": null,
        "写真URL⑤": null
      }
    },
    {
      "type": "Feature",
      "geometry": {
        "type": "Point",
        "coordinates": [
          131.457387,
          34.164717
        ]
      },
      "properties": {
        "name": "原田酒舗（HARADA SHUHO/sake shop）",
        "説明・詳細（日本語）": "山口の地酒を豊富に取り揃えておられます。店内には、山口県の形に蔵元の場所・主なお酒を記した掲示もあります。地元の人も足繁く通うお店です。 贈答用に、そして、今夜のお楽しみに。好みを伝えると、店員さんが相談にのってくださいます。",
        "説明・詳細（英語）": "We carry an extensive selection of Yamaguchi's local sake. Inside the shop, you'll find a display showing the locations of breweries and their main offerings, laid out in the shape of Yamaguchi Prefecture. It's a shop frequented by locals. For gifts, and for tonight's enjoyment. Tell us your preferences, and our staff will be happy to advise you.",
        "写真枚数": 1,
        "写真URL①": "https://lh3.googleusercontent.com/d/1O3u345DDv-B0PLR_sxrOc1ATzkUNBnuF",
        "写真URL②": null,
        "写真URL③": null,
        "写真URL④": null,
        "写真URL⑤": null
      }
    },
    {
      "type": "Feature",
      "geometry": {
        "type": "Point",
        "coordinates": [
          131.475433,
          34.174348
        ]
      },
      "properties": {
        "name": "山城屋酒造（Yamashiroya sake brewery）",
        "説明・詳細（日本語）": "山城屋酒造は、山口で400年の歴史がある酒造だそうです。山口県産のお米や山口大神宮の伏流水を使い「メイドイン山口」の酒づくりをしておられます。 店頭には地酒がたくさん並んでいます。",
        "説明・詳細（英語）": "Yamashiroya Sake Brewery has a 400-year history in Yamaguchi. They craft “Made in Yamaguchi” sake using locally grown Yamaguchi rice and underground spring water from Yamaguchi Daijingu Shrine. Their storefront displays a wide selection of local sake.",
        "写真枚数": 1,
        "写真URL①": "https://lh3.googleusercontent.com/d/1DEU2kCci4bFEObt2PHVLMyDxnv8tl587",
        "写真URL②": null,
        "写真URL③": null,
        "写真URL④": null,
        "写真URL⑤": null
      }
    },
    {
      "type": "Feature",
      "geometry": {
        "type": "Point",
        "coordinates": [
          131.576541,
          34.30382
        ]
      },
      "properties": {
        "name": "道の駅　長門峡　（Roadside StationChomonkyo）",
        "説明・詳細（日本語）": null,
        "説明・詳細（英語）": null,
        "写真枚数": 2,
        "写真URL①": "https://lh3.googleusercontent.com/d/1MIHGPFDY1o861MzJdsr5RC029PS-TD7c",
        "写真URL②": "https://lh3.googleusercontent.com/d/1FXAD8Zls-Fh5-Ml4MAwGyX0exh9P23Tt",
        "写真URL③": null,
        "写真URL④": null,
        "写真URL⑤": null
      }
    },
    {
      "type": "Feature",
      "geometry": {
        "type": "Point",
        "coordinates": [
          131.65962,
          34.190506
        ]
      },
      "properties": {
        "name": "南大門（Nandaimon/local shop）",
        "説明・詳細（日本語）": "特産品の販売所です。花の苗や新鮮野菜など、その時期のオススメが並びます。",
        "説明・詳細（英語）": "This is a specialty product sales counter. Seasonal recommendations like flower seedlings and fresh vegetables are displayed here.",
        "写真枚数": 0,
        "写真URL①": null,
        "写真URL②": null,
        "写真URL③": null,
        "写真URL④": null,
        "写真URL⑤": null
      }
    },
    {
      "type": "Feature",
      "geometry": {
        "type": "Point",
        "coordinates": [
          131.60486,
          34.320755
        ]
      },
      "properties": {
        "name": "米の駅　あとう（Kome-no-eki Ato/rice shop）",
        "説明・詳細（日本語）": "阿東地域は県内でも有数の米どころです。\r\nきれいな水と寒暖差で、極上のお米が作られています。\r\n特にオススメなのは、やっぱり阿東のコシヒカリ。",
        "説明・詳細（英語）": "The Ato region is one of the leading rice-producing areas in the prefecture.\r\nIts pristine water and significant temperature variations yield premium rice.\r\nThe top recommendation is undoubtedly Ato's Koshihikari.",
        "写真枚数": 0,
        "写真URL①": null,
        "写真URL②": null,
        "写真URL③": null,
        "写真URL④": null,
        "写真URL⑤": null
      }
    },
    {
      "type": "Feature",
      "geometry": {
        "type": "Point",
        "coordinates": [
          131.482374,
          34.174692
        ]
      },
      "properties": {
        "name": "山口駅近く（near Yamaguchi Station）",
        "説明・詳細（日本語）": "山口駅と上山口駅の間の踏切脇から撮影しました。どこに居ても、SLの汽笛が聞こえたら思わず足が向きます。",
        "説明・詳細（英語）": "I took this photo beside the railroad crossing between Yamaguchi Station and Kamiyamaguchi Station. No matter where I am, whenever I hear the steam locomotive's whistle, my feet just carry me there.",
        "写真枚数": 1,
        "写真URL①": "https://lh3.googleusercontent.com/d/1JhKHGWBYYfdQ17PofgEYn4ieMHzszsXa",
        "写真URL②": null,
        "写真URL③": null,
        "写真URL④": null,
        "写真URL⑤": null
      }
    },
    {
      "type": "Feature",
      "geometry": {
        "type": "Point",
        "coordinates": [
          131.472788,
          34.182895
        ]
      },
      "properties": {
        "name": "山口県立山口博物館（ The Yamaguchi Prefectural Museum）",
        "説明・詳細（日本語）": "今はもう動かないSL。\r\n引退した車両が博物館の敷地内（屋外）に飾られています。\r\n動かないかわりに近くまでよれるので、先頭は一緒に写真におさまりたい家族連れで賑わいます。",
        "説明・詳細（英語）": null,
        "写真枚数": 1,
        "写真URL①": "https://lh3.googleusercontent.com/d/12wHUMyxMkTOLx0K6DzsEXZpg3Sn_7RxN",
        "写真URL②": null,
        "写真URL③": null,
        "写真URL④": null,
        "写真URL⑤": null
      }
    },
    {
      "type": "Feature",
      "geometry": {
        "type": "Point",
        "coordinates": [
          131.484933,
          34.182644
        ]
      },
      "properties": {
        "name": "上山口（Kamiyamaguchi Station）",
        "説明・詳細（日本語）": "無人駅で、ホームがひとつしかないので近距離でSLを見ることが出来る！",
        "説明・詳細（英語）": "At this unmanned station, with only one platform, you can see the steam locomotive up close!",
        "写真枚数": 0,
        "写真URL①": null,
        "写真URL②": null,
        "写真URL③": null,
        "写真URL④": null,
        "写真URL⑤": null
      }
    },
    {
      "type": "Feature",
      "geometry": {
        "type": "Point",
        "coordinates": [
          131.39554,
          34.093673
        ]
      },
      "properties": {
        "name": "新山口駅　北口駐車場側より撮影（Shin-Yamaguchi Station）",
        "説明・詳細（日本語）": "新山口駅の北口駐車場の側、駅の外から撮影しました。SLの汽笛が聞こえたら思わず足が向きます。",
        "説明・詳細（英語）": "I took this photo from outside the station, near the north exit parking lot of Shin-Yamaguchi Station. When I hear the steam locomotive's whistle, my feet just carry me there.",
        "写真枚数": 1,
        "写真URL①": "https://lh3.googleusercontent.com/d/1gADl-4SLc2GUUI4KxSdAXGcKcbBdymm5",
        "写真URL②": null,
        "写真URL③": null,
        "写真URL④": null,
        "写真URL⑤": null
      }
    },
    {
      "type": "Feature",
      "geometry": {
        "type": "Point",
        "coordinates": [
          131.466873,
          34.174865
        ]
      },
      "properties": {
        "name": "(山口高校)創立150周年記念　”振り返れば未来”(Fukikaereba mirai/sculpture)",
        "説明・詳細（日本語）": "2021年に設置された、山口高校の70期生の田辺武さんによる作品です。\r\n題名は「Locus of Time -150-」、直訳すると「時間の軌跡」。150年間山高生がここで過ごした時間、卒業してから紡いできた歴史を感じられます。",
        "説明・詳細（英語）": "This work was installed in 2021 by Mr. Takeshi Tanabe, a graduate of the 70th class of Yamaguchi High School.\r\nIts title is “Locus of Time -150-”, which literally translates to “Trajectory of Time”. It allows one to sense the time spent here by Yamaguchi High students over 150 years, and the history they have woven since graduation.",
        "写真枚数": 2,
        "写真URL①": "https://lh3.googleusercontent.com/d/10ERcQXnH2hg3RmfSEPxAQ3GCcjLoQkfo",
        "写真URL②": "https://lh3.googleusercontent.com/d/1V5KI3GwyTPatgxBQ9oTSlJRp6hrke_8P",
        "写真URL③": null,
        "写真URL④": null,
        "写真URL⑤": null
      }
    },
    {
      "type": "Feature",
      "geometry": {
        "type": "Point",
        "coordinates": [
          131.477173,
          34.17449
        ]
      },
      "properties": {
        "name": "おじさん（Dapper gentleman）",
        "説明・詳細（日本語）": "街中に、ステキなおじさん、発見！！",
        "説明・詳細（英語）": "Spotted a wonderful older gentleman in town!!",
        "写真枚数": 1,
        "写真URL①": "https://lh3.googleusercontent.com/d/1-he9rWdZJjIJ09VpSnros-McyoLjfIwY",
        "写真URL②": null,
        "写真URL③": null,
        "写真URL④": null,
        "写真URL⑤": null
      }
    },
    {
      "type": "Feature",
      "geometry": {
        "type": "Point",
        "coordinates": [
          131.448932,
          34.011989
        ]
      },
      "properties": {
        "name": "原田和明（KAZUAKI HARADA）",
        "説明・詳細（日本語）": "山口が誇るオートマタ（西洋からくり）作家、原田和明さん！\r\n普通、オートマタに電子工作の要素はないそうですが、原田さんは電子工作に興味があり、さらに作りたいものを作るために電子工作が必要だったため、現在のスタイルになったそうです。ちなみに、電子工作が必要だとおもったきっかけは、ランダムに動く「あっちむいてほいゲーム」を作りたかったからだそう。",
        "説明・詳細（英語）": "Yamaguchi's proud automaton (Western mechanical device) artist, Kazuaki Harada!\r\nTypically, automatons don't incorporate electronics, but Mr. Harada was interested in electronics. Furthermore, he needed electronics to create the specific things he wanted to make, leading to his current style. Incidentally, the reason he felt electronics were necessary was because he wanted to create a “Look That Way Game” that moved randomly.",
        "写真枚数": 1,
        "写真URL①": "https://lh3.googleusercontent.com/d/18I8oEPx_2ainPSaJlgcespKjZt_rczl2",
        "写真URL②": null,
        "写真URL③": null,
        "写真URL④": null,
        "写真URL⑤": null
      }
    },
    {
      "type": "Feature",
      "geometry": {
        "type": "Point",
        "coordinates": [
          131.456955,
          34.167531
        ]
      },
      "properties": {
        "name": "原田和明（KAZUAKI HARADA）",
        "説明・詳細（日本語）": "山口が誇るオートマタ（西洋からくり）作家、原田和明さん！ 市内秋穂には、原田さんのミュージアム　(Musée Automaton Kazuaki Harada)があり、オートマタの作品をはじめ、手作りのゲーム機が多数展示されています。\r\n原田さんの作品は、さわって、動かしてみることが出来るのが大きな魅力の一つ。こんこんパークには数台のゲーム機が設置されています。",
        "説明・詳細（英語）": null,
        "写真枚数": 2,
        "写真URL①": "https://lh3.googleusercontent.com/d/1U6AraTAXP7hVKd8zd1AEbuFRVcR5rP73",
        "写真URL②": "https://lh3.googleusercontent.com/d/13Lm-KyQgM63YCypcphzlhj4zr4zDsIZO",
        "写真URL③": null,
        "写真URL④": null,
        "写真URL⑤": null
      }
    },
    {
      "type": "Feature",
      "geometry": {
        "type": "Point",
        "coordinates": [
          131.474923,
          34.180153
        ]
      },
      "properties": {
        "name": "山口県立美術館（Yamaguchi Prefectural Art Museum）",
        "説明・詳細（日本語）": "いつもユニークな特別展を開催しています。常設展示では、香月泰男さんをはじめ地元出身アーティストの作品を見ることが出来ます。常設展示（コレクション展）は、70歳以上の方と18歳以下の方は無料です！",
        "説明・詳細（英語）": "We always host unique special exhibitions. In our permanent collection, you can view works by local artists including Yasuo Kazuki. Admission to the permanent collection exhibition is free for visitors aged 70 and over and those 18 and under!",
        "写真枚数": 1,
        "写真URL①": "https://lh3.googleusercontent.com/d/1EBP506cvCz3v7l6ozEfIraJqMgmIoItN",
        "写真URL②": null,
        "写真URL③": null,
        "写真URL④": null,
        "写真URL⑤": null
      }
    },
    {
      "type": "Feature",
      "geometry": {
        "type": "Point",
        "coordinates": [
          131.57645,
          34.3039
        ]
      },
      "properties": {
        "name": "道の駅　長門峡　（Chomonkyo/chain saw art）",
        "説明・詳細（日本語）": "長門峡は、山口市阿東から萩市川上にまたがる阿武川沿いの渓谷です。山口市阿東側のスタート地点「道の駅長門峡」には、チェーンソーアートで有名な林隆雄さんの作品が多数飾られています。",
        "説明・詳細（英語）": "Chomonkyo is a valley along the Abu River, spanning from Ato in Yamaguchi City to Kawakami in Hagi City. At the starting point on the Yamaguchi City Ato side, “Roadside Station Chomonkyo,” numerous works by Takao Hayashi, famous for his chainsaw art, are displayed.",
        "写真枚数": 1,
        "写真URL①": "https://lh3.googleusercontent.com/d/1MRrSwjMlwDJUBdfEhNFqylOpgZbhWxWO",
        "写真URL②": null,
        "写真URL③": null,
        "写真URL④": null,
        "写真URL⑤": null
      }
    },
    {
      "type": "Feature",
      "geometry": {
        "type": "Point",
        "coordinates": [
          131.465948,
          34.168911
        ]
      },
      "properties": {
        "name": "starbucks ",
        "説明・詳細（日本語）": "学校帰りに友達とお茶したり勉強したり……\r\nお世話になっています。",
        "説明・詳細（英語）": "After school, I hang out with friends for tea or study...\r\nThank you for your support.",
        "写真枚数": 1,
        "写真URL①": "https://lh3.googleusercontent.com/d/17Ey5AHBuZcgLYcerdQ7QMWsQg1Fy4L8i",
        "写真URL②": null,
        "写真URL③": null,
        "写真URL④": null,
        "写真URL⑤": null
      }
    },
    {
      "type": "Feature",
      "geometry": {
        "type": "Point",
        "coordinates": [
          131.456992,
          34.167198
        ]
      },
      "properties": {
        "name": "こんこんパーク（Konkon Park）",
        "説明・詳細（日本語）": "自習スペースになります。近くの湯田中学校の生徒にこんこんパークに何をしに行くのか尋ねたところ、「勉強以外に何しにいくんですか」と言っていた生徒も。地元の中高生がよく利用しています。\r\n広いロビー的なところに机が少しだけあるからそこで話したりしてゆっくりできるところがいい！",
        "説明・詳細（英語）": "This is a self-study space. When I asked students from nearby Yuda Junior High what they go to Konkon Park for, one even said, “What else would you go there for besides studying?” Local junior and high school students use it frequently.\r\nIt's great because there are just a few desks in the spacious lobby-like area where you can chat and relax!",
        "写真枚数": 1,
        "写真URL①": "https://lh3.googleusercontent.com/d/11o_7ZaS_ryCT-pELDW9GNqp6lHvbsnFA",
        "写真URL②": null,
        "写真URL③": null,
        "写真URL④": null,
        "写真URL⑤": null
      }
    },
    {
      "type": "Feature",
      "geometry": {
        "type": "Point",
        "coordinates": [
          131.476243,
          34.181499
        ]
      },
      "properties": {
        "name": "山口県立山口図書館(Yamaguchi Prefectural ribrary)",
        "説明・詳細（日本語）": null,
        "説明・詳細（英語）": null,
        "写真枚数": 0,
        "写真URL①": null,
        "写真URL②": null,
        "写真URL③": null,
        "写真URL④": null,
        "写真URL⑤": null
      }
    },
    {
      "type": "Feature",
      "geometry": {
        "type": "Point",
        "coordinates": [
          131.467252,
          34.169587
        ]
      },
      "properties": {
        "name": "中央図書館（central library）",
        "説明・詳細（日本語）": "近くの中高生がよく勉強しています。テスト週間は行列ができるとか。みんな勉強がんばりましょう!!",
        "説明・詳細（英語）": "Nearby junior and high school students often study here. During test weeks, there's even a line forming. Let's all study hard!!",
        "写真枚数": 2,
        "写真URL①": "https://lh3.googleusercontent.com/d/1XltFsb4XO378ZmxK1yo_ID6uW1aWZMSE",
        "写真URL②": "https://lh3.googleusercontent.com/d/1VepFthvRGineCMj5FNX6WbL1zVToCvlQ",
        "写真URL③": null,
        "写真URL④": null,
        "写真URL⑤": null
      }
    },
    {
      "type": "Feature",
      "geometry": {
        "type": "Point",
        "coordinates": [
          131.442237,
          34.156918
        ]
      },
      "properties": {
        "name": "維新公園　噴水　(Ishin Park Fountain)",
        "説明・詳細（日本語）": "維新公園内の噴水のライトアップです。手持ち花火みたいですね。\r\nあなたが落としたのは…という声が聞こえてきそうです。",
        "説明・詳細（英語）": "The fountain illumination at Ishin Park. It looks like handheld fireworks, doesn't it?\r\nI can almost hear someone saying, “What you dropped is...”",
        "写真枚数": 2,
        "写真URL①": "https://lh3.googleusercontent.com/d/1c6igGL-9iTd8KHbRa_mdStk3uU68H7uX",
        "写真URL②": "https://lh3.googleusercontent.com/d/1U0m_f8WAseMGmHBOPmHoWYUXQHFR5T8y",
        "写真URL③": null,
        "写真URL④": null,
        "写真URL⑤": null
      }
    },
    {
      "type": "Feature",
      "geometry": {
        "type": "Point",
        "coordinates": [
          131.440161,
          34.158489
        ]
      },
      "properties": {
        "name": "維新百年記念公園（Ishin 100 MemorialPark）",
        "説明・詳細（日本語）": "公園内は、暗くなってからも散歩できるように街灯が整備されているので、夜桜も楽しめます。",
        "説明・詳細（英語）": "Streetlights are installed throughout the park so you can enjoy evening strolls even after dark, making it possible to appreciate the nighttime cherry blossoms.",
        "写真枚数": 2,
        "写真URL①": "https://lh3.googleusercontent.com/d/1h9pMNHFRS97sLoeFpJJ2fdPjvwfOfv9_",
        "写真URL②": "https://lh3.googleusercontent.com/d/1Kvlzfq4IH2IMUKdB17Nwy-i8bc3thdr_",
        "写真URL③": null,
        "写真URL④": null,
        "写真URL⑤": null
      }
    },
    {
      "type": "Feature",
      "geometry": {
        "type": "Point",
        "coordinates": [
          131.4605,
          34.175856
        ]
      },
      "properties": {
        "name": "坂の上の夜景　(Night view from atop the slope)",
        "説明・詳細（日本語）": "夜通るときに坂道の下の夜景がきれいです",
        "説明・詳細（英語）": "The night view from the bottom of the slope is beautiful when you pass by at night.",
        "写真枚数": 2,
        "写真URL①": "https://lh3.googleusercontent.com/d/1cYm2MSod8HoK3Bq87U1FAXs2Ydyp2e3S",
        "写真URL②": "https://lh3.googleusercontent.com/d/1yGzWMOnkZ2ChhfJ8FsWjKGHA6whr7gmj",
        "写真URL③": null,
        "写真URL④": null,
        "写真URL⑤": null
      }
    },
    {
      "type": "Feature",
      "geometry": {
        "type": "Point",
        "coordinates": [
          131.469097,
          34.183921
        ]
      },
      "properties": {
        "name": "山口大神宮（Ymaguchi Daijingu）",
        "説明・詳細（日本語）": "山口大神宮は「西のお伊勢様」と呼ばれ、地元の人に愛されています。写真は初詣。",
        "説明・詳細（英語）": "Yamaguchi Dijingu is affectionately known as the “Western Ise Shrine” and is beloved by locals. The photo shows the first shrine visit of the year.",
        "写真枚数": 1,
        "写真URL①": "https://lh3.googleusercontent.com/d/1irIZ-c8UtP9zB1sxvsP91adqQhRlCLz8",
        "写真URL②": null,
        "写真URL③": null,
        "写真URL④": null,
        "写真URL⑤": null
      }
    },
    {
      "type": "Feature",
      "geometry": {
        "type": "Point",
        "coordinates": [
          131.397375,
          34.092598
        ]
      },
      "properties": {
        "name": "新山口駅　イルミネーション（Shin-Yamaguchi Station/illumination）",
        "説明・詳細（日本語）": "新幹線口",
        "説明・詳細（英語）": null,
        "写真枚数": 1,
        "写真URL①": "https://lh3.googleusercontent.com/d/1TwcmUdEUOhnou6we3pRH-M8DBeovB5LC",
        "写真URL②": null,
        "写真URL③": null,
        "写真URL④": null,
        "写真URL⑤": null
      }
    },
    {
      "type": "Feature",
      "geometry": {
        "type": "Point",
        "coordinates": [
          131.395444,
          34.093877
        ]
      },
      "properties": {
        "name": "新山口駅 イルミネーション（Shin-Yamaguchi Station/illumination）",
        "説明・詳細（日本語）": "北口",
        "説明・詳細（英語）": null,
        "写真枚数": 5,
        "写真URL①": "https://lh3.googleusercontent.com/d/1KVY8ZzDdX68bWYRiNOzqJWYPTzghTNmz",
        "写真URL②": "https://lh3.googleusercontent.com/d/1UwGDGoKiTOimyHYwUZTaob65gTIRc6ac",
        "写真URL③": "https://lh3.googleusercontent.com/d/11H-sEChOC_SSAXS8tCSWlBf76GQx1IlS",
        "写真URL④": "https://lh3.googleusercontent.com/d/13brYBt08edYpb0vqQItb48jC18F2aXlj",
        "写真URL⑤": "https://lh3.googleusercontent.com/d/12NMqHIumMedCexsmq-HY3CXUy9N4ZXcs"
      }
    },
    {
      "type": "Feature",
      "geometry": {
        "type": "Point",
        "coordinates": [
          131.477712,
          34.181622
        ]
      },
      "properties": {
        "name": "夜桜　一の坂川（Ichinosaka river）",
        "説明・詳細（日本語）": "一ノ坂川沿いは、春になると桜が満開に、初夏には蛍が飛び交います。\r\nライトアップされているので、夜桜も楽しめます。",
        "説明・詳細（英語）": "Along the Ichinosaka River, cherry blossoms bloom in full splendor come spring, and fireflies flit about in early summer.\r\nWith nighttime illumination, you can also enjoy the cherry blossoms after dark.",
        "写真枚数": 1,
        "写真URL①": "https://lh3.googleusercontent.com/d/1gbphB4ut1WlHFXAXN3cJab_wxb9eDEzR",
        "写真URL②": null,
        "写真URL③": null,
        "写真URL④": null,
        "写真URL⑤": null
      }
    },
    {
      "type": "Feature",
      "geometry": {
        "type": "Point",
        "coordinates": [
          131.497031,
          34.156639
        ]
      },
      "properties": {
        "name": "どんどん　大内御堀店（Dondon）",
        "説明・詳細（日本語）": null,
        "説明・詳細（英語）": null,
        "写真枚数": 0,
        "写真URL①": null,
        "写真URL②": null,
        "写真URL③": null,
        "写真URL④": null,
        "写真URL⑤": null
      }
    },
    {
      "type": "Feature",
      "geometry": {
        "type": "Point",
        "coordinates": [
          131.449142,
          34.167358
        ]
      },
      "properties": {
        "name": "どんどん　湯田店　（Dondon）",
        "説明・詳細（日本語）": "山口と言えば・・・と言われるようになったどんどんのうどん。山口出身者も、帰省してくると食べたくなる、懐かしの味です。うどんに炊き込みご飯がセットの学割が、まさかのワンコインで足りる、ありがたいお店です。",
        "説明・詳細（英語）": "When you think of Yamaguchi... it's Dondon's udon. It's a taste locals fondly remember when they return home. At this wonderful shop, they offer a student discount set with udon topped with ingredients and rice for just one coin. It's an unbelievably great deal!",
        "写真枚数": 1,
        "写真URL①": "https://lh3.googleusercontent.com/d/1B7YB2-0I-dFwPABLKZ4-O76QRwDp2JU3",
        "写真URL②": null,
        "写真URL③": null,
        "写真URL④": null,
        "写真URL⑤": null
      }
    },
    {
      "type": "Feature",
      "geometry": {
        "type": "Point",
        "coordinates": [
          131.449517,
          34.161201
        ]
      },
      "properties": {
        "name": "山下　（Yamashita）",
        "説明・詳細（日本語）": "鍋焼きうどんが有名です。ぐつぐつ音がする鍋焼きうどんをご賞味あれ。炊き込みご飯もおいしいです。",
        "説明・詳細（英語）": "Our pot-simmered udon is famous. Savor the bubbling pot-simmered udon. Our rice cooked with ingredients is also delicious.",
        "写真枚数": 2,
        "写真URL①": "https://lh3.googleusercontent.com/d/1ULyNKVt5fQ47R_OugcL8JSdfzzWc2PQ7",
        "写真URL②": "https://lh3.googleusercontent.com/d/1TZgb2D0CSouGdhnGPtTbc9_HPKasH5hi",
        "写真URL③": null,
        "写真URL④": null,
        "写真URL⑤": null
      }
    },
    {
      "type": "Feature",
      "geometry": {
        "type": "Point",
        "coordinates": [
          131.445891,
          34.161774
        ]
      },
      "properties": {
        "name": "勝一（katsuichi）",
        "説明・詳細（日本語）": "毎週土日は行列ができている山口の名店です。11:30頃にいくと、限定販売の「じゃこめし」が食べられる可能性があります。１つ１００円の天ぷら、おにぎり、格安で絶品の讃岐うどんといった地元の人に愛されているうどん屋さんです。",
        "説明・詳細（英語）": "This renowned Yamaguchi restaurant draws long lines every weekend. Arriving around 11:30 a.m. gives you a chance to try their limited-edition “Jakomeshi” rice dish. It's a beloved local spot offering tempura for just 100 yen each, rice balls, and superb Sanuki udon at incredibly affordable prices.",
        "写真枚数": 0,
        "写真URL①": null,
        "写真URL②": null,
        "写真URL③": null,
        "写真URL④": null,
        "写真URL⑤": null
      }
    },
    {
      "type": "Feature",
      "geometry": {
        "type": "Point",
        "coordinates": [
          131.453626,
          34.164915
        ]
      },
      "properties": {
        "name": "湯田製麺（Yuda Seimen）",
        "説明・詳細（日本語）": "ここの肉うどんがとても美味しい！\r\n普段、汁は残すがこの肉うどんは汁まで飲み干してしまうほど美味しい！",
        "説明・詳細（英語）": "The meat udon here is incredibly delicious!\r\nI usually leave the broth, but this meat udon is so tasty I end up drinking every last drop!",
        "写真枚数": 0,
        "写真URL①": null,
        "写真URL②": null,
        "写真URL③": null,
        "写真URL④": null,
        "写真URL⑤": null
      }
    },
    {
      "type": "Feature",
      "geometry": {
        "type": "Point",
        "coordinates": [
          131.466608,
          34.169532
        ]
      },
      "properties": {
        "name": "YCAM 中央公園（YCAM /central park）",
        "説明・詳細（日本語）": "市内44ヶ所でレンタルと返却が出来、とっても便利！ 最初だけアプリダウンロードと登録の手間がかかりますが、渋滞なしの自転車移動、是非オススメです。",
        "説明・詳細（英語）": "Rent and return at 44 locations throughout the city—super convenient! It takes a little effort to download the app and register at first, but I highly recommend bike travel without traffic jams.",
        "写真枚数": 2,
        "写真URL①": "https://lh3.googleusercontent.com/d/1CtjczY5oJusbUUb4UZtn88D0KK3nIBFS",
        "写真URL②": "https://lh3.googleusercontent.com/d/1J0zKeronW_uJBVtwB9qtgNyLwzIPBzMu",
        "写真URL③": null,
        "写真URL④": null,
        "写真URL⑤": null
      }
    },
    {
      "type": "Feature",
      "geometry": {
        "type": "Point",
        "coordinates": [
          131.474918,
          34.174222
        ]
      },
      "properties": {
        "name": "コープやまぐちこことどうもん店（Co-op Yamaguchi Kokoto Domon Store）",
        "説明・詳細（日本語）": "市内44ヶ所でレンタルと返却が出来、とっても便利！ 最初だけアプリダウンロードと登録の手間がかかりますが、渋滞なしの自転車移動、是非オススメです。",
        "説明・詳細（英語）": "Rent and return at 44 locations throughout the city—super convenient! It takes a little effort to download the app and register at first, but I highly recommend bike travel without traffic jams.",
        "写真枚数": 1,
        "写真URL①": "https://lh3.googleusercontent.com/d/1nZYZ9cc2wO_Fobjj3tU_dkNMM4Y2bV5K",
        "写真URL②": null,
        "写真URL③": null,
        "写真URL④": null,
        "写真URL⑤": null
      }
    },
    {
      "type": "Feature",
      "geometry": {
        "type": "Point",
        "coordinates": [
          131.439614,
          34.155435
        ]
      },
      "properties": {
        "name": "維新百年記念公園（Ishin 100 MemorialPark）",
        "説明・詳細（日本語）": "市内44ヶ所でレンタルと返却が出来、とっても便利！\r\n最初だけアプリダウンロードと登録の手間がかかりますが、渋滞なしの自転車移動、是非オススメです。",
        "説明・詳細（英語）": "Rent and return at 44 locations throughout the city—super convenient! It takes a little effort to download the app and register at first, but I highly recommend bike travel without traffic jams.",
        "写真枚数": 2,
        "写真URL①": "https://lh3.googleusercontent.com/d/1cLcb6CrvlFcShKrBPcsFjownsbxDBzQu",
        "写真URL②": "https://lh3.googleusercontent.com/d/1ABdm8pSOE79EmS5EuWY8UWA-NA42aZCs",
        "写真URL③": null,
        "写真URL④": null,
        "写真URL⑤": null
      }
    },
    {
      "type": "Feature",
      "geometry": {
        "type": "Point",
        "coordinates": [
          131.456654,
          34.164284
        ]
      },
      "properties": {
        "name": "湯田温泉観光案内所（Yudaonsen Tourist information center）",
        "説明・詳細（日本語）": "対面でレンタサイクルの手続きができます。\r\n自転車を借りる手続きをしながら、お勧めのコースなどの相談も出来るのが対面の魅力です。\r\n4時間以内600円。",
        "説明・詳細（英語）": null,
        "写真枚数": 1,
        "写真URL①": "https://lh3.googleusercontent.com/d/1W0Pu1vofokB3LEaQ-xucdmMRazr3hNNd",
        "写真URL②": null,
        "写真URL③": null,
        "写真URL④": null,
        "写真URL⑤": null
      }
    },
    {
      "type": "Feature",
      "geometry": {
        "type": "Point",
        "coordinates": [
          131.694489,
          34.378508
        ]
      },
      "properties": {
        "name": "りんご狩り　(Apple piking)",
        "説明・詳細（日本語）": "周辺にたくさんのりんご園があります。幼稚園や保育園の遠足、学校の遠足、あるいは家族で・・・りんご狩りに行った思い出のある人多数。\r\n様々な種類のりんごが楽しめます。",
        "説明・詳細（英語）": "There are many apple orchards in the surrounding area. Many people have memories of going apple picking—whether on kindergarten or nursery school field trips, school field trips, or with their families.\r\nYou can enjoy various types of apples.",
        "写真枚数": 0,
        "写真URL①": null,
        "写真URL②": null,
        "写真URL③": null,
        "写真URL④": null,
        "写真URL⑤": null
      }
    },
    {
      "type": "Feature",
      "geometry": {
        "type": "Point",
        "coordinates": [
          131.7026,
          34.39703
        ]
      },
      "properties": {
        "name": "船方農場（Funakata Farm）",
        "説明・詳細（日本語）": "牛乳、ソフトクリーム、カレー…おいしいオススメがいっぱいです。\r\nハウス内のバラ園が見事です。\r\n小さい頃、父と子で草原の丘の上から三輪車で降りてくる競争をして、父が本気になりすぎて転んでおしりを強く打ち、「しばらく座れない」と言っていたことがありました。",
        "説明・詳細（英語）": "Milk, soft serve ice cream, curry... plenty of delicious recommendations.\r\nThe rose garden inside the greenhouse is magnificent.\r\nWhen I was little, my father and I used to race down the grassy hill on tricycles. Once, he got too serious, fell, and hit his butt hard. He said, “I won't be able to sit for a while.”",
        "写真枚数": 0,
        "写真URL①": null,
        "写真URL②": null,
        "写真URL③": null,
        "写真URL④": null,
        "写真URL⑤": null
      }
    },
    {
      "type": "Feature",
      "geometry": {
        "type": "Point",
        "coordinates": [
          131.4588,
          34.165193
        ]
      },
      "properties": {
        "name": "Pelo Gelato & coffee",
        "説明・詳細（日本語）": "お店の前にジェラートの自動販売機があります。自動販売機はイギリス英語対応もしています。自動販売機だけど季節限定のジェラートも多いです。\r\n中のお店のジェラートも濃厚で人気があります。\r\n自動販売機で買ったジェラートはスプーンもついているので、人が少なければ足湯につかりながら…なんてこともできるかも？ごみは各自で持ち帰りましょう。",
        "説明・詳細（英語）": "There's a gelato vending machine in front of the shop. The vending machine also supports British English. Even though it's a vending machine, it often has seasonal gelato flavors.\r\nThe gelato inside the shop is also rich and popular.\r\nThe gelato bought from the vending machine comes with a spoon, so if there aren't many people around, you might even be able to enjoy it while soaking your feet in the foot bath... Please take your trash home with you.",
        "写真枚数": 4,
        "写真URL①": "https://lh3.googleusercontent.com/d/1NJxxK_9pcWju77Q33vjOQupbNLBJsa_u",
        "写真URL②": "https://lh3.googleusercontent.com/d/1f0NKqIjdMvE83PEWw_sG8u0mrJK21l2w",
        "写真URL③": "https://lh3.googleusercontent.com/d/1a7o_JIxub__LowxM2iG1T-8fgs5M34XM",
        "写真URL④": "https://lh3.googleusercontent.com/d/1W8xTPvXAE6ImM5AAr3LdMsiW43WoNL8H",
        "写真URL⑤": null
      }
    },
    {
      "type": "Feature",
      "geometry": {
        "type": "Point",
        "coordinates": [
          131.455834,
          34.165988
        ]
      },
      "properties": {
        "name": "THE BAKERS LOAF",
        "説明・詳細（日本語）": "喫茶スペース併設のパン屋さんです。夏場は自家製シロップのかき氷も絶品。",
        "説明・詳細（英語）": "This bakery features a café space. During summer, their shaved ice topped with homemade syrup is truly exquisite.",
        "写真枚数": 1,
        "写真URL①": "https://lh3.googleusercontent.com/d/1-UYTcOQ5T6aC_xY3IPYKlUqsHQUSS6OB",
        "写真URL②": null,
        "写真URL③": null,
        "写真URL④": null,
        "写真URL⑤": null
      }
    },
    {
      "type": "Feature",
      "geometry": {
        "type": "Point",
        "coordinates": [
          131.449854,
          34.173316
        ]
      },
      "properties": {
        "name": "お菓子のジェネレ（Genere/sweets）",
        "説明・詳細（日本語）": "ケーキなどを販売されています。かき氷が大きくて、ふわふわで味も絶品です！\r\n建物は和風な感じで、外の日本庭園を眺めながらスイーツを堪能できます。",
        "説明・詳細（英語）": "They sell cakes and other items. Their shaved ice is huge, fluffy, and absolutely delicious!\r\nThe building has a Japanese-style feel, and you can enjoy sweets while gazing at the Japanese garden outside.",
        "写真枚数": 2,
        "写真URL①": "https://lh3.googleusercontent.com/d/19A9gkWDsxxqqrS5qBTkP3qH_WG0lomeX",
        "写真URL②": "https://lh3.googleusercontent.com/d/16It0t5CSXj1XlAWeaeNgiHvwJXeoRnJz",
        "写真URL③": null,
        "写真URL④": null,
        "写真URL⑤": null
      }
    },
    {
      "type": "Feature",
      "geometry": {
        "type": "Point",
        "coordinates": [
          131.477423,
          34.181857
        ]
      },
      "properties": {
        "name": "鴻雪園（Kousetuen）",
        "説明・詳細（日本語）": "昭和24年創業のお茶屋さんです。近くを通ると、お茶の良い香りが漂ってきて、お店に引き寄せられます。写真は、抹茶ソフトとほうじ茶ソフトです。\r\n一ノ坂散策のお供に最適です。",
        "説明・詳細（英語）": "Established in 1949, this is a traditional tea shop. Passing by, the delightful aroma of tea wafts through the air, drawing you in. Pictured are matcha soft serve and hojicha soft serve.\r\nThe perfect treat to accompany your stroll through Ichinosaka.",
        "写真枚数": 1,
        "写真URL①": "https://lh3.googleusercontent.com/d/13osd1YhfQ3jEi7fWghL7c4DfGog2zuki",
        "写真URL②": null,
        "写真URL③": null,
        "写真URL④": null,
        "写真URL⑤": null
      }
    },
    {
      "type": "Feature",
      "geometry": {
        "type": "Point",
        "coordinates": [
          131.369662,
          34.013147
        ]
      },
      "properties": {
        "name": "道の駅　きららあじす（michi-no-eki Kirara Ajisu/local shop）",
        "説明・詳細（日本語）": "道の駅きららあじすは、入って右が飲食スペース、左が地場産品の販売スペースとなっています。飲食スペースでは、くりまさるソフトクリームがオススメです。「くりまさる」は「栗にも勝る甘さ」のかぼちゃで、ブランドかぼちゃとなっています。くりまさるソフトか、ミックスソフトをぜひ食べてください。個人的に、ソフトクリームの中で個々のくりまさるソフトが一番好きです。\r\n続いては、地場産品コーナーで買える「寒漬け」を紹介します！山口市南部の地域で主に作られている寒漬けは、塩漬け、寒干し、叩き伸し、タル詰め・熟成、カット・水洗・塩抜き・調味、という過程を経ていて、中でも寒風にさらす過程から、「寒漬け」という名前がついたそうです。昔から大根栽培の盛んな地域で保存食として作られてきました。\r\n他の食品に例え難い、唯一無二の美味しさがあります！1袋と言わず、3袋買って帰ってください！きっとハマります",
        "説明・詳細（英語）": "At Roadside Station Kirara Ajisu, the dining area is on the right upon entering, while the left side houses the local products sales area. In the dining area, the Kurimasaru soft serve is highly recommended. “Kurimasaru” is a brand pumpkin known for its sweetness surpassing even chestnuts. Be sure to try either the Kurimasaru soft serve or the mixed soft serve. Personally, among all soft serves, I like the pure Kurimasaru soft serve the best.\r\nNext up, let me introduce “Kan-zuke” available at the local products corner! Primarily made in the southern part of Yamaguchi City, Kan-zuke undergoes a process involving salting, cold drying, pounding and stretching, barrel-aging, cutting, washing, desalting, and seasoning. It's said the name “Kan-zuke” comes from the step where it's exposed to cold winds. It's been made as a preserved food in this area, famous for its long history of radish cultivation.\r\nIt has a unique deliciousness unlike any other food! Don't just buy one bag—take home three! You'll definitely get hooked!",
        "写真枚数": 3,
        "写真URL①": "https://lh3.googleusercontent.com/d/1yfy7-vdHoFToB9C4Yq5SI5u8xhNSiZ-x",
        "写真URL②": "https://lh3.googleusercontent.com/d/1JjFmkSWwy0KGUdTF3dHDQYzE9WU8IEoC",
        "写真URL③": "https://lh3.googleusercontent.com/d/1ZvhANuFe64g5K34LTK_ku5Try9c8WMdW",
        "写真URL④": null,
        "写真URL⑤": null
      }
    },
    {
      "type": "Feature",
      "geometry": {
        "type": "Point",
        "coordinates": [
          131.559359,
          34.211181
        ]
      },
      "properties": {
        "name": "道の駅　仁保（michi-no-eki Niho/local shop）",
        "説明・詳細（日本語）": "ソフトクリームがおいしい",
        "説明・詳細（英語）": "The soft-serve ice cream is delicious.",
        "写真枚数": 0,
        "写真URL①": null,
        "写真URL②": null,
        "写真URL③": null,
        "写真URL④": null,
        "写真URL⑤": null
      }
    },
    {
      "type": "Feature",
      "geometry": {
        "type": "Point",
        "coordinates": [
          131.447983,
          34.039751
        ]
      },
      "properties": {
        "name": "千坊川砂防公園キャンプ場（Senbo-gawasabo-park campsite）",
        "説明・詳細（日本語）": "キャンプサイト・炊事棟の利用には、南部土木事務所（083-973-8163）へ予約が必要です。\r\n10の釜戸、水道、トイレと東屋があります。",
        "説明・詳細（英語）": "Reservations are required for campsite and kitchen building use through the Southern Civil Engineering Office (083-973-8163).\r\nFacilities include 10 kamado stoves, water supply, restrooms, and a gazebo.",
        "写真枚数": 0,
        "写真URL①": null,
        "写真URL②": null,
        "写真URL③": null,
        "写真URL④": null,
        "写真URL⑤": null
      }
    },
    {
      "type": "Feature",
      "geometry": {
        "type": "Point",
        "coordinates": [
          131.464165,
          34.158418
        ]
      },
      "properties": {
        "name": "平川河川公園　BBQスポット（Hirakawa Kasen Park）",
        "説明・詳細（日本語）": "BBQをしたい場合、山口市都市整備課（TEL083-934-2832）へあらかじめ公園使用届を提出する必要があります。",
        "説明・詳細（英語）": "If you wish to hold a barbecue, you must submit a park use application in advance to the Yamaguchi City Urban Engineering Division (TEL 083-934-2832).",
        "写真枚数": 1,
        "写真URL①": "https://lh3.googleusercontent.com/d/1jl7iMMXz8JkBiS21pabRMblVr0a1c_PC",
        "写真URL②": null,
        "写真URL③": null,
        "写真URL④": null,
        "写真URL⑤": null
      }
    },
    {
      "type": "Feature",
      "geometry": {
        "type": "Point",
        "coordinates": [
          131.478511,
          34.174892
        ]
      },
      "properties": {
        "name": "PLAN TO PLANT SOME PLANTS",
        "説明・詳細（日本語）": "駅通りにある、観葉植物が目印のコーヒーショップです。外を見ながら食べられるのでおすすめです。",
        "説明・詳細（英語）": "This coffee shop on Yamaguchi Station Street is marked by its houseplants. It's recommended because you can enjoy your meal while looking outside.",
        "写真枚数": 0,
        "写真URL①": null,
        "写真URL②": null,
        "写真URL③": null,
        "写真URL④": null,
        "写真URL⑤": null
      }
    },
    {
      "type": "Feature",
      "geometry": {
        "type": "Point",
        "coordinates": [
          131.51197,
          34.210134
        ]
      },
      "properties": {
        "name": "PLANT BASED RESTAURANT MANJI",
        "説明・詳細（日本語）": "ベジタリアン対応レストランです。",
        "説明・詳細（英語）": "This is a vegetarian-friendly restaurant.",
        "写真枚数": 0,
        "写真URL①": null,
        "写真URL②": null,
        "写真URL③": null,
        "写真URL④": null,
        "写真URL⑤": null
      }
    },
    {
      "type": "Feature",
      "geometry": {
        "type": "Point",
        "coordinates": [
          131.372822,
          34.002915
        ]
      },
      "properties": {
        "name": "TOTOMATO",
        "説明・詳細（日本語）": "海が見える絶景レストラン。併設のドッグランがあります。",
        "説明・詳細（英語）": "A restaurant with spectacular ocean views. Features an attached dog run.",
        "写真枚数": 1,
        "写真URL①": "https://lh3.googleusercontent.com/d/1leKH6TWmAmEhTHVfHcCRhqkhmkwuj_kK",
        "写真URL②": null,
        "写真URL③": null,
        "写真URL④": null,
        "写真URL⑤": null
      }
    },
    {
      "type": "Feature",
      "geometry": {
        "type": "Point",
        "coordinates": [
          131.459688,
          34.175018
        ]
      },
      "properties": {
        "name": "シバ（shiva/curry）",
        "説明・詳細（日本語）": "昔から家族で通っています。焼きたてのナンと各種インドカレーが絶品。\r\nサフランライスもとっても美味しいので、うちの家族は、人数分のカレーとナンを頼んだ上、サフランライスを2皿追加します。",
        "説明・詳細（英語）": "We've been coming here as a family for years. Their freshly baked naan and variety of Indian curries are absolutely delicious.\r\nTheir saffron rice is also incredibly tasty, so our family orders curry and naan for everyone, plus two extra servings of saffron rice.",
        "写真枚数": 1,
        "写真URL①": "https://lh3.googleusercontent.com/d/1NuhW5zuhnzAXLBCalM_i87pd3hRqoBRS",
        "写真URL②": null,
        "写真URL③": null,
        "写真URL④": null,
        "写真URL⑤": null
      }
    },
    {
      "type": "Feature",
      "geometry": {
        "type": "Point",
        "coordinates": [
          131.65255,
          34.185642
        ]
      },
      "properties": {
        "name": "ねむの木（Nemu-no-ki/restaurant）",
        "説明・詳細（日本語）": "一文字オムライスが超有名！大きくて食べ応えがあります。",
        "説明・詳細（英語）": "Ichimonji's omelet rice is super famous! It's huge and very satisfying.",
        "写真枚数": 1,
        "写真URL①": "https://lh3.googleusercontent.com/d/1Tbej1sCLXYIZx8CSyaYWH6vIc-TxbkmP",
        "写真URL②": null,
        "写真URL③": null,
        "写真URL④": null,
        "写真URL⑤": null
      }
    },
    {
      "type": "Feature",
      "geometry": {
        "type": "Point",
        "coordinates": [
          131.478119,
          34.180851
        ]
      },
      "properties": {
        "name": "瓦そば柳屋　山口一の坂川店(Kawarasoba Yanagiya/local food)",
        "説明・詳細（日本語）": null,
        "説明・詳細（英語）": null,
        "写真枚数": 0,
        "写真URL①": null,
        "写真URL②": null,
        "写真URL③": null,
        "写真URL④": null,
        "写真URL⑤": null
      }
    },
    {
      "type": "Feature",
      "geometry": {
        "type": "Point",
        "coordinates": [
          131.511991,
          34.222519
        ]
      },
      "properties": {
        "name": "紅花舎　(KOUKASHA)",
        "説明・詳細（日本語）": "山間に佇むお宿です。店内は木と人の温もりが感じられます。カウンターでカフェメニューをいただき、入って右手のお土産を見て、少し外に出て散歩して… そんな時間を過ごしてみてはいかがでしょうか？個人的なオススメは豆乳坦々水餃子とチャイソーダです。お宿ですが、お昼にカフェのみの利用もできます！\r\n薪サウナもオススメです！立ち寄りでも入れます。なんと、近くの川が水風呂になっています！地元アーティストの作品の展覧会をしている時もあります。",
        "説明・詳細（英語）": "Nestled in the mountains, this inn offers a warm, wood-filled interior. Enjoy cafe menu items at the counter, browse souvenirs to your right upon entering, step outside for a stroll... Why not spend some time like this? My personal recommendations are the soy milk tantan water dumplings and chai soda. Though it's an inn, you can also just visit for lunch at the cafe!\r\nThe wood-fired sauna is also highly recommended! You can even drop in for a quick session. Amazingly, the nearby river serves as the cold plunge! We occasionally host exhibitions featuring works by local artists.",
        "写真枚数": 1,
        "写真URL①": "https://lh3.googleusercontent.com/d/1ybIaW1B3y0a9QMx-lvlVl813HxvQihB0",
        "写真URL②": null,
        "写真URL③": null,
        "写真URL④": null,
        "写真URL⑤": null
      }
    },
    {
      "type": "Feature",
      "geometry": {
        "type": "Point",
        "coordinates": [
          131.734271,
          34.394304
        ]
      },
      "properties": {
        "name": "座敷わらしさん家（Zashiki-warashi-san-chi/stay）",
        "説明・詳細（日本語）": "400年の歴史がある古民家です。\r\n事前予約で古民家体験が出来る（日帰り可）\r\n1日1組限定で宿泊可\r\n座敷わらしに出会えるかも！？",
        "説明・詳細（英語）": "This is a 400-year-old traditional Japanese house.\r\nExperience the old house with advance reservations (day trips available).\r\nLimited to one group per day for overnight stays.\r\nYou might even meet a house spirit!",
        "写真枚数": 0,
        "写真URL①": null,
        "写真URL②": null,
        "写真URL③": null,
        "写真URL④": null,
        "写真URL⑤": null
      }
    },
    {
      "type": "Feature",
      "geometry": {
        "type": "Point",
        "coordinates": [
          131.558275,
          34.285978
        ]
      },
      "properties": {
        "name": "純味（Junmi/rice porridge）",
        "説明・詳細（日本語）": "地元の人もよく行く、雑炊専門店です。「雑炊だけで、こんなにも！」と驚きます。道路沿いのお店ですが、いつ通っても駐車場がいっぱいです。",
        "説明・詳細（英語）": "This is a rice porridge specialty shop that locals frequent. You'll be amazed at how much they offer just for rice porridge! Though it's a roadside shop, the parking lot is always full whenever you pass by.",
        "写真枚数": 0,
        "写真URL①": null,
        "写真URL②": null,
        "写真URL③": null,
        "写真URL④": null,
        "写真URL⑤": null
      }
    },
    {
      "type": "Feature",
      "geometry": {
        "type": "Point",
        "coordinates": [
          131.458331,
          34.164013
        ]
      },
      "properties": {
        "name": "小熊屋咖喱(Kogumaya/curry)",
        "説明・詳細（日本語）": "このカレーを目当てに、遠くから来る人も・・・",
        "説明・詳細（英語）": "Some people even come from far away just for this curry...",
        "写真枚数": 3,
        "写真URL①": "https://lh3.googleusercontent.com/d/12VuIDj-gicXGeBJNdH1wYvsOYfx-ctOw",
        "写真URL②": "https://lh3.googleusercontent.com/d/1f1PC9T3Oe6Zed8kxxtaYvLiDJ8W3E1pG",
        "写真URL③": "https://lh3.googleusercontent.com/d/1fSpEbDmZCwExpXplk5-DVQbIEPDCs_MZ",
        "写真URL④": null,
        "写真URL⑤": null
      }
    },
    {
      "type": "Feature",
      "geometry": {
        "type": "Point",
        "coordinates": [
          131.661969,
          34.1885
        ]
      },
      "properties": {
        "name": "徳地とりたまの里（Tokuji Toritama-no-sato）",
        "説明・詳細（日本語）": "新鮮卵の卵ご飯、食べ放題です！",
        "説明・詳細（英語）": "Fresh egg rice, all-you-can-eat!",
        "写真枚数": 0,
        "写真URL①": null,
        "写真URL②": null,
        "写真URL③": null,
        "写真URL④": null,
        "写真URL⑤": null
      }
    },
    {
      "type": "Feature",
      "geometry": {
        "type": "Point",
        "coordinates": [
          131.417738,
          34.079283
        ]
      },
      "properties": {
        "name": "名田島食堂　(Natajima shokudou/restaurant)",
        "説明・詳細（日本語）": "ここは、地元の食材を使ったモーニングとランチを提供している「名田島食堂」です。2025年5月にオープンしたばかりですが、お邪魔した8月末時点で既にお客さんでいっぱいでした。お隣のきまぐれ直売所で仕入れた手のお野菜がとにかく新鮮でおいしい！写真のフレンチトーストは、新山口駅の近くの「二度寝の長州」のパンを使用されているそうで、程よく塩味が効いていて絶品。\r\nただ、このお店の魅力は食だけじゃない。\r\n季節ごとに、田園風景や麦畑が視界全体に広がる風景、朝、昼のゆったりした時間、そして、お店の方、地元の方との交流。地元の人の憩いの場にしたいとの思いもあり始められたこの食堂は、朝から和やかな雰囲気でした。\r\n開かれたコミュニティ空間なので、誰がいってもその雰囲気に溶け込めるとおもいます。おなかいっぱい、胸もいっぱい、そんな時間を過ごしてみてはいかかでしょうか。",
        "説明・詳細（英語）": "This is “Natajima Shokudo,” serving breakfast and lunch made with local ingredients. Though it just opened in May 2025, it was already packed with customers when I visited at the end of August. The vegetables sourced from the neighboring Kimagure Direct Sales Shop are incredibly fresh and delicious! The French toast pictured uses bread from “Nido-ne no Choshu” , a bakery near Shin-Yamaguchi Station, perfectly seasoned with just the right amount of salt – absolutely exquisite.\r\nBut the appeal of this place isn't just the food.\r\nEach season brings its own charm: the expansive views of rural landscapes and wheat fields stretching across the horizon, the leisurely pace of mornings and afternoons, and the interactions with the shop staff and local residents. Started with the desire to create a place of relaxation for locals, this shokudo had a warm, welcoming atmosphere from the moment we arrived.\r\nAs an open community space, I think anyone who visits can easily blend into its friendly vibe. Why not spend some time here, filling both your stomach and your heart?",
        "写真枚数": 2,
        "写真URL①": "https://lh3.googleusercontent.com/d/1TpS1CoL5Nrnr3gX-Up8nipmv9e8pY4Sq",
        "写真URL②": "https://lh3.googleusercontent.com/d/1TudpH9pWCO3WAOW9ErFbu3A0HrSf6eaZ",
        "写真URL③": null,
        "写真URL④": null,
        "写真URL⑤": null
      }
    },
    {
      "type": "Feature",
      "geometry": {
        "type": "Point",
        "coordinates": [
          131.500631,
          34.156226
        ]
      },
      "properties": {
        "name": "珈琲舎　珈紋(Kamon/cafe)",
        "説明・詳細（日本語）": null,
        "説明・詳細（英語）": null,
        "写真枚数": 0,
        "写真URL①": null,
        "写真URL②": null,
        "写真URL③": null,
        "写真URL④": null,
        "写真URL⑤": null
      }
    },
    {
      "type": "Feature",
      "geometry": {
        "type": "Point",
        "coordinates": [
          131.45589,
          34.165977
        ]
      },
      "properties": {
        "name": "THE BAKERS LOAF",
        "説明・詳細（日本語）": "パンを手土産にする時買いに寄ったり、併設の喫茶スペースで友達とお茶をしたり、近くにあって嬉しいお店の一つです。",
        "説明・詳細（英語）": "It is one of the happy shops to be nearby, such as stopping by to buy bread as a souvenir or having tea with friends at the attached cafe space.",
        "写真枚数": 1,
        "写真URL①": "https://lh3.googleusercontent.com/d/1QvpZe1v80mCCWBV0CXyhowjSgoAbiRRw",
        "写真URL②": null,
        "写真URL③": null,
        "写真URL④": null,
        "写真URL⑤": null
      }
    },
    {
      "type": "Feature",
      "geometry": {
        "type": "Point",
        "coordinates": [
          131.437429,
          34.160437
        ]
      },
      "properties": {
        "name": "ストロベリータイム(Strawberrytime)",
        "説明・詳細（日本語）": "いちご色の建物",
        "説明・詳細（英語）": "Strawberry-colored building",
        "写真枚数": 0,
        "写真URL①": null,
        "写真URL②": null,
        "写真URL③": null,
        "写真URL④": null,
        "写真URL⑤": null
      }
    },
    {
      "type": "Feature",
      "geometry": {
        "type": "Point",
        "coordinates": [
          131.474585,
          34.177859
        ]
      },
      "properties": {
        "name": "モリのパン(Morinopan)",
        "説明・詳細（日本語）": null,
        "説明・詳細（英語）": null,
        "写真枚数": 0,
        "写真URL①": null,
        "写真URL②": null,
        "写真URL③": null,
        "写真URL④": null,
        "写真URL⑤": null
      }
    },
    {
      "type": "Feature",
      "geometry": {
        "type": "Point",
        "coordinates": [
          131.471164,
          34.169554
        ]
      },
      "properties": {
        "name": "創作ベーカリー　秀　(Shu)",
        "説明・詳細（日本語）": "クリームパンが人気です！\r\nお店の前にはわんちゃんがいます。",
        "説明・詳細（英語）": "Cream buns are popular!\r\nThere's a dog in front of the shop.",
        "写真枚数": 3,
        "写真URL①": "https://lh3.googleusercontent.com/d/1MmteXun9x_SiNp6DiT63qAfyQWOagV6u",
        "写真URL②": "https://lh3.googleusercontent.com/d/1gXG0h4cJVrPVHZw9OaYc5BNMSN7obcb0",
        "写真URL③": "https://lh3.googleusercontent.com/d/1cL-N6TRcFyiPK9iV5ZLf5c_y5AjF2nVt",
        "写真URL④": null,
        "写真URL⑤": null
      }
    },
    {
      "type": "Feature",
      "geometry": {
        "type": "Point",
        "coordinates": [
          131.702814,
          34.159688
        ]
      },
      "properties": {
        "name": "ロハス島地温泉　足湯（LOHAS Shimaji hot spring/footbath）",
        "説明・詳細（日本語）": "日帰り温泉施設、ロハス島地温泉からお湯をくんで足湯が設置してありました。風鈴が鳴り、涼しげです。",
        "説明・詳細（英語）": "A foot bath was set up using water drawn from the day-trip hot spring facility, Lohas Shima-ji Onsen. Wind chimes tinkled, creating a refreshing atmosphere.",
        "写真枚数": 1,
        "写真URL①": "https://lh3.googleusercontent.com/d/1kMsNxLtPaOUNYvbGYxing35kLfb1mZiF",
        "写真URL②": null,
        "写真URL③": null,
        "写真URL④": null,
        "写真URL⑤": null
      }
    },
    {
      "type": "Feature",
      "geometry": {
        "type": "Point",
        "coordinates": [
          131.442087,
          34.156962
        ]
      },
      "properties": {
        "name": "維新公園　噴水　(Ishin Park Fountain)",
        "説明・詳細（日本語）": "維新公園内の噴水です。手持ち花火のようですね。",
        "説明・詳細（英語）": "This is the fountain in Ishin Park. It looks like a handheld firework.",
        "写真枚数": 2,
        "写真URL①": "https://lh3.googleusercontent.com/d/1qeflzHm9h3dAcrbElGY1KAJxlz2YNx2w",
        "写真URL②": "https://lh3.googleusercontent.com/d/1ufgqXnbvOXuArZVuvMTtTBLANT5-vNlq",
        "写真URL③": null,
        "写真URL④": null,
        "写真URL⑤": null
      }
    },
    {
      "type": "Feature",
      "geometry": {
        "type": "Point",
        "coordinates": [
          131.436567,
          34.157353
        ]
      },
      "properties": {
        "name": "維新百年記念公園　水遊び（Ishin 100 MemorialPark）",
        "説明・詳細（日本語）": "笹舟を作って流したり、魚を捕まえたり、近隣に住む小さい子供は絶対にここで遊んだ思い出を持つ、夏場の憩いの場。",
        "説明・詳細（英語）": "Making bamboo boats to float downstream, catching fish—young children living nearby absolutely have memories of playing here, a summer retreat.",
        "写真枚数": 1,
        "写真URL①": "https://lh3.googleusercontent.com/d/18hJgYDoPfb17M7iRuk_P5wMKJKA1QmMK",
        "写真URL②": null,
        "写真URL③": null,
        "写真URL④": null,
        "写真URL⑤": null
      }
    },
    {
      "type": "Feature",
      "geometry": {
        "type": "Point",
        "coordinates": [
          131.434282,
          34.154867
        ]
      },
      "properties": {
        "name": "維新百年記念公園（Ishin 100 MemorialPark）",
        "説明・詳細（日本語）": "弓道場前の木陰です。春にはお花見スポットにもなります。また、遊歩道を5分程度登ると、朝田墳墓群に行くことが出来ます。",
        "説明・詳細（英語）": "This is the shade of the trees in front of the archery range. In spring, it also becomes a cherry blossom viewing spot. Additionally, a 5-minute walk up the walking path will take you to the Asada Tomb Cluster.",
        "写真枚数": 1,
        "写真URL①": "https://lh3.googleusercontent.com/d/1HbrtuDJ6bTfmHA-aUbjTfbTXIv7E2qIi",
        "写真URL②": null,
        "写真URL③": null,
        "写真URL④": null,
        "写真URL⑤": null
      }
    },
    {
      "type": "Feature",
      "geometry": {
        "type": "Point",
        "coordinates": [
          131.472686,
          34.180776
        ]
      },
      "properties": {
        "name": "亀山公園 （Kameyama park）",
        "説明・詳細（日本語）": "亀山公園内、見晴らしの良い場所に休憩所があります。高嶺が見えます。",
        "説明・詳細（英語）": "Kameyama Park has a rest area in a spot with a great view. You can see Mt.Kounomine.",
        "写真枚数": 1,
        "写真URL①": "https://lh3.googleusercontent.com/d/1gCmf-7oDI_Je89wvp7qBcmpGdC-nbVlI",
        "写真URL②": null,
        "写真URL③": null,
        "写真URL④": null,
        "写真URL⑤": null
      }
    },
    {
      "type": "Feature",
      "geometry": {
        "type": "Point",
        "coordinates": [
          131.584271,
          34.248091
        ]
      },
      "properties": {
        "name": "犬鳴の滝(Inunakinotaki/fall)",
        "説明・詳細（日本語）": null,
        "説明・詳細（英語）": null,
        "写真枚数": 0,
        "写真URL①": null,
        "写真URL②": null,
        "写真URL③": null,
        "写真URL④": null,
        "写真URL⑤": null
      }
    },
    {
      "type": "Feature",
      "geometry": {
        "type": "Point",
        "coordinates": [
          131.473582,
          34.182132
        ]
      },
      "properties": {
        "name": "県立博物館側の噴水（near The Yamaguchi Prefectural Museum/fountain）",
        "説明・詳細（日本語）": "噴水の周りにベンチがあります。噴水は時折高さが変わり、低くなると、中心で水浴びする乙女のブロンズ像が見えます。",
        "説明・詳細（英語）": "Benches surround the fountain. The fountain occasionally changes height, and when it lowers, a bronze statue of a maiden bathing in the center becomes visible.",
        "写真枚数": 1,
        "写真URL①": "https://lh3.googleusercontent.com/d/1Hp1hsmoDtTYo1wVMqLyZ6s0r5dnKfOFu",
        "写真URL②": null,
        "写真URL③": null,
        "写真URL④": null,
        "写真URL⑤": null
      }
    },
    {
      "type": "Feature",
      "geometry": {
        "type": "Point",
        "coordinates": [
          131.373557,
          34.008038
        ]
      },
      "properties": {
        "name": "山口きらら博記念公園　（Yamaguchi Kirara Expo Memorial Park）",
        "説明・詳細（日本語）": "中国地方最大級の大型複合遊具広場です。インクルーシブに配慮した遊具など25基128アイテムあるそうです。ミストが、遊びに熱中した子どものクールダウンにも、遊び回って帰ってこない子どもを見守る保護者の避暑にも役立ちます。",
        "説明・詳細（英語）": "This is one of the largest multi-purpose playgrounds in the Chugoku region. It features 25 play structures with 128 items designed with inclusive play in mind. The mist system helps cool down children engrossed in play and provides shade for parents watching over kids who are running around and not coming back.",
        "写真枚数": 1,
        "写真URL①": "https://lh3.googleusercontent.com/d/1Tx1v0JNgPNJWpBnmAv7E2yLkF1xKCLF3",
        "写真URL②": null,
        "写真URL③": null,
        "写真URL④": null,
        "写真URL⑤": null
      }
    },
    {
      "type": "Feature",
      "geometry": {
        "type": "Point",
        "coordinates": [
          131.475041,
          34.179147
        ]
      },
      "properties": {
        "name": "山口県立美術館前 噴水（In front of the museum）",
        "説明・詳細（日本語）": "日本の道100選に選ばれている、パークロードに接しています。噴水前にはベンチもあるので、パークロードを散策して、噴水前で一休み。",
        "説明・詳細（英語）": "It borders Park Road, selected as one of Japan's Top 100 Roads. There are benches in front of the fountain, so you can stroll along Park Road and take a break in front of the fountain.",
        "写真枚数": 1,
        "写真URL①": "https://lh3.googleusercontent.com/d/1g7D1LNmjHnAUFYASpCBWI16yif7XlCzh",
        "写真URL②": null,
        "写真URL③": null,
        "写真URL④": null,
        "写真URL⑤": null
      }
    },
    {
      "type": "Feature",
      "geometry": {
        "type": "Point",
        "coordinates": [
          131.47393,
          34.176922
        ]
      },
      "properties": {
        "name": "市民館の東屋　(The Gazebo at the Civic Hall)",
        "説明・詳細（日本語）": "部活の友達と弁当を食べていた所です\r\n木陰と木漏れ日が涼しくて空も見えるので良い休憩場所になります",
        "説明・詳細（英語）": "This is where I used to eat lunch with my club friends.\r\nThe shade and dappled sunlight keep it cool, and you can see the sky, making it a great place to rest.",
        "写真枚数": 1,
        "写真URL①": "https://lh3.googleusercontent.com/d/1RvywS-qCYupK7oCkmIMw_AP4dRapysvl",
        "写真URL②": null,
        "写真URL③": null,
        "写真URL④": null,
        "写真URL⑤": null
      }
    },
    {
      "type": "Feature",
      "geometry": {
        "type": "Point",
        "coordinates": [
          131.464709,
          34.168966
        ]
      },
      "properties": {
        "name": "中央公園　噴水（central park/water fountain）",
        "説明・詳細（日本語）": "中央公園の噴水です。夏場は、定期的に噴水が上がり、子供たちが遊んでいます。\r\n幼稚園、小学校低学年の頃ここでよく遊んでいました。",
        "説明・詳細（英語）": "This is the fountain in Central Park. During the summer, the fountain sprays water at regular intervals, and children play there.\r\nI often played here when I was in kindergarten and the lower grades of elementary school.",
        "写真枚数": 2,
        "写真URL①": "https://lh3.googleusercontent.com/d/1KaBy1vR8T21pd4TmXy1Ia8QPur1-A4xZ",
        "写真URL②": "https://lh3.googleusercontent.com/d/1cnbdEyeEUNdtgkG0-7t-TUwIFRw0TSna",
        "写真URL③": null,
        "写真URL④": null,
        "写真URL⑤": null
      }
    },
    {
      "type": "Feature",
      "geometry": {
        "type": "Point",
        "coordinates": [
          131.457067,
          34.167047
        ]
      },
      "properties": {
        "name": "湯田温泉こんこんパーク　(Yuda Hot Springs Kon‐Kon Park)",
        "説明・詳細（日本語）": "日帰り温泉と足湯が人気！\r\n地域の方が集まれる場所ができた。町内会の夏祭りがあった。子ども達が遊べる場所が出来た。",
        "説明・詳細（英語）": "Day-trip hot springs and foot baths are popular!\r\nA place where local residents can gather has been created.\r\nThe neighborhood association holds a summer festival.\r\nA place for children to play has been created.",
        "写真枚数": 2,
        "写真URL①": "https://lh3.googleusercontent.com/d/1xk0Yit-N8AwKPnWXuyn3fIoW1TmNLhER",
        "写真URL②": "https://lh3.googleusercontent.com/d/1EOT91GS9QOCWfQ3IYG6KZgOOXTlJnAKD",
        "写真URL③": null,
        "写真URL④": null,
        "写真URL⑤": null
      }
    },
    {
      "type": "Feature",
      "geometry": {
        "type": "Point",
        "coordinates": [
          131.47591,
          34.174771
        ]
      },
      "properties": {
        "name": "道場門前　飲食スペース（Do-jo-monzen/free space）",
        "説明・詳細（日本語）": "友達とお菓子をたべて、談笑できる！\r\nクリスマスシーズンにはイルミネーションで飾られているので夜になると一味違う空間になります。",
        "説明・詳細（英語）": "Enjoy snacks and conversation with friends!\r\nDuring the Christmas season, it's decorated with illuminations, creating a completely different atmosphere at night.",
        "写真枚数": 2,
        "写真URL①": "https://lh3.googleusercontent.com/d/1ZJHckvyXFuHDoz6YyUVUFLuxl77ygNF0",
        "写真URL②": "https://lh3.googleusercontent.com/d/115nNI4-NvIhfAm-3tyrnm3kMuZ7UVOr-",
        "写真URL③": null,
        "写真URL④": null,
        "写真URL⑤": null
      }
    },
    {
      "type": "Feature",
      "geometry": {
        "type": "Point",
        "coordinates": [
          131.589421,
          34.246168
        ]
      },
      "properties": {
        "name": "夢の椀プール(Yumenowan/pool)",
        "説明・詳細（日本語）": null,
        "説明・詳細（英語）": null,
        "写真枚数": 0,
        "写真URL①": null,
        "写真URL②": null,
        "写真URL③": null,
        "写真URL④": null,
        "写真URL⑤": null
      }
    },
    {
      "type": "Feature",
      "geometry": {
        "type": "Point",
        "coordinates": [
          131.533427,
          34.134986
        ]
      },
      "properties": {
        "name": "鳴滝（Narutaki fall）",
        "説明・詳細（日本語）": "泳いだり、川遊びに最適です。小さい頃、ゴーグルが流されたことがありました。\r\n夏でも、川の水は水温が低く感じます。",
        "説明・詳細（英語）": "Perfect for swimming and river play. When I was little, my goggles once got washed away.\r\nEven in summer, the river water feels cold.",
        "写真枚数": 1,
        "写真URL①": "https://lh3.googleusercontent.com/d/1tWfP9XLJ0GuP_jlZitdqUrNd_9qloSEr",
        "写真URL②": null,
        "写真URL③": null,
        "写真URL④": null,
        "写真URL⑤": null
      }
    },
    {
      "type": "Feature",
      "geometry": {
        "type": "Point",
        "coordinates": [
          131.45434,
          34.151755
        ]
      },
      "properties": {
        "name": "矢原河川公園（Yabara riverside park）",
        "説明・詳細（日本語）": "椹野川沿いに、山口秋吉台自転車道が整備されていて、山口のランニング・散歩スポットの一つです。河川敷にある矢原河川公園は、木陰が涼しく、ベンチもあります。",
        "説明・詳細（英語）": "Along the Fushinogawa River, the Yamaguchi Akiyoshidai Bicycle Path has been developed, making it one of Yamaguchi's popular spots for running and walking. Yabara Riverside Park, located on the riverbank, offers cool shade under the trees and benches for resting.",
        "写真枚数": 1,
        "写真URL①": "https://lh3.googleusercontent.com/d/1y-mi3PCF_mMgDnn8g2HWVUBFQOcHTOr_",
        "写真URL②": null,
        "写真URL③": null,
        "写真URL④": null,
        "写真URL⑤": null
      }
    },
    {
      "type": "Feature",
      "geometry": {
        "type": "Point",
        "coordinates": [
          131.462939,
          34.192733
        ]
      },
      "properties": {
        "name": "柳の水（山口三名水）　（Yanagi-no -mizu/spring water）",
        "説明・詳細（日本語）": "五十鈴ダムを超えた耕作地の中にあります。軟水。飲めます。",
        "説明・詳細（英語）": "It is located within the cultivated land beyond Isuzu Dam. Soft water. Drinkable.",
        "写真枚数": 0,
        "写真URL①": null,
        "写真URL②": null,
        "写真URL③": null,
        "写真URL④": null,
        "写真URL⑤": null
      }
    },
    {
      "type": "Feature",
      "geometry": {
        "type": "Point",
        "coordinates": [
          131.555749,
          34.214943
        ]
      },
      "properties": {
        "name": "KDDIパラボラ館（parabolic antenna museum）",
        "説明・詳細（日本語）": "大きなパラボラアンテナを見学した後で、パラボラ館にも是非立ち寄ってみてください。衛星通信について、楽しみながら学べる施設です。",
        "説明・詳細（英語）": "After visiting the large parabolic antenna, please stop by the parabolic museum. It is a facility where you can learn about satellite communication while having fun.",
        "写真枚数": 1,
        "写真URL①": "https://lh3.googleusercontent.com/d/19wSiFUW0sTwKVVBrasEwCmuz-dG3QxH1",
        "写真URL②": null,
        "写真URL③": null,
        "写真URL④": null,
        "写真URL⑤": null
      }
    },
    {
      "type": "Feature",
      "geometry": {
        "type": "Point",
        "coordinates": [
          131.45678,
          34.167118
        ]
      },
      "properties": {
        "name": "こんこんパーク大屋根広場　(Konkon Park Grand Roof Plaza)",
        "説明・詳細（日本語）": "各種イベントが開かれいつも賑わっています。餅まきテラスがあるのがポイント。イベントの最後に、餅まきやお菓子まきがよく行われます。",
        "説明・詳細（英語）": "Various events are held and it is always crowded. The point is that there is a mochi maki terrace. At the end of the event, mochi and sweets are often done.",
        "写真枚数": 1,
        "写真URL①": "https://lh3.googleusercontent.com/d/1vVGarB1s4brSaKsdPyXneAMZlicUt2LN",
        "写真URL②": null,
        "写真URL③": null,
        "写真URL④": null,
        "写真URL⑤": null
      }
    },
    {
      "type": "Feature",
      "geometry": {
        "type": "Point",
        "coordinates": [
          131.448932,
          34.011902
        ]
      },
      "properties": {
        "name": "ミュゼ・オートマトン　　原田和明　(Musée Automaton Kazuaki Harada)",
        "説明・詳細（日本語）": "山口が誇るオートマタ（西洋からくり）作家、原田和明さんの作品を鑑賞できるミュージアムです！木の温もりを感じられる展示は、心を動かされ、時には思わずくすっと笑えるものばかり！さらに、お手製の木製ゲームやレトロゲームなど、思わず夢中になる仕掛けがたくさん！\r\n山口の有名なものに関連した作品も多数展示されていて、行かないと分からない”特別な魅力”が詰まっています。ぜひ、遊びにきてください。",
        "説明・詳細（英語）": "This museum showcases the works of Kazuaki Harada, Yamaguchi's renowned automaton (Western mechanical device) artist! The exhibits, radiating the warmth of wood, will move your heart and sometimes even make you chuckle! Plus, there are tons of captivating contraptions like handmade wooden games and retro games that will have you hooked!\r\nMany pieces related to famous things from Yamaguchi are also on display, packed with a “special charm” you won't understand until you visit. Please come and play!",
        "写真枚数": 2,
        "写真URL①": "https://lh3.googleusercontent.com/d/1W5TK8dIEpwR7aAnv7tgR7iZ0TnBR0r0k",
        "写真URL②": "https://lh3.googleusercontent.com/d/1p2avDayR2PVrAC1nJQCDzcFoveMhfxZn",
        "写真URL③": null,
        "写真URL④": null,
        "写真URL⑤": null
      }
    },
    {
      "type": "Feature",
      "geometry": {
        "type": "Point",
        "coordinates": [
          131.371164,
          34.005321
        ]
      },
      "properties": {
        "name": "やまぐち富士商ドーム　（Yamaguchi Kirara Expo Memorial Park）",
        "説明・詳細（日本語）": "山口きらら博記念公園内にあるドームは、軒下が広く、雨の日でも散歩をしたり、運動をしたりすることが出来ます。ベンチもあります。",
        "説明・詳細（英語）": "The dome within the Kirara Expo Memorial Park features a wide eaves area, allowing visitors to take walks or exercise even on rainy days. Benches are also available.",
        "写真枚数": 1,
        "写真URL①": "https://lh3.googleusercontent.com/d/1H6s0xLsnG9sjOjYBzlyVPMsr6IQpjG0W",
        "写真URL②": null,
        "写真URL③": null,
        "写真URL④": null,
        "写真URL⑤": null
      }
    },
    {
      "type": "Feature",
      "geometry": {
        "type": "Point",
        "coordinates": [
          131.435382,
          34.157106
        ]
      },
      "properties": {
        "name": "維新百年記念公園　児童センター（Ishin 100 MemorialPark）",
        "説明・詳細（日本語）": "雨の日でも、親子で楽しく遊ぶことが出来ます。\r\n特にオススメなのがプラネタリウムです。\r\n入場料も、大人は300円かかりますが、70歳以上と18歳以下は無料です。\r\n（写真は、ある日のプログラムです）",
        "説明・詳細（英語）": null,
        "写真枚数": 2,
        "写真URL①": "https://lh3.googleusercontent.com/d/1gwW-U_wg366yupCPuBeJVMqsrWryGn9G",
        "写真URL②": "https://lh3.googleusercontent.com/d/1rrtXF6gv2tfKwhy8aweyCNwPKdsfgQer",
        "写真URL③": null,
        "写真URL④": null,
        "写真URL⑤": null
      }
    },
    {
      "type": "Feature",
      "geometry": {
        "type": "Point",
        "coordinates": [
          131.479893,
          34.188232
        ]
      },
      "properties": {
        "name": "菜香亭（Saiko-tei）",
        "説明・詳細（日本語）": "建物は、山口の迎賓館として明治10年から120年余りの間親しまれた料亭菜香亭を移築復元したものです。 菜香亭の100畳の大広間には、総理大臣・維新志士を含む29枚の自筆の書が飾られています。\r\nどんな言葉を、どんな筆跡で書いていらっしゃるのか見て回るのが楽しいです。\r\n（すぐ下の写真は安倍晋三総理大臣）",
        "説明・詳細（英語）": null,
        "写真枚数": 2,
        "写真URL①": "https://lh3.googleusercontent.com/d/1iVRuAnf5dGm-jqlRkKpfuwOAZBdL_ZAu",
        "写真URL②": "https://lh3.googleusercontent.com/d/1X6lbPLONYHUYOsf3Hr9IuYleCZS1mt9A",
        "写真URL③": null,
        "写真URL④": null,
        "写真URL⑤": null
      }
    },
    {
      "type": "Feature",
      "geometry": {
        "type": "Point",
        "coordinates": [
          131.447082,
          34.146015
        ]
      },
      "properties": {
        "name": "椹野川運動公園（Fushino-gawa Undo Park ）",
        "説明・詳細（日本語）": "雨あがりの夕方の景色です。\r\n雨が上がって、「もう地面乾いたかなー、練習したいなー」と思って河川敷に来てみて撮ったのがこの写真です。雨上がりの夕方ならではの絶景です。",
        "説明・詳細（英語）": "This is the view after the rain on an evening.\r\nAfter the rain stopped, I came to this riverside thinking, “I wonder if the ground is dry yet? I want to practice!” and took this photo. It's a breathtaking view unique to the evening after the rain.",
        "写真枚数": 1,
        "写真URL①": "https://lh3.googleusercontent.com/d/1Wq5G1IMhXwNpsoO6ZIuYw1N5h0L9vhyf",
        "写真URL②": null,
        "写真URL③": null,
        "写真URL④": null,
        "写真URL⑤": null
      }
    },
    {
      "type": "Feature",
      "geometry": {
        "type": "Point",
        "coordinates": [
          131.455232,
          34.183328
        ]
      },
      "properties": {
        "name": "おとどい山リフレッシュロード　(Otodoi Mountain Refresh Road)",
        "説明・詳細（日本語）": "綺麗に整備されていて、トイレも新しくなりました。A～Dのコースに分かれています。\r\n春になると桜が綺麗です。",
        "説明・詳細（英語）": "The grounds are beautifully maintained, and the restrooms have been newly renovated.\r\nThe course is divided into sections A through D.\r\nIn spring, the cherry blossoms are stunning.",
        "写真枚数": 0,
        "写真URL①": null,
        "写真URL②": null,
        "写真URL③": null,
        "写真URL④": null,
        "写真URL⑤": null
      }
    },
    {
      "type": "Feature",
      "geometry": {
        "type": "Point",
        "coordinates": [
          131.47782,
          34.180597
        ]
      },
      "properties": {
        "name": "クリエイティブ・スペース赤れんが（Creative Space Red Brick ） ",
        "説明・詳細（日本語）": "旧県立山口図書館の書庫だった建物の「赤れんが」を保存・再生して文化施設として生まれ変わりました。美術展示、コンサートなどが開かれています。\r\n夕景。",
        "説明・詳細（英語）": "The building that once housed the book depository of the former Yamaguchi Prefectural Library has been preserved and revitalized as a cultural facility. It now hosts art exhibitions, concerts, and other events.\r\nEvening view.",
        "写真枚数": 1,
        "写真URL①": "https://lh3.googleusercontent.com/d/10R7YkudXvayJ9EDYXnBQ-WNnnqQWYxQb",
        "写真URL②": null,
        "写真URL③": null,
        "写真URL④": null,
        "写真URL⑤": null
      }
    },
    {
      "type": "Feature",
      "geometry": {
        "type": "Point",
        "coordinates": [
          131.47503,
          34.180672
        ]
      },
      "properties": {
        "name": "パークロード　地下道（park road/underpass）",
        "説明・詳細（日本語）": "パークロードは、日本の道100選にも選ばれています。地下道の壁面には、山口市内のお祭りの様子がモザイクタイルで描かれています。",
        "説明・詳細（英語）": "Park Road has been selected as one of Japan's Top 100 Roads. The walls of the underpass feature mosaic tiles depicting scenes from Yamaguchi City's festivals.",
        "写真枚数": 1,
        "写真URL①": "https://lh3.googleusercontent.com/d/139X-GqaluxHM-QWm6bWyMNpbP3ksZdag",
        "写真URL②": null,
        "写真URL③": null,
        "写真URL④": null,
        "写真URL⑤": null
      }
    },
    {
      "type": "Feature",
      "geometry": {
        "type": "Point",
        "coordinates": [
          131.475068,
          34.179851
        ]
      },
      "properties": {
        "name": "パークロード（park road）",
        "説明・詳細（日本語）": "パークロードは、日本の道100選にも選ばれています。街路樹が、四季折々の美しさを見せてくれます。",
        "説明・詳細（英語）": "Park Road has been selected as one of Japan's Top 100 Roads. Its street trees display the beauty of each season.",
        "写真枚数": 1,
        "写真URL①": "https://lh3.googleusercontent.com/d/1SL9DN_K3-Ia_bGVPjl8CuNZp5XiwYqW-",
        "写真URL②": null,
        "写真URL③": null,
        "写真URL④": null,
        "写真URL⑤": null
      }
    },
    {
      "type": "Feature",
      "geometry": {
        "type": "Point",
        "coordinates": [
          131.45457,
          34.176003
        ]
      },
      "properties": {
        "name": "バターナッツかぼちゃ（butternut pumpkin）",
        "説明・詳細（日本語）": "散歩をしていたら、近所の方に収穫したてのバターナッツかぼちゃをいただきました！\r\n「フライパンで焼いて、塩をふって食べたらおいしいよ！」",
        "説明・詳細（英語）": "While walking, a neighbor gave me a freshly harvested butternut pumpkin. \"Try to fly it in a pan and top with salt—it's yummy!\"",
        "写真枚数": 1,
        "写真URL①": "https://lh3.googleusercontent.com/d/1nFwB9kknZQzRyFTHlSzJc99SYnQtJuMP",
        "写真URL②": null,
        "写真URL③": null,
        "写真URL④": null,
        "写真URL⑤": null
      }
    },
    {
      "type": "Feature",
      "geometry": {
        "type": "Point",
        "coordinates": [
          131.478004,
          34.167431
        ]
      },
      "properties": {
        "name": "プリンセスロード公園　(Princess Road Park)",
        "説明・詳細（日本語）": "歩道橋の入り口の横にある小さな公園です。\r\n散歩に来るなら昼もいいけど夕暮れ時がおすすめです。暗くなった空もきれいだし、プリンセスロードもよく映えます。ある程度暗くなっても周囲が明るいのと、交通量が多いのでゆったりお散歩できると思います。\r\n周りに色んな街灯があるので、場所によって色の違う影ができてちょっと面白いです。",
        "説明・詳細（英語）": "It's a small park next to the entrance of the pedestrian bridge.\r\nIf you're coming for a walk, daytime is fine, but I recommend dusk. The darkening sky is beautiful, and Princess Road looks especially lovely. Even after it gets somewhat dark, the surroundings remain bright and traffic is heavy, so you should be able to stroll at a leisurely pace.\r\nWith all the streetlights around, the shadows change color depending on where you are, which is kind of interesting.",
        "写真枚数": 4,
        "写真URL①": "https://lh3.googleusercontent.com/d/1gRNaMgNHa9Q6VSW4q1fbTc2wHAULgLiR",
        "写真URL②": "https://lh3.googleusercontent.com/d/11wukNmbwRZKBjZMJOro4Kh5YwZg0mw9l",
        "写真URL③": "https://lh3.googleusercontent.com/d/1eOSmkmeggA44vTNYy0RksHNQO6vEc6Os",
        "写真URL④": "https://lh3.googleusercontent.com/d/1R7iKRSTPaVfPBdhEkvN4e2vJg_JhK-es",
        "写真URL⑤": null
      }
    },
    {
      "type": "Feature",
      "geometry": {
        "type": "Point",
        "coordinates": [
          131.435269,
          34.155062
        ]
      },
      "properties": {
        "name": "維新百年記念公園（Ishin 100 MemorialPark）",
        "説明・詳細（日本語）": "レノファ山口のホームスタジアムである、維新みらいふスタジアムが見えます。スタジアムの周りには、ランニングコースが整備されています。",
        "説明・詳細（英語）": "You can see the Ishin Miraifu Stadium, home stadium of Renofa Yamaguchi. A running course has been established around the stadium.",
        "写真枚数": 1,
        "写真URL①": "https://lh3.googleusercontent.com/d/17j7YL-Gc6RFoB13E-wFrczwFbCsHXb-j",
        "写真URL②": null,
        "写真URL③": null,
        "写真URL④": null,
        "写真URL⑤": null
      }
    },
    {
      "type": "Feature",
      "geometry": {
        "type": "Point",
        "coordinates": [
          131.437619,
          34.156483
        ]
      },
      "properties": {
        "name": "維新百年記念公園（Ishin 100 MemorialPark）",
        "説明・詳細（日本語）": "公園内は、色々なルートでランニングや散策できるようになっています。その日の気分で、毎日違うルートで散歩を楽しめます。メタセコイア夕景。",
        "説明・詳細（英語）": "The park features various routes for running and strolling. You can enjoy a different route each day based on your mood. Metasequoia sunset view.",
        "写真枚数": 1,
        "写真URL①": "https://lh3.googleusercontent.com/d/14BzE1imlOWmDNnDrvRZ60Hl9OYYvIo1H",
        "写真URL②": null,
        "写真URL③": null,
        "写真URL④": null,
        "写真URL⑤": null
      }
    },
    {
      "type": "Feature",
      "geometry": {
        "type": "Point",
        "coordinates": [
          131.456536,
          34.163718
        ]
      },
      "properties": {
        "name": "井上公園　(Inoue Park)",
        "説明・詳細（日本語）": "湯田出身の維新志士で長州ファイブの一人である井上馨の生家があった土地です。井上馨の銅像や、種田山頭火の句碑などがあります。",
        "説明・詳細（英語）": "This is the site where the birthplace of Kaoru Inoue, a Meiji Restoration patriot from Yuda and one of the Chōshū Five, once stood. It features a bronze statue of Kaoru Inoue and a monument inscribed with a poem by Santōka Taneda.",
        "写真枚数": 1,
        "写真URL①": "https://lh3.googleusercontent.com/d/1CIEkOX_niF7JaFP_R1s6jB8dF5MkR2vr",
        "写真URL②": null,
        "写真URL③": null,
        "写真URL④": null,
        "写真URL⑤": null
      }
    },
    {
      "type": "Feature",
      "geometry": {
        "type": "Point",
        "coordinates": [
          131.474193,
          34.175533
        ]
      },
      "properties": {
        "name": "一ノ坂川　（Ichinosaka river）",
        "説明・詳細（日本語）": "一ノ坂川の冬の写真です。春になると桜が満開に、初夏には蛍が飛び交います。",
        "説明・詳細（英語）": "This is a winter photo of Ichinosaka River. In spring, cherry blossoms bloom in full bloom, and in early summer, fireflies flit about.",
        "写真枚数": 1,
        "写真URL①": "https://lh3.googleusercontent.com/d/13PvCOUHu00InrE4HoSI12Oe9S8MvsHQB",
        "写真URL②": null,
        "写真URL③": null,
        "写真URL④": null,
        "写真URL⑤": null
      }
    },
    {
      "type": "Feature",
      "geometry": {
        "type": "Point",
        "coordinates": [
          131.472761,
          34.18093
        ]
      },
      "properties": {
        "name": "亀山公園 （Kameyama park）",
        "説明・詳細（日本語）": "亀山公園山頂から、高嶺山頂が見えます。側に休憩所やお手洗いもあるので、立ち寄って一服してみてください。",
        "説明・詳細（英語）": "From the summit of Kameyama Park, you can see the peak of Kounomine. There's a rest area and restrooms nearby, so stop by and take a break.",
        "写真枚数": 2,
        "写真URL①": "https://lh3.googleusercontent.com/d/1cCoOXPSW4t4jTMENkWdTUHHuzHcm1glm",
        "写真URL②": "https://lh3.googleusercontent.com/d/1EbJ7Pqma8LHfxYgHZkCKQtVB9MnB3_RH",
        "写真URL③": null,
        "写真URL④": null,
        "写真URL⑤": null
      }
    },
    {
      "type": "Feature",
      "geometry": {
        "type": "Point",
        "coordinates": [
          131.473855,
          34.180535
        ]
      },
      "properties": {
        "name": "亀山公園（Kameyama park）",
        "説明・詳細（日本語）": "亀山山頂まで66mだそうですが、公園内を散策すると階段がたくさん！（車で上がれる道、スロープもあります）\r\n全て階段を選んで周遊すると、運動不足の身には膝がガクガクしますが、山頂公園の景色と程よい疲労感が、クセになります。",
        "説明・詳細（英語）": "It's only 66 meters to the top of Kameyama Peak, but walking around the park reveals tons of stairs! (There's also a road and ramp you can drive up.)\r\nChoosing to take all the stairs on your loop will leave your knees wobbly if you're out of shape, but the view from the summit park and that satisfying sense of exertion become addictive.",
        "写真枚数": 1,
        "写真URL①": "https://lh3.googleusercontent.com/d/176oZ8tUJ6W-Kmi1RzDmamJrUNbJFwJoH",
        "写真URL②": null,
        "写真URL③": null,
        "写真URL④": null,
        "写真URL⑤": null
      }
    },
    {
      "type": "Feature",
      "geometry": {
        "type": "Point",
        "coordinates": [
          131.442637,
          34.153129
        ]
      },
      "properties": {
        "name": "吉敷川沿い　彼岸花（Yoshiki River riverside）",
        "説明・詳細（日本語）": "吉敷川にかかる仁斗代橋（にとしろばし）の上から撮影しました。川沿いに四季折々の花が咲き、野鳥も多く見られます。\r\nこの日は彼岸花が。彼岸花は、9月下旬に1週間程度見頃を迎える花で、日常の景色の中に突然赤い絨毯が出現します。",
        "説明・詳細（英語）": "This photo was taken from Nitoshiro Bridge spanning the Yoshiki River. Along the riverbanks, seasonal flowers bloom throughout the year, and many wild birds can be seen.\r\nOn this day, it was the red spider lilies. Red spider lilies reach their peak bloom for about a week in late September, suddenly appearing like a red carpet in the everyday landscape.",
        "写真枚数": 1,
        "写真URL①": "https://lh3.googleusercontent.com/d/1w8_ChHJMTYJy6XU6i-5RMmQ5G5We8UWr",
        "写真URL②": null,
        "写真URL③": null,
        "写真URL④": null,
        "写真URL⑤": null
      }
    },
    {
      "type": "Feature",
      "geometry": {
        "type": "Point",
        "coordinates": [
          131.451008,
          34.163931
        ]
      },
      "properties": {
        "name": "錦川沿い（Nishiki River riverside）",
        "説明・詳細（日本語）": "大通りではない裏道の川土手なので、歩きや自転車での散策にオススメです。\r\n四季折々の花や野鳥に出会えます。",
        "説明・詳細（英語）": "Located along a riverside path off the main streets, it's perfect for walking or cycling.\r\nYou can encounter seasonal flowers and wild birds throughout the year.",
        "写真枚数": 1,
        "写真URL①": "https://lh3.googleusercontent.com/d/1SU-3-Ou7SR2Jk1CnbpekJTyr5SDzHdAY",
        "写真URL②": null,
        "写真URL③": null,
        "写真URL④": null,
        "写真URL⑤": null
      }
    },
    {
      "type": "Feature",
      "geometry": {
        "type": "Point",
        "coordinates": [
          131.441267,
          34.137881
        ]
      },
      "properties": {
        "name": "九田川（Kyu-den river）",
        "説明・詳細（日本語）": "鯉が泳いでいます。",
        "説明・詳細（英語）": "Carps(Koi) are swimming.",
        "写真枚数": 0,
        "写真URL①": null,
        "写真URL②": null,
        "写真URL③": null,
        "写真URL④": null,
        "写真URL⑤": null
      }
    },
    {
      "type": "Feature",
      "geometry": {
        "type": "Point",
        "coordinates": [
          131.46274,
          34.169655
        ]
      },
      "properties": {
        "name": "熊野神社近く　里山の風景（countryside view）",
        "説明・詳細（日本語）": "熊野神社の石段脇の道を入って行くと、山水園があります。日本庭園が素晴らしいお宿ですが、立ち寄り入浴出来るので、地元の人にも人気があります。",
        "説明・詳細（英語）": "Entering the path beside the stone steps of Kumano Shrine leads to Sansui-en. This inn boasts a splendid Japanese garden, and its day-use baths make it popular with locals as well.",
        "写真枚数": 1,
        "写真URL①": "https://lh3.googleusercontent.com/d/1EZJyCSXf0oZDUa6OJCRqf999i8hUh5Mw",
        "写真URL②": null,
        "写真URL③": null,
        "写真URL④": null,
        "写真URL⑤": null
      }
    },
    {
      "type": "Feature",
      "geometry": {
        "type": "Point",
        "coordinates": [
          131.473448,
          34.181986
        ]
      },
      "properties": {
        "name": "県立博物館側の噴水（near The Yamaguchi Prefectural Museum/fountain）",
        "説明・詳細（日本語）": "8月上旬に開催される山口七夕ちょうちんまつり。地元の子供たちはこぞって出かけます。祭の終わりの帰り道、親が近くまで迎えにきてくれるのを待つのはこの噴水広場でした。気になるあの子と一緒に。",
        "説明・詳細（英語）": "The Yamaguchi Tanabata Lantern Festival held in early August. All the local children go out to participate. On the way home after the festival ended, this fountain plaza was the place to wait for parents coming to pick them up nearby. With the person they liked.",
        "写真枚数": 1,
        "写真URL①": "https://lh3.googleusercontent.com/d/1cGZYfyHP_LzdxNVlRQzzAVkb90sxbMXk",
        "写真URL②": null,
        "写真URL③": null,
        "写真URL④": null,
        "写真URL⑤": null
      }
    },
    {
      "type": "Feature",
      "geometry": {
        "type": "Point",
        "coordinates": [
          131.48173,
          34.187076
        ]
      },
      "properties": {
        "name": "今八幡宮（Ima Hachiman-gu Shrine）",
        "説明・詳細（日本語）": "息をきらせながら階段を登ると、小高い丘の上に今八幡宮があります。\r\n一帯に野田神社や豊栄神社もあり、寺社巡りが出来ます。\r\n七五三のお詣りで来ている人に出会いました。",
        "説明・詳細（英語）": "Panting as I climbed the stairs, I found Imahachiman Shrine atop a small hill.\r\nThe area also includes Noda Shrine and Toyosaka Shrine, making it perfect for temple and shrine visits.\r\nI encountered people visiting for the Shichi-Go-San festival.",
        "写真枚数": 1,
        "写真URL①": "https://lh3.googleusercontent.com/d/1ZUTg8CGU8Pu9JLWdJxa7epKq5woYk2js",
        "写真URL②": null,
        "写真URL③": null,
        "写真URL④": null,
        "写真URL⑤": null
      }
    },
    {
      "type": "Feature",
      "geometry": {
        "type": "Point",
        "coordinates": [
          131.371894,
          34.003738
        ]
      },
      "properties": {
        "name": "山口きらら博記念公園（Yamaguchi Kirara Expo Memorial Park）",
        "説明・詳細（日本語）": "公園内は広大な敷地内に遊歩道が整備され、散歩、ランニングに最適です。園内、外海とつながっている月の海では、水遊びをしている家族連れをよく見かけます。",
        "説明・詳細（英語）": "The park features walking paths throughout its expansive grounds, making it ideal for strolling and jogging. At the Tsukinoumi, which connects to the open ocean within the park, families are often seen enjoying water play.",
        "写真枚数": 1,
        "写真URL①": "https://lh3.googleusercontent.com/d/1uk1XRncanxLExsRojkzQjyYqVpH2vkDO",
        "写真URL②": null,
        "写真URL③": null,
        "写真URL④": null,
        "写真URL⑤": null
      }
    },
    {
      "type": "Feature",
      "geometry": {
        "type": "Point",
        "coordinates": [
          131.480615,
          34.17271
        ]
      },
      "properties": {
        "name": "山口駅（Yamaguchi Station）",
        "説明・詳細（日本語）": "駅前にある大内人形の大きなマスコットが目印です。クリスマスシーズンには美しいイルミネーションが飾られます。",
        "説明・詳細（英語）": "The large Ouchi Ningyo mascot in front of the station serves as a landmark. During the Christmas season, beautiful illuminations are displayed.",
        "写真枚数": 2,
        "写真URL①": "https://lh3.googleusercontent.com/d/1tBaRW-dn-ajMFsuCALiF2SWTa7sovjhb",
        "写真URL②": "https://lh3.googleusercontent.com/d/1alA6rnzwmYabb2Z_FiOJmS9zYpysRXz_",
        "写真URL③": null,
        "写真URL④": null,
        "写真URL⑤": null
      }
    },
    {
      "type": "Feature",
      "geometry": {
        "type": "Point",
        "coordinates": [
          131.479681,
          34.17362
        ]
      },
      "properties": {
        "name": "山口駅通り　(Yamaguchi Station Street)",
        "説明・詳細（日本語）": "まっすぐ大きな通りにイチョウ並木が沿っています。秋の終わりごろにイチョウがまっ黄色に染まり、雰囲気が大きく変わります。イチョウの落葉の頃は、道全体に黄色いカーペットができます。12月になるとイルミネーションが飾られて美しいです。",
        "説明・詳細（英語）": "A straight, wide avenue is lined with ginkgo trees. Toward the end of autumn, the ginkgo leaves turn a brilliant yellow, dramatically transforming the atmosphere. When the ginkgo leaves fall, they create a yellow carpet across the entire road. Come December, the avenue is decorated with illuminations, creating a beautiful sight.",
        "写真枚数": 3,
        "写真URL①": "https://lh3.googleusercontent.com/d/1E1Upe9G3JCyrQF-aJS-wvik__Ao7hjwv",
        "写真URL②": "https://lh3.googleusercontent.com/d/1MeprHkj3mTrBK1GwgVMJqFf6jYru0fTJ",
        "写真URL③": "https://lh3.googleusercontent.com/d/10I7guGuXKJ7xJwhHz0jB8XUGHXjkTGW6",
        "写真URL④": null,
        "写真URL⑤": null
      }
    },
    {
      "type": "Feature",
      "geometry": {
        "type": "Point",
        "coordinates": [
          131.468389,
          34.163807
        ]
      },
      "properties": {
        "name": "山口秋吉台公園自転車道（Yamaguchi AkiyoshidaiPark bicycle path line）",
        "説明・詳細（日本語）": "椹野川沿いに、山口秋吉台自転車道が整備されていて、山口のランニング・散歩スポットの一つです。野鳥が多く見られます。",
        "説明・詳細（英語）": "Along the Sawano River, the Yamaguchi Akiyoshidai Cycling Path has been developed, making it one of Yamaguchi's popular spots for running and walking. Many wild birds can be seen here.",
        "写真枚数": 1,
        "写真URL①": "https://lh3.googleusercontent.com/d/1NZUmuIt6PeV2Q7zdCLxJ22bNJtPGq52D",
        "写真URL②": null,
        "写真URL③": null,
        "写真URL④": null,
        "写真URL⑤": null
      }
    },
    {
      "type": "Feature",
      "geometry": {
        "type": "Point",
        "coordinates": [
          131.455117,
          34.153011
        ]
      },
      "properties": {
        "name": "山口秋吉台公園自転車道（Yamaguchi AkiyoshidaiPark bicycle path line）",
        "説明・詳細（日本語）": "椹野川沿いに、山口秋吉台自転車道が整備されていて、山口のランニング・散歩スポットの一つです。野鳥が多く見られます。",
        "説明・詳細（英語）": "Along the Sawano River, the Yamaguchi Akiyoshidai Cycling Path has been developed, making it one of Yamaguchi's popular spots for running and walking. Many wild birds can be seen here.",
        "写真枚数": 1,
        "写真URL①": "https://lh3.googleusercontent.com/d/1Gx37djMbd6FyPenAexAipS9_Jv1nMLGi",
        "写真URL②": null,
        "写真URL③": null,
        "写真URL④": null,
        "写真URL⑤": null
      }
    },
    {
      "type": "Feature",
      "geometry": {
        "type": "Point",
        "coordinates": [
          131.395749,
          34.09405
        ]
      },
      "properties": {
        "name": "新山口駅　南北自由通路からの夕日（Shin-Yamaguchi Station）",
        "説明・詳細（日本語）": "新山口駅の南北自由通路の在来線口側です。KDDI維新ホールにつながる通路側に沈む夕日を撮影しました。",
        "説明・詳細（英語）": "This is the conventional line entrance side of the north-south passageway at Shin-Yamaguchi Station. I photographed the setting sun sinking toward the passageway leading to KDDI Ishin Hall.",
        "写真枚数": 1,
        "写真URL①": "https://lh3.googleusercontent.com/d/1AGxuVhUFnfc1GKyt1Y9DxbBRrkxndEk9",
        "写真URL②": null,
        "写真URL③": null,
        "写真URL④": null,
        "写真URL⑤": null
      }
    },
    {
      "type": "Feature",
      "geometry": {
        "type": "Point",
        "coordinates": [
          131.489875,
          34.198481
        ]
      },
      "properties": {
        "name": "雪舟庭の池周辺（Sessyu-tei）",
        "説明・詳細（日本語）": "常栄寺の境内のため、入場は有料ですが、広い庭の周りを歩くことができます。森林の中を歩いていると心が落ち着きます。",
        "説明・詳細（英語）": "Admission to the grounds of Jōei-ji Temple is charged, but you can walk around the expansive garden. Walking through the forest calms the mind.",
        "写真枚数": 2,
        "写真URL①": "https://lh3.googleusercontent.com/d/1vMyTmWzW6VQ31MzImRneApBESD0I6rtY",
        "写真URL②": "https://lh3.googleusercontent.com/d/1pFCh-M5q8JjrDdW1cew_4xLs8zt9vwWz",
        "写真URL③": null,
        "写真URL④": null,
        "写真URL⑤": null
      }
    },
    {
      "type": "Feature",
      "geometry": {
        "type": "Point",
        "coordinates": [
          131.466227,
          34.169781
        ]
      },
      "properties": {
        "name": "中央公園（central park）",
        "説明・詳細（日本語）": "500円玉ほどの大きなどんぐり見つけた！\r\n公園内にいろいろな木があります。",
        "説明・詳細（英語）": "I found an acorn about the size of a 500-yen coin!\r\nThere are various trees in the park.",
        "写真枚数": 2,
        "写真URL①": "https://lh3.googleusercontent.com/d/1VcTz8n-hgMcrh1neg5pJ8EoURcpxWIFB",
        "写真URL②": "https://lh3.googleusercontent.com/d/1eutCB-TBpDOoFmxOtGf-SV8LihDcc2Ex",
        "写真URL③": null,
        "写真URL④": null,
        "写真URL⑤": null
      }
    },
    {
      "type": "Feature",
      "geometry": {
        "type": "Point",
        "coordinates": [
          131.5766,
          34.31356
        ]
      },
      "properties": {
        "name": "長門峡　（Chomonkyo）",
        "説明・詳細（日本語）": "山口市阿東から萩市川上にまたがる阿武川沿いの渓谷です。全長5.5kmの遊歩道が整備されています。写真は、途中の東屋の近く。遊歩道の中程にある鈴ヶ茶屋の鮎料理は、ここでしか味わえない絶品です。（営業日を確認して行かないとお腹を空かせたまま帰って来ることになるので、ご注意ください）",
        "説明・詳細（英語）": "This gorge stretches along the Abu River, spanning from Ato in Yamaguchi City to Kawakami in Hagi City. A 5.5-kilometer walking trail has been developed. The photo shows the area near the rest house along the way. The ayu (sweetfish) dishes at Suzugachaya, located midway along the trail, are a unique delicacy you can only enjoy here. (Please note: Be sure to check their business days before visiting, or you may end up going home hungry.)",
        "写真枚数": 1,
        "写真URL①": "https://lh3.googleusercontent.com/d/1kbkv2ernxD3my99xXr72zLN62aDVc9pv",
        "写真URL②": null,
        "写真URL③": null,
        "写真URL④": null,
        "写真URL⑤": null
      }
    },
    {
      "type": "Feature",
      "geometry": {
        "type": "Point",
        "coordinates": [
          131.459016,
          34.162399
        ]
      },
      "properties": {
        "name": "猫のオブジェ(Cat sculpture)",
        "説明・詳細（日本語）": "このあたりに猫のオブジェがたくさんあって癒される場所があるらしい。住宅街なのでマナーには気を付けて見てみてください。",
        "説明・詳細（英語）": "There's apparently a soothing spot around here with lots of cat sculptures. Since it's a residential area, please be mindful of your manners when visiting.",
        "写真枚数": 0,
        "写真URL①": null,
        "写真URL②": null,
        "写真URL③": null,
        "写真URL④": null,
        "写真URL⑤": null
      }
    },
    {
      "type": "Feature",
      "geometry": {
        "type": "Point",
        "coordinates": [
          131.477377,
          34.175895
        ]
      },
      "properties": {
        "name": "乃が美の前（infront of  the Nogami）",
        "説明・詳細（日本語）": "木々が美しい駅通りを、早朝のだれもいない時間帯に散歩するととても気持ちがいい。乃が美（パン屋さん）の前を通るとパンを焼きあげているいい香りがする。",
        "説明・詳細（英語）": "Walking along the station street lined with beautiful trees in the early morning when no one else is around feels wonderful. Passing by Nogami (the bakery), the delightful aroma of freshly baked bread fills the air.",
        "写真枚数": 1,
        "写真URL①": "https://lh3.googleusercontent.com/d/18HtiOgFFhEhYO6Fu_whQm4_XMtodE-Ry",
        "写真URL②": null,
        "写真URL③": null,
        "写真URL④": null,
        "写真URL⑤": null
      }
    },
    {
      "type": "Feature",
      "geometry": {
        "type": "Point",
        "coordinates": [
          131.468217,
          34.161792
        ]
      },
      "properties": {
        "name": "豊年橋（Ho-nen bridge）",
        "説明・詳細（日本語）": "椹野川沿いは景色がよく、野鳥観察もできる、散歩にはうってつけです。\r\n普段は穏やかな椹野川ですが、市内を流れる川が合流してくる大きな川なので、豪雨の際は水位が急激に上がります。豊年橋の脇には、水位観測所があり、ネットで水位を見ることができます。https://y-bousai.pref.yamaguchi.lg.jp/sp/rivermonitor/sprmCamera.aspx?stncd=047&obsdt",
        "説明・詳細（英語）": "The scenery along the Fushino River is good, and you can watch wild birds, so it's perfect for a walk.\r\nThe Fushino River is usually calm, but it is a large river that joins the river flowing through the city, so the water level rises sharply during heavy rain. There is a water level observation station next to the Hounenbashi Bridge, where you can see the water level on the Internet.",
        "写真枚数": 2,
        "写真URL①": "https://lh3.googleusercontent.com/d/1tB6yp0HFq0BSXjqhZJeZ0-F4mDLT0q4f",
        "写真URL②": "https://lh3.googleusercontent.com/d/1iZ3fX-jwi8fRu8WVR9gMRWjPRSnjj2xT",
        "写真URL③": null,
        "写真URL④": null,
        "写真URL⑤": null
      }
    },
    {
      "type": "Feature",
      "geometry": {
        "type": "Point",
        "coordinates": [
          131.480561,
          34.187515
        ]
      },
      "properties": {
        "name": "野田神社（Noda shrine）",
        "説明・詳細（日本語）": "野田神社の鳥居をくぐると、そこは静謐な空間。野田神社、豊栄神社、そして今八幡宮が隣りあわせてあり、境内には大きな木がたくさんあります。\r\n心を落ち着かせたい時の散歩コースにぴったり。",
        "説明・詳細（英語）": "When you pass through the torii of Noda Shrine, it is a quiet space. Noda Shrine, Toyosaka Shrine, and Ima Hachimangu Shrine are adjacent, and there are many large trees in the precincts.\r\nPerfect for a walking course when you want to calm down.",
        "写真枚数": 1,
        "写真URL①": "https://lh3.googleusercontent.com/d/1JVGoyhAqiwiZYPvrlANr1DjAb2nwZOnv",
        "写真URL②": null,
        "写真URL③": null,
        "写真URL④": null,
        "写真URL⑤": null
      }
    },
    {
      "type": "Feature",
      "geometry": {
        "type": "Point",
        "coordinates": [
          131.465535,
          34.17879
        ]
      },
      "properties": {
        "name": "悠久の山口（steep slope）",
        "説明・詳細（日本語）": "1月の朝7時頃の写真です。よく地元の学生が坂道ダッシュをしている坂の上から、山口市内を眺めることができます。お散歩の際にはぜひ通ってみてください！",
        "説明・詳細（英語）": "This is a photo taken around 7 a.m. in January. You can see Yamaguchi City from the top of the slope where local students are often dashing on the slope. Please take a look when you take a walk!",
        "写真枚数": 1,
        "写真URL①": "https://lh3.googleusercontent.com/d/1wbW7_8rQzWhCPdZONteYIEnpapmsI_-d",
        "写真URL②": null,
        "写真URL③": null,
        "写真URL④": null,
        "写真URL⑤": null
      }
    },
    {
      "type": "Feature",
      "geometry": {
        "type": "Point",
        "coordinates": [
          131.478549,
          34.183503
        ]
      },
      "properties": {
        "name": "路地（street）",
        "説明・詳細（日本語）": "山口の大殿地区は京都と似せて、碁盤の目のように路地が整備されています。大内弘世が京から姫君を迎えた時、妻が京の都を懐かしがるので、京の都に模した街づくりをしたと言われています。",
        "説明・詳細（英語）": "The O-dono district of Yamaguchi is similar to Kyoto, and the alleys are maintained like the eyes of a go board. When Hiroyo Ouchi welcomed a princess from Kyoto, it is said that his wife missed the capital of Kyoto, so he made a city that imitated the capital of Kyoto.",
        "写真枚数": 1,
        "写真URL①": "https://lh3.googleusercontent.com/d/1SMFusiUkhPQDjn5JivfszhDtZZKBEg6r",
        "写真URL②": null,
        "写真URL③": null,
        "写真URL④": null,
        "写真URL⑤": null
      }
    },
    {
      "type": "Feature",
      "geometry": {
        "type": "Point",
        "coordinates": [
          131.445687,
          34.144532
        ]
      },
      "properties": {
        "name": "椹野川運動公園（Fushino-gawa Undo Park ）",
        "説明・詳細（日本語）": "この河川敷は、普段はサッカーや野球の練習をする子供たち、家族でにぎわっています。晴れた日に草の上に寝転ぶと、「不来方のお城の草に寝ころびて 空に吸はれし 十五の心」という短歌を詠んだ石川啄木の気持ちになれます。",
        "説明・詳細（英語）": "This riverbank is usually bustling with children practicing soccer and baseball, and families. On a sunny day, lying down on the grass makes you feel like Ishikawa Takuboku, who composed the tanka: “When I was fifteen, lying in the grass at the ruins of Kozukata Castle, gazing up at the sky, I felt as if my heart might be sucked into the sky.”",
        "写真枚数": 1,
        "写真URL①": "https://lh3.googleusercontent.com/d/1hlPhYkuC1jy1YyKRXRY4s_-cYBT0gzfL",
        "写真URL②": null,
        "写真URL③": null,
        "写真URL④": null,
        "写真URL⑤": null
      }
    },
    {
      "type": "Feature",
      "geometry": {
        "type": "Point",
        "coordinates": [
          131.555673,
          34.215284
        ]
      },
      "properties": {
        "name": "KDDIパラボラ館（parabolic antenna museum）",
        "説明・詳細（日本語）": "大きなパラボラアンテナを見学した後で、パラボラ館にも是非立ち寄ってみてください。衛星通信について、楽しみながら学べる施設です。",
        "説明・詳細（英語）": "After visiting the large parabolic antenna, please stop by the parabolic museum. It is a facility where you can learn about satellite communication while having fun.",
        "写真枚数": 1,
        "写真URL①": "https://lh3.googleusercontent.com/d/1QAJhJsRY-Djwrfm9STm4eZQdi9xPbKIU",
        "写真URL②": null,
        "写真URL③": null,
        "写真URL④": null,
        "写真URL⑤": null
      }
    },
    {
      "type": "Feature",
      "geometry": {
        "type": "Point",
        "coordinates": [
          131.456523,
          34.167562
        ]
      },
      "properties": {
        "name": "こんこんパーク　芝生広場　(Konkon Park Grass Square)",
        "説明・詳細（日本語）": "よく見ると…白狐が休んでいるように見えませんか？\r\n芝生広場の遊具は白狐モチーフのものが多く、見ているだけでも楽しいスポットになっています。\r\n遊ぶお子さんがケガをしないように、地面は柔らかい特殊素材が使われています。",
        "説明・詳細（英語）": "If you look closely... doesn't it look like a white fox is resting?\r\nMany of the playground equipment pieces on the lawn square feature white fox motifs, making it a fun spot just to look at.\r\nTo prevent children from getting hurt while playing, the ground is covered with a soft, special material.",
        "写真枚数": 1,
        "写真URL①": "https://lh3.googleusercontent.com/d/1ZLZJDo3z8ECmfwS3TTYoyq78wRcED6-V",
        "写真URL②": null,
        "写真URL③": null,
        "写真URL④": null,
        "写真URL⑤": null
      }
    },
    {
      "type": "Feature",
      "geometry": {
        "type": "Point",
        "coordinates": [
          131.45744,
          34.171291
        ]
      },
      "properties": {
        "name": "バスケットコート（wellness center）",
        "説明・詳細（日本語）": "ウェルネスセンター中央屋外の3on3のバスケットコート\r\n弟と時々バスケットの練習をしに行きます。",
        "説明・詳細（英語）": "3on3 basketball court outdoors in the center center\r\nI sometimes go to practice basketball with my brother.",
        "写真枚数": 2,
        "写真URL①": "https://lh3.googleusercontent.com/d/1-XyPVhmwMYSPoO_L4zDOc2h4PPa3eG7w",
        "写真URL②": "https://lh3.googleusercontent.com/d/1vG1aRa2x_qq6whLYFuhiq2TXVNISRt4P",
        "写真URL③": null,
        "写真URL④": null,
        "写真URL⑤": null
      }
    },
    {
      "type": "Feature",
      "geometry": {
        "type": "Point",
        "coordinates": [
          131.452028,
          34.157157
        ]
      },
      "properties": {
        "name": "バスケットゴール　上矢原第1公園  （Kamiyabara 1 park ）",
        "説明・詳細（日本語）": "小学生用の高さのバスケットゴールが1つあります。",
        "説明・詳細（英語）": "There is one high basketball goal for elementary school students.",
        "写真枚数": 1,
        "写真URL①": "https://lh3.googleusercontent.com/d/1eFhaf5sceUqEkqorbH6Cd0dVIHbWYoHE",
        "写真URL②": null,
        "写真URL③": null,
        "写真URL④": null,
        "写真URL⑤": null
      }
    },
    {
      "type": "Feature",
      "geometry": {
        "type": "Point",
        "coordinates": [
          131.4012,
          34.1178
        ]
      },
      "properties": {
        "name": "ボウリング王国スポルト（Bowling o-koku suporuto）",
        "説明・詳細（日本語）": "友達と遊びに行くと、上手くても、上手くなくても、楽しい。",
        "説明・詳細（英語）": "When I go out with my friends, it's fun whether I'm good at it or not.",
        "写真枚数": 1,
        "写真URL①": "https://lh3.googleusercontent.com/d/1KwUVkBy2JFx8o5LlWmZJxVXQGBLz_TqI",
        "写真URL②": null,
        "写真URL③": null,
        "写真URL④": null,
        "写真URL⑤": null
      }
    },
    {
      "type": "Feature",
      "geometry": {
        "type": "Point",
        "coordinates": [
          131.449037,
          34.012023
        ]
      },
      "properties": {
        "name": "ミュゼ・オートマトン　　原田和明　(Musée Automaton Kazuaki Harada)",
        "説明・詳細（日本語）": "山口が誇るオートマタ（西洋からくり）作家、原田和明さんの作品を鑑賞できるミュージアムです！\r\n入場料は、幼児無料、小学生200円、中学生以上500円（１時間）となっています。入場するとメダルを受け取り、そのメダルで館内のゲームを体験できるというシステムになっています。\r\n知り合いの小学生は、夢中になってゴールできるまでやりこんだそうです。普段、switchに夢中な小学生たちが、ここでは木のぬくもりを感じられ、実際に触れられる体験に夢中になる、というのも魅力の一つだと思います。",
        "説明・詳細（英語）": "This museum showcases the works of Kazuaki Harada, Yamaguchi's renowned automaton (Western mechanical device) artist!\r\nAdmission is free for preschoolers, ¥200 for elementary school students, and ¥500 for junior high school students and older (per hour). Upon entry, visitors receive a medal that can be used to experience games inside the museum.\r\nAn elementary school student friend of mine got so absorbed he kept playing until he reached the goal. I think one of the attractions is that elementary school kids, usually glued to their Nintendo-Switch consoles, become engrossed here in the warmth of wood and hands-on experiences.",
        "写真枚数": 2,
        "写真URL①": "https://lh3.googleusercontent.com/d/1Y2XdpM5I58-WIIGw3_Y21OTlFCnkoWzO",
        "写真URL②": "https://lh3.googleusercontent.com/d/13x0w5RXrKb-qBHUqgYVkDI3SmF2nG8ri",
        "写真URL③": null,
        "写真URL④": null,
        "写真URL⑤": null
      }
    },
    {
      "type": "Feature",
      "geometry": {
        "type": "Point",
        "coordinates": [
          131.439228,
          34.158449
        ]
      },
      "properties": {
        "name": "維新百年記念公園　バスケットコート（Ishin 100 MemorialPark）",
        "説明・詳細（日本語）": "2025年５月に完成した４面のバスケットコートです。毎日地元の人でにぎわっています。公園内のアリーナの中にもバスケットコートがあります。",
        "説明・詳細（英語）": "It is a four-sided basketball court completed in May 2025. It's crowded with locals every day. There is also a basketball court in the arena in the park.",
        "写真枚数": 1,
        "写真URL①": "https://lh3.googleusercontent.com/d/1LXAPoQdE9Vgitw5LU3o3NpfzKQFg1cjJ",
        "写真URL②": null,
        "写真URL③": null,
        "写真URL④": null,
        "写真URL⑤": null
      }
    },
    {
      "type": "Feature",
      "geometry": {
        "type": "Point",
        "coordinates": [
          131.435857,
          34.157228
        ]
      },
      "properties": {
        "name": "維新百年記念公園　大型遊具（Ishin 100 MemorialPark）",
        "説明・詳細（日本語）": "小さい頃、毎週のように遊びに行っていました。今でも、平日の夕方や週末はたくさんの親子連れで賑わっています。「そろそろ帰ろう」「まだ〜」があちらこちらから聞こえます。",
        "説明・詳細（英語）": "When I was little, I used to go out every week. Even now, it is crowded with many parents and children on weekday evenings and weekends. It's time to go home. \"Not yet~\" can be heard here and there.",
        "写真枚数": 1,
        "写真URL①": "https://lh3.googleusercontent.com/d/1iiSgVm08e-M9JvCm2fcYv6to4FQlJXph",
        "写真URL②": null,
        "写真URL③": null,
        "写真URL④": null,
        "写真URL⑤": null
      }
    },
    {
      "type": "Feature",
      "geometry": {
        "type": "Point",
        "coordinates": [
          131.456829,
          34.163068
        ]
      },
      "properties": {
        "name": "井上公園　(Inoue Park)",
        "説明・詳細（日本語）": "大小の遊具が整備してあります。遊具のモチーフは白狐で、かわいい顔をしています。芝生も広いので、広々走り回れると思います。白狐の小さい石像が点在していて癒されます。\r\nこの公園の名称は、高田公園（地名が高田）になっていた時期があったそうなのですが、井上公園に戻りました。\r\n大人もゆったり休憩出来て、散歩もできて楽しめる公園だと思います！梅雨の時期はアジサイが特に綺麗です。\r\nトイレもベンチもあり、使いやすいです。",
        "説明・詳細（英語）": "The park features play equipment of various sizes. The play structures are designed with a white fox motif, sporting cute faces. The lawn is spacious, so children can run around freely. Small white fox stone statues are dotted around the park, creating a soothing atmosphere.\r\nApparently, this park was once named Takada Park (after the Takada district), but it has since reverted to Inoue Park.\r\nIt's a park where adults can relax, take a stroll, and enjoy themselves! During the rainy season, the hydrangeas are especially beautiful.\r\nRestrooms and benches are available, making it very convenient.",
        "写真枚数": 1,
        "写真URL①": "https://lh3.googleusercontent.com/d/1zp1uc1CSzJDh3RUin0U8wA300EU7ZGCm",
        "写真URL②": null,
        "写真URL③": null,
        "写真URL④": null,
        "写真URL⑤": null
      }
    },
    {
      "type": "Feature",
      "geometry": {
        "type": "Point",
        "coordinates": [
          131.472407,
          34.181103
        ]
      },
      "properties": {
        "name": "亀山公園 （Kameyama park）",
        "説明・詳細（日本語）": "椎の実見つけた！おばあちゃんは「子どもの頃、おやつに椎の実を拾ってフライパンで炒って食べたりしてた」って言ってたなぁ。",
        "説明・詳細（英語）": "I found the acorn(can eat) My grandmother said, \"When I was a child, I used to pick up the acorn as a snack and fry it in a frying pan.\"",
        "写真枚数": 2,
        "写真URL①": "https://lh3.googleusercontent.com/d/1WI6PQTJS_rlpHQ3_OlKY0Rhm5rmT2gAW",
        "写真URL②": "https://lh3.googleusercontent.com/d/1bgNxGoAGd5Dp25K4dvBX8iqdmOL8SRal",
        "写真URL③": null,
        "写真URL④": null,
        "写真URL⑤": null
      }
    },
    {
      "type": "Feature",
      "geometry": {
        "type": "Point",
        "coordinates": [
          131.476505,
          34.179936
        ]
      },
      "properties": {
        "name": "亀山公園(Kameyama park)",
        "説明・詳細（日本語）": "遊具もあります。小さい頃美術館の帰りによく遊んでいました。親はなかなか帰れません。",
        "説明・詳細（英語）": "There are also playground equipment. When I was little, I used to play a lot on my way home from the museum. Parents can't go home easily.",
        "写真枚数": 0,
        "写真URL①": null,
        "写真URL②": null,
        "写真URL③": null,
        "写真URL④": null,
        "写真URL⑤": null
      }
    },
    {
      "type": "Feature",
      "geometry": {
        "type": "Point",
        "coordinates": [
          131.473378,
          34.180801
        ]
      },
      "properties": {
        "name": "亀山公園（Kameyama park）",
        "説明・詳細（日本語）": "66mの小高い亀山の山頂一帯が芝生広場になっているので、遊んだり、お弁当を食べたりに最適です。周遊散策すると、見晴らしの良い場所があったり、どんぐりが落ちていたり（子どもには宝物！）。",
        "説明・詳細（英語）": "The 66-meter-high area around the top of Mt. Kame is a lawn square, so it's perfect for playing and eating lunch boxes. If you take a walk around, there are places with good views, and acorns have fallen (a treasure for children!).",
        "写真枚数": 1,
        "写真URL①": "https://lh3.googleusercontent.com/d/1tYUr5Wu1W2Np3UVSMAsZrreUQy0vYK8x",
        "写真URL②": null,
        "写真URL③": null,
        "写真URL④": null,
        "写真URL⑤": null
      }
    },
    {
      "type": "Feature",
      "geometry": {
        "type": "Point",
        "coordinates": [
          131.373739,
          34.008073
        ]
      },
      "properties": {
        "name": "山口きらら記念公園　大型複合遊具広場　（Yamaguchi Kirara Expo Memorial Park）",
        "説明・詳細（日本語）": "中国地方最大級の大型複合遊具広場です。インクルーシブに配慮した遊具など25基128アイテムあるそうです。初めて行った従姉妹は、「ワンダーランドだ」と喜んでいました。",
        "説明・詳細（英語）": "This is one of the largest multi-purpose playgrounds in the Chugoku region. It features 25 play structures with 128 items designed with inclusive play in mind. The mist system helps cool down children engrossed in play and provides shade for parents watching over kids who are running around and not coming back.",
        "写真枚数": 2,
        "写真URL①": "https://lh3.googleusercontent.com/d/1SAehSg58pTAwiomHwA6ywzo2s5HAUjB_",
        "写真URL②": "https://lh3.googleusercontent.com/d/1li0f4Tnjf8zdL1-KW2IoRhwIIUxc0v7D",
        "写真URL③": null,
        "写真URL④": null,
        "写真URL⑤": null
      }
    },
    {
      "type": "Feature",
      "geometry": {
        "type": "Point",
        "coordinates": [
          131.465492,
          34.16916
        ]
      },
      "properties": {
        "name": "中央公園（central park）",
        "説明・詳細（日本語）": "広々とした芝生の公園でのびのびと子供達があそんでいます。近くの山口高校の生徒もよく出没しています。",
        "説明・詳細（英語）": "Children are playing leisurely in the spacious lawn park. Students from nearby Yamaguchi High School are also often haunted.",
        "写真枚数": 2,
        "写真URL①": "https://lh3.googleusercontent.com/d/1U6ld15FTTzWE9MjbJEfyJqlFjMuvHHHD",
        "写真URL②": "https://lh3.googleusercontent.com/d/1JMsA_p9yO6GLy7chGlxLlQTllRo76ZN_",
        "写真URL③": null,
        "写真URL④": null,
        "写真URL⑤": null
      }
    },
    {
      "type": "Feature",
      "geometry": {
        "type": "Point",
        "coordinates": [
          131.477758,
          34.179406
        ]
      },
      "properties": {
        "name": "噴水公園(Funsui park/water fountain)",
        "説明・詳細（日本語）": "涼しい!楽しい!",
        "説明・詳細（英語）": "Cool! It's fun!",
        "写真枚数": 0,
        "写真URL①": null,
        "写真URL②": null,
        "写真URL③": null,
        "写真URL④": null,
        "写真URL⑤": null
      }
    },
    {
      "type": "Feature",
      "geometry": {
        "type": "Point",
        "coordinates": [
          131.401205,
          34.088173
        ]
      },
      "properties": {
        "name": "平成公園（Heisei  park）",
        "説明・詳細（日本語）": "近所の友達とよく一緒に遊んでいました。鬼ごっこが一番好き。",
        "説明・詳細（英語）": "I often played with my neighbor's friends. I like tag the most.",
        "写真枚数": 0,
        "写真URL①": null,
        "写真URL②": null,
        "写真URL③": null,
        "写真URL④": null,
        "写真URL⑤": null
      }
    },
    {
      "type": "Feature",
      "geometry": {
        "type": "Point",
        "coordinates": [
          131.471708,
          34.188807
        ]
      },
      "properties": {
        "name": "うぐいす張りの石畳　(The stone pavement feels like you can hear the song of a bush warbler)",
        "説明・詳細（日本語）": "手をたたいたり、足踏みしたりして音を出すと、美しい少し高い音がこだまして返ってくる不思議な場所です。意図的に作られたものではないそうですが、ビーンとした響きは意外に動画を見返すと聞こえてこないので、その時だけの神秘的な体験です。",
        "説明・詳細（英語）": "This is a mysterious place where, if you clap your hands or stamp your feet to make a sound, a beautiful, slightly high-pitched echo reverberates back. It's said not to be intentionally constructed, but surprisingly, when you rewatch the video, you can't actually hear that distinct, resonant sound. It's a mystical experience unique to that moment.",
        "写真枚数": 1,
        "写真URL①": "https://lh3.googleusercontent.com/d/1We_c6PHSLYcpROFCFDSayCAzEkH9tf7r",
        "写真URL②": null,
        "写真URL③": null,
        "写真URL④": null,
        "写真URL⑤": null
      }
    },
    {
      "type": "Feature",
      "geometry": {
        "type": "Point",
        "coordinates": [
          131.480167,
          34.183954
        ]
      },
      "properties": {
        "name": "しあわせの鐘(Bell of happiness)",
        "説明・詳細（日本語）": "お客さんが自分で自由に撞いていいお寺の鐘は、あまりない気がします。拝観に来る人が多いので、境内にはよく鐘の音が響いています。\r\n鐘の音を聞いていると心が無になれるような心持ちがします。",
        "説明・詳細（英語）": "I don't think there are many temple bells that customers can ring freely by themselves. Many people come to visit, so the sound of bells often rings in the precincts.\r\nWhen I listen to the sound of the bell, I feel like my heart becomes nothing.",
        "写真枚数": 1,
        "写真URL①": "https://lh3.googleusercontent.com/d/1mLYkwBKj3PM7M3gMClhZL2mlT7ewENVS",
        "写真URL②": null,
        "写真URL③": null,
        "写真URL④": null,
        "写真URL⑤": null
      }
    },
    {
      "type": "Feature",
      "geometry": {
        "type": "Point",
        "coordinates": [
          131.477204,
          34.176901
        ]
      },
      "properties": {
        "name": "レトロな公衆電話ボックス　(Retro public telephone booth)",
        "説明・詳細（日本語）": "「うるおい1号」というお名前のようです。まだまだ現役です。昭和レトロな感じがとてもおしゃれです。なぜここに昔ながらの姿で残されているのかは分かりません。",
        "説明・詳細（英語）": "It seems to be named “Uruoi  No. 1.” It's still very much in active service. Its Showa retro feel is incredibly fashionable. I don't know why it remains here in its old-fashioned form.",
        "写真枚数": 2,
        "写真URL①": "https://lh3.googleusercontent.com/d/1-bhW9k91W-tf6XCVjb8n8ynNGa2S4ELA",
        "写真URL②": "https://lh3.googleusercontent.com/d/1d_eZlEqrCQFI61Hwbw5SuHeirWwIpQAs",
        "写真URL③": null,
        "写真URL④": null,
        "写真URL⑤": null
      }
    },
    {
      "type": "Feature",
      "geometry": {
        "type": "Point",
        "coordinates": [
          131.48018,
          34.187431
        ]
      },
      "properties": {
        "name": "花火スポット　(Fireworks viewing spots)",
        "説明・詳細（日本語）": "実はここから今八幡宮の方へ登ると自衛隊の花火が良く見えるらしい\r\n芝生広場としても、ゆっくりできていい",
        "説明・詳細（英語）": "Actually, this spot seems to offer a great view of the Self-Defense Forces fireworks.\r\nIt's also nice as a grassy plaza where you can relax.",
        "写真枚数": 1,
        "写真URL①": "https://lh3.googleusercontent.com/d/1zUer12LgB_MGfkut4PUrcqdBmbqDpIdR",
        "写真URL②": null,
        "写真URL③": null,
        "写真URL④": null,
        "写真URL⑤": null
      }
    },
    {
      "type": "Feature",
      "geometry": {
        "type": "Point",
        "coordinates": [
          131.480159,
          34.188056
        ]
      },
      "properties": {
        "name": "菜香亭（Saiko-tei）",
        "説明・詳細（日本語）": "建物は、山口の迎賓館として明治10年から120年余りの間親しまれた料亭菜香亭を移築復元したものです。\r\nこのお皿は菜香亭所蔵の中で最大の61㎝。ふぐ刺し用。盛るには1kgのトラフグが5、6匹必要だったそうです。",
        "説明・詳細（英語）": "The building was relocated and restored from the Ryotei Saikoutei, which was popular for more than 120 years as a guest house in Yamaguchi.\r\nThis plate is 61 cm, the largest in Saikoutei's collection. For pufferfish sashimi. It seems that 5 or 6 1kg of puffer fish were needed to serve.",
        "写真枚数": 1,
        "写真URL①": "https://lh3.googleusercontent.com/d/1B3EIbAQu7Gh5J8gs7T6gh5RveNqb6pOQ",
        "写真URL②": null,
        "写真URL③": null,
        "写真URL④": null,
        "写真URL⑤": null
      }
    },
    {
      "type": "Feature",
      "geometry": {
        "type": "Point",
        "coordinates": [
          131.439016,
          34.165152
        ]
      },
      "properties": {
        "name": "自動販売機（vending machine）",
        "説明・詳細（日本語）": "カフェオ・レなど、「オ・レ」がずらっと並ぶ、「オ・レ」推しの自動販売機。\r\n・・・なるほど、隣が明治乳業。",
        "説明・詳細（英語）": "A vending machine that recommends \"au lait\" with \"au leit\" lined up, such as Cafe au lait.\r\n...I see, Meiji Nyugyo(milk shop) is next door.",
        "写真枚数": 2,
        "写真URL①": "https://lh3.googleusercontent.com/d/1Pit6X816RTvZ3z0tXmaHRURKwgm_iyZ_",
        "写真URL②": "https://lh3.googleusercontent.com/d/1Sf8yO2C8QVm-dCUk3l1aWGBmK_YV6QZZ",
        "写真URL③": null,
        "写真URL④": null,
        "写真URL⑤": null
      }
    },
    {
      "type": "Feature",
      "geometry": {
        "type": "Point",
        "coordinates": [
          131.478627,
          34.183628
        ]
      },
      "properties": {
        "name": "酒樽茶室　(Sake Barrel Tea Room)",
        "説明・詳細（日本語）": "この施設(まなび館)は元々酒造商家であり、文化庁の登録有形文化財に指定されています。当時使われていた酒樽がお茶室に作り替えられたようです。",
        "説明・詳細（英語）": "This facility (Manabi-kan) was originally a sake brewery merchant house and is designated as a Registered Tangible Cultural Property by the Agency for Cultural Affairs. It appears that the sake barrels used at the time were converted into a tea room.",
        "写真枚数": 3,
        "写真URL①": "https://lh3.googleusercontent.com/d/1i1bf8HXehqmJn2Qqpd153gZH3x-kBhL3",
        "写真URL②": "https://lh3.googleusercontent.com/d/1ArH7NCfKteZ5LkbribZsnum1-PgoMG1c",
        "写真URL③": "https://lh3.googleusercontent.com/d/1JpbdpOF7m2EhOXCVdpntxXy29xGR5j5p",
        "写真URL④": null,
        "写真URL⑤": null
      }
    },
    {
      "type": "Feature",
      "geometry": {
        "type": "Point",
        "coordinates": [
          131.454892,
          34.163505
        ]
      },
      "properties": {
        "name": "西の雅　常盤　女将劇場　(”West Elegance Tokiwa Inn” The Innkeeper's Theater)",
        "説明・詳細（日本語）": "地元の人から、「常盤といえば女将劇場だよね」と言われる名物ショー。踊り、太鼓、マジックショー等盛りだくさん！宿泊されていない方も観覧可能。詳しくは公式HPをご覧ください。",
        "説明・詳細（英語）": "A famous show that locals say, “When you think of Tokiwa, you think of the Innkeeper's Theater!” Featuring dancing, taiko drumming, magic shows, and more! Open to non-guests. For details, please visit the official website.",
        "写真枚数": 0,
        "写真URL①": null,
        "写真URL②": null,
        "写真URL③": null,
        "写真URL④": null,
        "写真URL⑤": null
      }
    },
    {
      "type": "Feature",
      "geometry": {
        "type": "Point",
        "coordinates": [
          131.474818,
          34.174055
        ]
      },
      "properties": {
        "name": "川の上にアーケード（Arcade on the river）",
        "説明・詳細（日本語）": "道場門前と西門前をつなぐ安部橋。「橋の上にまでアーケードがかかっているのは、全国他で見たことがない」と、都市工学の専門家の先生がおっしゃっていました。",
        "説明・詳細（英語）": "Abe Bridge connecting the front of the Dojomonzen and the Nishimonzen. \" I've never seen an arcade on a bridge anywhere else in Japan,\" said a teacher who is an expert in urban engineering.",
        "写真枚数": 1,
        "写真URL①": "https://lh3.googleusercontent.com/d/1P9PgL2Ijxbe7M2c-rDAoaICEbtvipC8U",
        "写真URL②": null,
        "写真URL③": null,
        "写真URL④": null,
        "写真URL⑤": null
      }
    },
    {
      "type": "Feature",
      "geometry": {
        "type": "Point",
        "coordinates": [
          131.473488,
          34.180845
        ]
      },
      "properties": {
        "name": "日本のクリスマスは山口から（Christmas in Japan is from Yamaguchi）",
        "説明・詳細（日本語）": "大内氏とサビエルのつながりから、「日本のクリスマスは山口から」と言われているようです。\r\n1552年12月24日、山口で行われた降誕祭が、日本で初めてクリスマスが祝われた日として記録されています。\r\nサビエルの生まれたハビエル城がスペインのパンプローナ市にあることから、\r\n山口市とパンプローナ市は姉妹都市締結しました。\r\n毎年12月になると、「１２月、山口市はクリスマス市になる」と銘打って、様々なイベントが開催されます。",
        "説明・詳細（英語）": "It seems that it is said that \"Christmas in Japan is from Yamaguchi\" because of the connection between Mr. Ouchi and Xavier.\r\nThe birthday celebration held in Yamaguchi on December 24, 1552 is recorded as the first day in Japan to celebrate Christmas.\r\nSince the castle of Xavier, where Xavier l was born, is located in the city of Pamplona, Spain,\r\nYamaguchi City and Pamplona City have established sister cities.\r\nEvery year in December, various events are held under the name \"In December, Yamaguchi City will become a Christmas market\".\r\nIt seems that it is said that \"Christmas in Japan is from Yamaguchi\" because of the connection between Mr. Ouchi and Sabiel.\r\nThe birthday celebration held in Yamaguchi on December 24, 1552 is recorded as the first day in Japan to celebrate Christmas.\r\nSince the castle of Javier, where Sabiel was born, is located in the city of Pamplona, Spain,\r\nYamaguchi City and Pamplona City have established sister cities.\r\nEvery year in December, various events are held under the name \"In December, Yamaguchi City will become a Christmas market\".",
        "写真枚数": 2,
        "写真URL①": "https://lh3.googleusercontent.com/d/1Ed7tLSOKwJQwHtr-gOlkgpM_SbkTZGo3",
        "写真URL②": "https://lh3.googleusercontent.com/d/1_yyQoGUEfNuXNb_RcDLm2Wvd1HczYij2",
        "写真URL③": null,
        "写真URL④": null,
        "写真URL⑤": null
      }
    },
    {
      "type": "Feature",
      "geometry": {
        "type": "Point",
        "coordinates": [
          131.432836,
          34.170169
        ]
      },
      "properties": {
        "name": "ホタル見橋　(Firefly Viewing Bridge)",
        "説明・詳細（日本語）": "吉敷川にかかる小さな橋。名前の通り、初夏には多くの蛍が飛び交います。また、「ほたるこい」の演奏ができる鉄琴が設置されています。",
        "説明・詳細（英語）": "A small bridge spanning the Yoshikigawa River. True to its name, many fireflies flit about here in early summer. A xylophone is also installed here, allowing visitors to play the “Hotaru Koi(Come here, fireflies)” melody.",
        "写真枚数": 0,
        "写真URL①": null,
        "写真URL②": null,
        "写真URL③": null,
        "写真URL④": null,
        "写真URL⑤": null
      }
    },
    {
      "type": "Feature",
      "geometry": {
        "type": "Point",
        "coordinates": [
          131.475247,
          34.186621
        ]
      },
      "properties": {
        "name": "一つ橋　(Hitotsubashi Bridge)",
        "説明・詳細（日本語）": "人が少なく、橋の近くに写真の邪魔になる木などがないので蛍がよく写ります。時期によっては多くの蛍が飛び交う光景を撮影できるかも？",
        "説明・詳細（英語）": "With few people around and no trees near the bridge to obstruct photos, fireflies photograph beautifully here. Depending on the season, you might even capture scenes of countless fireflies flitting about!",
        "写真枚数": 1,
        "写真URL①": "https://lh3.googleusercontent.com/d/1wkQGKY1uCqZotWJXHllNouGclrFmJj8l",
        "写真URL②": null,
        "写真URL③": null,
        "写真URL④": null,
        "写真URL⑤": null
      }
    },
    {
      "type": "Feature",
      "geometry": {
        "type": "Point",
        "coordinates": [
          131.47729,
          34.182664
        ]
      },
      "properties": {
        "name": "一の坂川(Ichinosaka river)",
        "説明・詳細（日本語）": null,
        "説明・詳細（英語）": null,
        "写真枚数": 0,
        "写真URL①": null,
        "写真URL②": null,
        "写真URL③": null,
        "写真URL④": null,
        "写真URL⑤": null
      }
    },
    {
      "type": "Feature",
      "geometry": {
        "type": "Point",
        "coordinates": [
          131.431304,
          34.181742
        ]
      },
      "properties": {
        "name": "赤田神社裏手　(Back of Akada Shrine)",
        "説明・詳細（日本語）": "人工の光が少ないので、多くの蛍がみられます。自然と蛍の光の組み合わせは心を穏やかにしてくれます。",
        "説明・詳細（英語）": "With minimal artificial light, many fireflies can be seen. The combination of nature and the glow of fireflies calms the heart.",
        "写真枚数": 0,
        "写真URL①": null,
        "写真URL②": null,
        "写真URL③": null,
        "写真URL④": null,
        "写真URL⑤": null
      }
    },
    {
      "type": "Feature",
      "geometry": {
        "type": "Point",
        "coordinates": [
          131.441664,
          34.157375
        ]
      },
      "properties": {
        "name": "維新百年記念公園（Ishin 100 MemorialPark）",
        "説明・詳細（日本語）": "公園内あちこちに桜が植えられています。シートを敷いて、お花見をしながらお弁当を食べる姿もよく見られます。",
        "説明・詳細（英語）": "Cherry trees are planted throughout the park. People often spread out blankets to enjoy bento lunches while viewing the blossoms.",
        "写真枚数": 1,
        "写真URL①": "https://lh3.googleusercontent.com/d/1XVLKHgP7ykcReRJEJthZTWHLCfl1m7xV",
        "写真URL②": null,
        "写真URL③": null,
        "写真URL④": null,
        "写真URL⑤": null
      }
    },
    {
      "type": "Feature",
      "geometry": {
        "type": "Point",
        "coordinates": [
          131.440462,
          34.158174
        ]
      },
      "properties": {
        "name": "維新百年記念公園（Ishin 100 MemorialPark）",
        "説明・詳細（日本語）": "公園内を流れる小川に沿って遊歩道が整備されています。春はお花見で賑わい、夏は小川に入って遊ぶ子どもたちの姿が見られます。",
        "説明・詳細（英語）": "A walking path runs along the small stream flowing through the park. In spring, it bustles with cherry blossom viewing, and in summer, children can be seen playing in the stream.",
        "写真枚数": 1,
        "写真URL①": "https://lh3.googleusercontent.com/d/1bafQ9WASqPBcfUzeGyZqKMMzVVJdOTdo",
        "写真URL②": null,
        "写真URL③": null,
        "写真URL④": null,
        "写真URL⑤": null
      }
    },
    {
      "type": "Feature",
      "geometry": {
        "type": "Point",
        "coordinates": [
          131.477745,
          34.18219
        ]
      },
      "properties": {
        "name": "一ノ坂川（Ichinosak river）",
        "説明・詳細（日本語）": "一ノ坂川沿いは、春になると桜が満開に、初夏には蛍が飛び交います。\r\nライトアップされているので、夜桜も楽しめます。",
        "説明・詳細（英語）": "Along the Ichinosaka River, cherry blossoms bloom in full splendor come spring, and fireflies flit about in early summer.\r\nWith nighttime illumination, you can also enjoy the cherry blossoms after dark.",
        "写真枚数": 1,
        "写真URL①": "https://lh3.googleusercontent.com/d/1qGZgsO5RWAd60EhaYOgebSFNCXwcI-G-",
        "写真URL②": null,
        "写真URL③": null,
        "写真URL④": null,
        "写真URL⑤": null
      }
    },
    {
      "type": "Feature",
      "geometry": {
        "type": "Point",
        "coordinates": [
          131.472917,
          34.180583
        ]
      },
      "properties": {
        "name": "亀山公園 （Kameyama park）",
        "説明・詳細（日本語）": "お花見スポットとして人気があります。\r\n毛利敬親公の銅像の側に、十月桜も咲いていました。\r\n亀山公園は66mの小高い亀山の山頂一帯が、周遊散策できる公園です。",
        "説明・詳細（英語）": "It is a popular spot for cherry blossom viewing.\r\nNear the bronze statue of Lord Mōri Takachika, the October cherry blossoms were also in bloom.\r\nKameyama Park is a walking park encompassing the summit area of the 66-meter-high Kameyama hill, offering a loop trail for strolling.",
        "写真枚数": 2,
        "写真URL①": "https://lh3.googleusercontent.com/d/1qHaeCIKAPKVV2UKteAxGXRot16wi77qH",
        "写真URL②": "https://lh3.googleusercontent.com/d/1DeM8W7kkVqmcekONueQ03V4ZR-J6nlq3",
        "写真URL③": null,
        "写真URL④": null,
        "写真URL⑤": null
      }
    },
    {
      "type": "Feature",
      "geometry": {
        "type": "Point",
        "coordinates": [
          131.434844,
          34.167049
        ]
      },
      "properties": {
        "name": "吉敷川河川敷(Yoshiki river)",
        "説明・詳細（日本語）": "吉敷川は両岸に大きな桜の木が植えられており、春になると綺麗な景色がみられます。\r\n特にここは河川敷に降りて近くから見ることができる場所です。",
        "説明・詳細（英語）": "The Yoshiki River is lined with large cherry trees on both banks, offering beautiful scenery in spring.\r\nThis spot in particular allows you to descend to the riverbank and view them up close.",
        "写真枚数": 0,
        "写真URL①": null,
        "写真URL②": null,
        "写真URL③": null,
        "写真URL④": null,
        "写真URL⑤": null
      }
    },
    {
      "type": "Feature",
      "geometry": {
        "type": "Point",
        "coordinates": [
          131.447307,
          34.161055
        ]
      },
      "properties": {
        "name": "錦川沿いの桜　（Nishiki River riverside）",
        "説明・詳細（日本語）": "桜の木は1本ですが、川にせり出して咲く桜は見事です。散り始めると、川面に花びらが浮かび、花筏になります。",
        "説明・詳細（英語）": "Though only one cherry tree, the blossoms leaning over the river are magnificent. As they begin to fall, petals float on the water's surface, forming a raft of flowers.",
        "写真枚数": 1,
        "写真URL①": "https://lh3.googleusercontent.com/d/1HnmOKQc--tNNHw4z7wkr2sj6y31KOdI_",
        "写真URL②": null,
        "写真URL③": null,
        "写真URL④": null,
        "写真URL⑤": null
      }
    },
    {
      "type": "Feature",
      "geometry": {
        "type": "Point",
        "coordinates": [
          131.479845,
          34.174524
        ]
      },
      "properties": {
        "name": "今市公園(Imaichi park)",
        "説明・詳細（日本語）": "遊具はそんなにないですが、桜に囲まれた大きいスペースがあり、春になると桜の穴場スポットとして家族連れがお花見にやってきます。時折病院の患者さんが看護師さんと公園でリラックスされているのを見るとほっこりします。\r\n公園には金木犀や桜、満天星(ドウダン)つつじが植えられています。花の季節になるととても綺麗で癒されます。",
        "説明・詳細（英語）": "There aren't many playground equipment, but it features a large space surrounded by cherry trees. Come spring, families flock here for hanami, making it a hidden gem for cherry blossom viewing. It's heartwarming to occasionally see hospital patients relaxing in the park with their nurses.\r\nThe park is planted with osmanthus, cherry trees, and Japanese andromeda (doudan) azaleas. During the blooming season, it becomes incredibly beautiful and soothing.",
        "写真枚数": 2,
        "写真URL①": "https://lh3.googleusercontent.com/d/1NaYsjiWsGV5X5VUIJPj6IKoFYEjB4mGq",
        "写真URL②": "https://lh3.googleusercontent.com/d/1lOvgmfw4HRFG4-LHGVJPvkOlwatLcoX9",
        "写真URL③": null,
        "写真URL④": null,
        "写真URL⑤": null
      }
    },
    {
      "type": "Feature",
      "geometry": {
        "type": "Point",
        "coordinates": [
          131.429712,
          34.171832
        ]
      },
      "properties": {
        "name": "成瀬公園（Naruse park）",
        "説明・詳細（日本語）": null,
        "説明・詳細（英語）": null,
        "写真枚数": 0,
        "写真URL①": null,
        "写真URL②": null,
        "写真URL③": null,
        "写真URL④": null,
        "写真URL⑤": null
      }
    },
    {
      "type": "Feature",
      "geometry": {
        "type": "Point",
        "coordinates": [
          131.444421,
          34.159155
        ]
      },
      "properties": {
        "name": "前田川沿いの桜　（Maeda River riverside）",
        "説明・詳細（日本語）": "住宅街に出入りする道路から桜がきれいに見えるので、車での来訪よりも、徒歩や自転車でお花見散策をする方にオススメします。",
        "説明・詳細（英語）": "The cherry blossoms are beautifully visible from the road leading to and from the residential area, so we recommend visiting on foot or by bicycle for a stroll to view the blossoms rather than coming by car.",
        "写真枚数": 1,
        "写真URL①": "https://lh3.googleusercontent.com/d/1Xx9AFdB-Qxl5C9oCD6t-bdYiLHr3CkA_",
        "写真URL②": null,
        "写真URL③": null,
        "写真URL④": null,
        "写真URL⑤": null
      }
    },
    {
      "type": "Feature",
      "geometry": {
        "type": "Point",
        "coordinates": [
          131.724529,
          34.397455
        ]
      },
      "properties": {
        "name": "徳佐八幡宮（Tokusa Hachiman-gu Shrine）",
        "説明・詳細（日本語）": "370m続く参道両脇にびっしりしだれ桜が植えられていて、圧巻です。ピンクのトンネル、一度体感してみてください。",
        "説明・詳細（英語）": "Along both sides of the 370-meter-long approach path, weeping cherry trees are densely planted, creating a breathtaking scene. Experience this pink tunnel for yourself.",
        "写真枚数": 1,
        "写真URL①": "https://lh3.googleusercontent.com/d/1-iRNb_DA18czddvY2jPetVXkXiTUQENn",
        "写真URL②": null,
        "写真URL③": null,
        "写真URL④": null,
        "写真URL⑤": null
      }
    },
    {
      "type": "Feature",
      "geometry": {
        "type": "Point",
        "coordinates": [
          131.464033,
          34.158533
        ]
      },
      "properties": {
        "name": "平川河川公園（Hirakawa Kasen Park）",
        "説明・詳細（日本語）": "卒業式の後にここで写真を撮りました\r\n春にはたくさんの人が花見に訪れます",
        "説明・詳細（英語）": "We took photos here after the graduation ceremony.\r\nIn spring, many people come here for cherry blossom viewing.",
        "写真枚数": 1,
        "写真URL①": "https://lh3.googleusercontent.com/d/1H4v27VHLzGX8HN0X0MulC33A9TulH3RD",
        "写真URL②": null,
        "写真URL③": null,
        "写真URL④": null,
        "写真URL⑤": null
      }
    },
    {
      "type": "Feature",
      "geometry": {
        "type": "Point",
        "coordinates": [
          131.445193,
          34.144168
        ]
      },
      "properties": {
        "name": "椹野川運動公園（Fushino-gawa Undo Park ）",
        "説明・詳細（日本語）": "椹野川運動公園沿いの桜、圧巻です。川土手の道を走ると、目の高さに桜の花が咲いていて、見応えがあります。",
        "説明・詳細（英語）": "The cherry blossoms al Fushino river Sports Park are truly spectacular. Running along the riverbank path, the blossoms bloom at eye level, making for a truly impressive sight.",
        "写真枚数": 1,
        "写真URL①": "https://lh3.googleusercontent.com/d/1To5ne38VcXq-P6-nGG2ntejhjCw5fknJ",
        "写真URL②": null,
        "写真URL③": null,
        "写真URL④": null,
        "写真URL⑤": null
      }
    },
    {
      "type": "Feature",
      "geometry": {
        "type": "Point",
        "coordinates": [
          131.369311,
          34.013159
        ]
      },
      "properties": {
        "name": "きららあじすの菜の花畑(Kirara Ajisu's Rapeseed Flower Field)",
        "説明・詳細（日本語）": "毎年春休み中に見ごろになります。一面に広がる黄色い菜の花と、青空のコントラストが絶品です。",
        "説明・詳細（英語）": "Every year during spring break, it reaches its peak viewing period. The contrast between the vast expanse of yellow rapeseed flowers and the blue sky is truly exquisite.",
        "写真枚数": 1,
        "写真URL①": "https://lh3.googleusercontent.com/d/11oQODC-m8GqIj0UOI33EDbeYziPFdvF7",
        "写真URL②": null,
        "写真URL③": null,
        "写真URL④": null,
        "写真URL⑤": null
      }
    },
    {
      "type": "Feature",
      "geometry": {
        "type": "Point",
        "coordinates": [
          131.370928,
          34.006628
        ]
      },
      "properties": {
        "name": "きらら浜自然観察公園　　（Yamaguchi Kirara Expo Memorial Park）",
        "説明・詳細（日本語）": "中国地方最大級のフラワーガーデンです。四季を通じて花の間を散策して楽しめます。写真は春の景色です。",
        "説明・詳細（英語）": "This is one of the largest flower gardens in the Chugoku region. Visitors can enjoy strolling among the flowers throughout the four seasons. The photo shows the spring scenery.",
        "写真枚数": 2,
        "写真URL①": "https://lh3.googleusercontent.com/d/1--cCPx-wYt13tIMDwjZCdyj9aG7WFehD",
        "写真URL②": "https://lh3.googleusercontent.com/d/1kmTlltcZPe5h5wsHHlQa4VH8vX4bqYd3",
        "写真URL③": null,
        "写真URL④": null,
        "写真URL⑤": null
      }
    },
    {
      "type": "Feature",
      "geometry": {
        "type": "Point",
        "coordinates": [
          131.474164,
          34.181673
        ]
      },
      "properties": {
        "name": "パークロード（park road）",
        "説明・詳細（日本語）": "パークロードの景色は、季節の移ろいに合わせて、毎回違った色合いを見せてくれます。写真は紅葉の始まり。いつも、ちょっと遠回りしてでも通りたくなります。",
        "説明・詳細（英語）": "The scenery along Park Road changes its hues with each passing season. This photo captures the beginning of autumn colors. I always find myself wanting to take a slight detour just to drive through it.",
        "写真枚数": 1,
        "写真URL①": "https://lh3.googleusercontent.com/d/1-gDaOd4g2yAwrP7FSjjIieKpwfDL7WNg",
        "写真URL②": null,
        "写真URL③": null,
        "写真URL④": null,
        "写真URL⑤": null
      }
    },
    {
      "type": "Feature",
      "geometry": {
        "type": "Point",
        "coordinates": [
          131.473764,
          34.180406
        ]
      },
      "properties": {
        "name": "亀山公園（Kameyama park）",
        "説明・詳細（日本語）": "亀山公園内、見晴らしの良い場所に休憩所があります。",
        "説明・詳細（英語）": "Within Kameyama Park, there is a rest area in a spot with a good view.",
        "写真枚数": 1,
        "写真URL①": "https://lh3.googleusercontent.com/d/1Flc_82HQaFMsiltYtEOZUo3ElmKqkXI2",
        "写真URL②": null,
        "写真URL③": null,
        "写真URL④": null,
        "写真URL⑤": null
      }
    },
    {
      "type": "Feature",
      "geometry": {
        "type": "Point",
        "coordinates": [
          131.442785,
          34.154254
        ]
      },
      "properties": {
        "name": "吉敷川沿い（Yoshiki River riverside）",
        "説明・詳細（日本語）": "吉敷川にかかる仁斗代橋（にとしろばし）の近くです。川沿いに四季折々の花が咲き、野鳥も多く見られます。水鏡が見られます。",
        "説明・詳細（英語）": "Near Nitoshiro Bridge spanning the Yoshikigawa River. Flowers bloom along the riverbank throughout the seasons, and many wild birds can be seen. You can see reflections on the water.",
        "写真枚数": 1,
        "写真URL①": "https://lh3.googleusercontent.com/d/1aH-DoL42L1C2icizystgYzowAQ_vRmBO",
        "写真URL②": null,
        "写真URL③": null,
        "写真URL④": null,
        "写真URL⑤": null
      }
    },
    {
      "type": "Feature",
      "geometry": {
        "type": "Point",
        "coordinates": [
          131.471264,
          34.185811
        ]
      },
      "properties": {
        "name": "県庁15F 展望ホール（Yamaguchi Prefectural Goverment/observation deck）",
        "説明・詳細（日本語）": "遠くまで見晴らしが良いです。無料。",
        "説明・詳細（英語）": "You can see far into the distance. No charge.",
        "写真枚数": 1,
        "写真URL①": "https://lh3.googleusercontent.com/d/1m9yvGyq9ftcVqKSE3TGSKZPD_Hl4aR9E",
        "写真URL②": null,
        "写真URL③": null,
        "写真URL④": null,
        "写真URL⑤": null
      }
    },
    {
      "type": "Feature",
      "geometry": {
        "type": "Point",
        "coordinates": [
          131.477157,
          34.178032
        ]
      },
      "properties": {
        "name": "御局橋　(Otubone Bridge）",
        "説明・詳細（日本語）": "一の坂川の水面が空を反射しているのと、洗練された明かり・桜や柳の並木が美しいです。おすすめは夕暮れ、特に日が沈むちょっと前です。\r\n周辺にはいくつも橋が架かっていますが、この橋からだと一番上の写真中央の笠着橋の明かりが薄暗い街の中で綺麗に見えるので写真が撮りやすいと思います。",
        "説明・詳細（英語）": "The surface of Ichinosakagawa River reflects the sky beautifully, and the refined lighting along the rows of cherry and willow trees is stunning. I recommend visiting at dusk, especially just before sunset.\r\nWhile several bridges span the area, this particular bridge offers the best vantage point for photographing the lights of Kasagibashi Bridge (center of the top photo) shining beautifully in the dimly lit cityscape.",
        "写真枚数": 3,
        "写真URL①": "https://lh3.googleusercontent.com/d/1jcn4HxcZzkfakbwU-TEDzE6khvx3mi5h",
        "写真URL②": "https://lh3.googleusercontent.com/d/1ksb7nZhl4DdgfNgn2wQ7DY77xkrB1FAB",
        "写真URL③": "https://lh3.googleusercontent.com/d/1nQTii3xcBPumif1PIHuqnCIH-wmHYdgi",
        "写真URL④": null,
        "写真URL⑤": null
      }
    },
    {
      "type": "Feature",
      "geometry": {
        "type": "Point",
        "coordinates": [
          131.473078,
          34.189603
        ]
      },
      "properties": {
        "name": "香山公園と瑠璃光寺塔（Kozan park/Rurikoji Temple Five-Storied Pagoda）",
        "説明・詳細（日本語）": "山口市のシンボルである瑠璃光寺五重塔はどの季節、どの時間帯に見に行っても圧巻の美しさです。改修工事でより美しくなった五重塔を撮りに出かけてみてはいかがでしょうか。",
        "説明・詳細（英語）": "The Rurikōji Five-storied Pagoda, a symbol of Yamaguchi City, is breathtakingly beautiful no matter what season or time of day you visit. Why not head out to photograph the pagoda, now even more beautiful after its renovation?",
        "写真枚数": 0,
        "写真URL①": null,
        "写真URL②": null,
        "写真URL③": null,
        "写真URL④": null,
        "写真URL⑤": null
      }
    },
    {
      "type": "Feature",
      "geometry": {
        "type": "Point",
        "coordinates": [
          131.462529,
          34.184272
        ]
      },
      "properties": {
        "name": "高嶺城跡（Ko-nomine castle ruins）",
        "説明・詳細（日本語）": "大学生の時に1度ここに登りました。木戸神社の所から登る道がありますが、車1台くらいしか通れないのでご注意を。\r\n山口市を一望できる絶景スポットです！\r\n（写真は亀山公園から高峰を撮影）",
        "説明・詳細（英語）": "I climbed it once during my student days. The trail starts near Kido Shrine, but be careful—there's only a narrow path.\r\nIt's a spectacular viewpoint overlooking all of Yamaguchi City!\r\n(Photo taken from Kameyama Park toward Takamine)",
        "写真枚数": 1,
        "写真URL①": "https://lh3.googleusercontent.com/d/1Dmb2IeXVB7YtrPbjV1HuWhG2TS1YGvuZ",
        "写真URL②": null,
        "写真URL③": null,
        "写真URL④": null,
        "写真URL⑤": null
      }
    },
    {
      "type": "Feature",
      "geometry": {
        "type": "Point",
        "coordinates": [
          131.652002,
          34.185048
        ]
      },
      "properties": {
        "name": "佐波川　里山の風景（countryside view ）",
        "説明・詳細（日本語）": "佐波川の風景を徳地で撮影しています。近くには、ねむの木という、オムライスの美味しいお店があります。",
        "説明・詳細（英語）": "I'm photographing the scenery of the Sabagawa River in Tokuji. Nearby is a restaurant called Nemunoki, known for its delicious omelet rice.",
        "写真枚数": 2,
        "写真URL①": "https://lh3.googleusercontent.com/d/1MvoSFoXSiIqwUj9zF2PHEQml4cgXKZpJ",
        "写真URL②": "https://lh3.googleusercontent.com/d/1yGw8jph0n1WC-hEVFrK1qaLh8jwmFTVZ",
        "写真URL③": null,
        "写真URL④": null,
        "写真URL⑤": null
      }
    },
    {
      "type": "Feature",
      "geometry": {
        "type": "Point",
        "coordinates": [
          131.479947,
          34.188116
        ]
      },
      "properties": {
        "name": "菜香亭（Saiko-tei）",
        "説明・詳細（日本語）": "建物は、山口の迎賓館として明治10年から120年余りの間親しまれた料亭菜香亭を移築復元したものです。 菜香亭の100畳の大広間には、総理大臣・維新志士を含む29枚の自筆の書が飾られています。\r\n庭園も美しいです。",
        "説明・詳細（英語）": "This building is a relocated and restored version of Saikotei, a traditional Japanese restaurant that welcomed guests in Yamaguchi for over 120 years, starting in 1877.\r\nThe hundred-tatami-mat grand hall of Saikotei displays 29 calligraphy works, including pieces by successive prime ministers and Meiji Restoration patriots.\r\nThe garden is also beautiful.",
        "写真枚数": 2,
        "写真URL①": "https://lh3.googleusercontent.com/d/1WJligokYrG4rbTpSQttBrjMEN5diqhvt",
        "写真URL②": "https://lh3.googleusercontent.com/d/18o_YK1TL4f4IsnU0doEn7xfjGU22Kilc",
        "写真URL③": null,
        "写真URL④": null,
        "写真URL⑤": null
      }
    },
    {
      "type": "Feature",
      "geometry": {
        "type": "Point",
        "coordinates": [
          131.462016,
          34.158693
        ]
      },
      "properties": {
        "name": "山口秋吉台公園自転車道（Yamaguchi AkiyoshidaiPark bicycle path line）",
        "説明・詳細（日本語）": "椹野川沿いに、山口秋吉台自転車道が整備されていて、山口のランニング・散歩スポットの一つです。野鳥が多く見られます。冬の朝、水鏡になっていました。",
        "説明・詳細（英語）": "The Yamaguchi Akiyoshidai Cycling Road, developed along the Fushino River, has become one of Yamaguchi Prefecture's popular spots for running and walking. Many wild birds can be seen here. On a winter morning, the water surface was like a mirror.",
        "写真枚数": 1,
        "写真URL①": "https://lh3.googleusercontent.com/d/1VnEf_6L83osCz0hk4oFabAy86ix0_433",
        "写真URL②": null,
        "写真URL③": null,
        "写真URL④": null,
        "写真URL⑤": null
      }
    },
    {
      "type": "Feature",
      "geometry": {
        "type": "Point",
        "coordinates": [
          131.400647,
          34.058544
        ]
      },
      "properties": {
        "name": "山口湾方面　周防大橋（Suo-Ohashi Bridge）",
        "説明・詳細（日本語）": "椹野川の下流域、遠くに周防大橋が見えます。潮の干満で、水位が大きく変わります。",
        "説明・詳細（英語）": "In the lower reaches of the Fushino River, the Suo Ohashi Bridge can be seen in the distance. The water level fluctuates significantly with the tides.",
        "写真枚数": 1,
        "写真URL①": "https://lh3.googleusercontent.com/d/1Ca_Rbka9_l4T4_aS5b2vE56V0d0bOwVV",
        "写真URL②": null,
        "写真URL③": null,
        "写真URL④": null,
        "写真URL⑤": null
      }
    },
    {
      "type": "Feature",
      "geometry": {
        "type": "Point",
        "coordinates": [
          131.46215,
          34.170713
        ]
      },
      "properties": {
        "name": "山水園　庭園（Sansuien/Japanese inn）",
        "説明・詳細（日本語）": "周りの建物が一切見えないのでタイムスリップしたみたいに古き良き日本に触れられる。",
        "説明・詳細（英語）": "It feels like stepping back in time to experience Japan's good old days.",
        "写真枚数": 1,
        "写真URL①": "https://lh3.googleusercontent.com/d/1MspKQGrdBH0SgbJ_xptPiYXWUrmZP4G7",
        "写真URL②": null,
        "写真URL③": null,
        "写真URL④": null,
        "写真URL⑤": null
      }
    },
    {
      "type": "Feature",
      "geometry": {
        "type": "Point",
        "coordinates": [
          131.390079,
          34.033323
        ]
      },
      "properties": {
        "name": "周防大橋上から（Suo-Ohashi Bridge）",
        "説明・詳細（日本語）": "椹野川が山口湾に流れ出る、最下流にかかっている、周防大橋の上からの眺めです。全長約1km。橋の中ほどに、車を寄せて写真を撮れるスペースがあります。",
        "説明・詳細（英語）": "This bridge spans the lowermost reaches of the Fushino River as it flows into Yamaguchi Bay. It is approximately 1 kilometer long. Midway across the bridge, there is a space where you can pull over your car to take photos.",
        "写真枚数": 2,
        "写真URL①": "https://lh3.googleusercontent.com/d/1IaKyWqWKb9YC9v8dNFjRiPIIgk2KhQFI",
        "写真URL②": "https://lh3.googleusercontent.com/d/1itbYIvEr8ao-RRaBdytGjQWxD-Zx8dIT",
        "写真URL③": null,
        "写真URL④": null,
        "写真URL⑤": null
      }
    },
    {
      "type": "Feature",
      "geometry": {
        "type": "Point",
        "coordinates": [
          131.70938,
          34.212512
        ]
      },
      "properties": {
        "name": "重源の郷（Chogen-no-sato）",
        "説明・詳細（日本語）": "四季折々の花が見られる散策道が整備されています。蕎麦打ち体験、徳地和紙の紙漉き体験も出来ます。",
        "説明・詳細（英語）": "A walking path where you can see seasonal flowers throughout the year has been prepared. You can also experience making soba noodles and Tokuchi washi paper.",
        "写真枚数": 2,
        "写真URL①": "https://lh3.googleusercontent.com/d/1kn7e853PfCkHf1HJ_pwimJ2iWFKdQcac",
        "写真URL②": "https://lh3.googleusercontent.com/d/18phORnLwVkLzWsNb3qsdQpOYaMEwQ8kR",
        "写真URL③": null,
        "写真URL④": null,
        "写真URL⑤": null
      }
    },
    {
      "type": "Feature",
      "geometry": {
        "type": "Point",
        "coordinates": [
          131.433949,
          33.989639
        ]
      },
      "properties": {
        "name": "尻川海水浴場（Shirikawa swimming beach）",
        "説明・詳細（日本語）": "約1kmの長さの砂浜が美しい回数浴場です。波が穏やかで、遠浅なので、夏は家族連れで賑わいます。\r\n尻川海水浴場から山道を上ると、立ち寄り入浴出来るあいお荘があり、海水浴を楽しんだ後でお風呂に入れます。",
        "説明・詳細（英語）": "This beautiful bathing beach stretches about 1 km along the sandy shore. With calm waves and a gently sloping seabed, it bustles with families during summer.\r\nHeading up the mountain road from Shirikawa Beach, you'll find Aiosou, where you can stop for a bath after enjoying the sea.",
        "写真枚数": 1,
        "写真URL①": "https://lh3.googleusercontent.com/d/1LylFZSWo4H2cmKxJar0AjMux7BcXPcUc",
        "写真URL②": null,
        "写真URL③": null,
        "写真URL④": null,
        "写真URL⑤": null
      }
    },
    {
      "type": "Feature",
      "geometry": {
        "type": "Point",
        "coordinates": [
          131.489489,
          34.198454
        ]
      },
      "properties": {
        "name": "雪舟庭と紅葉（Sessyu-tei）",
        "説明・詳細（日本語）": "池の周りを囲むように立派な木々が植えられています。\r\nお寺の中から眺めるのとはまた一味違う景色を楽しむことができます。",
        "説明・詳細（英語）": "Magnificent trees are planted encircling the pond.\r\nYou can enjoy a view that offers a different flavor from the one seen from inside the temple.",
        "写真枚数": 2,
        "写真URL①": "https://lh3.googleusercontent.com/d/1oYHHnygeKOX7WqBSOTJarNY_ibuqiNu0",
        "写真URL②": "https://lh3.googleusercontent.com/d/19QIpI2xSi_lyBymfnOujHPsVQLe4AwFd",
        "写真URL③": null,
        "写真URL④": null,
        "写真URL⑤": null
      }
    },
    {
      "type": "Feature",
      "geometry": {
        "type": "Point",
        "coordinates": [
          131.466093,
          34.169439
        ]
      },
      "properties": {
        "name": "中央公園（central park）",
        "説明・詳細（日本語）": "独特な形の市立図書館と、図書館の後ろに見える山並みが美しい。",
        "説明・詳細（英語）": "The uniquely shaped city library and the mountain range visible behind it are beautiful.",
        "写真枚数": 1,
        "写真URL①": "https://lh3.googleusercontent.com/d/14Ad8OEMh59OdT8XwHBgb6Qsd5nKg-hNH",
        "写真URL②": null,
        "写真URL③": null,
        "写真URL④": null,
        "写真URL⑤": null
      }
    },
    {
      "type": "Feature",
      "geometry": {
        "type": "Point",
        "coordinates": [
          131.417484,
          34.211978
        ]
      },
      "properties": {
        "name": "湯田温泉から見る鳳翩山の夕日(Sunset over Mount Hōben seen from Yudaonsen)",
        "説明・詳細（日本語）": null,
        "説明・詳細（英語）": "Sunset over Mount Hōben seen from Yudaonsen",
        "写真枚数": 1,
        "写真URL①": "https://lh3.googleusercontent.com/d/1-eyqioZZspbOwboyWsPOVJUwJNkgqY2z",
        "写真URL②": null,
        "写真URL③": null,
        "写真URL④": null,
        "写真URL⑤": null
      }
    },
    {
      "type": "Feature",
      "geometry": {
        "type": "Point",
        "coordinates": [
          131.468343,
          34.162175
        ]
      },
      "properties": {
        "name": "豊年橋の上から（on the Ho-nen bridge）",
        "説明・詳細（日本語）": "椹野川沿いは景色がよく、野鳥観察もできる、散歩にはうってつけです。 普段は穏やかな椹野川ですが、市内を流れる川が合流してくる大きな川なので、豪雨の際は水位が急激に上がります。豊年橋の脇には、水位観測所があり、ネットで水位を見ることができます。https://y-bousai.pref.yamaguchi.lg.jp/sp/rivermonitor/sprmCamera.aspx?stncd=047&obsdt",
        "説明・詳細（英語）": "The area along the Fushino River offers beautiful scenery and is perfect for birdwatching and strolling. While the Fushino River is usually calm, it is a large river formed by the convergence of smaller rivers flowing through the city, so its water level rises rapidly during heavy rains. A water level observation station is located beside Honenbashi Bridge, and the water level can be checked online.",
        "写真枚数": 1,
        "写真URL①": "https://lh3.googleusercontent.com/d/1oDq7Xd1pK-IV2BuH2rDDuaxSoZtKtygl",
        "写真URL②": null,
        "写真URL③": null,
        "写真URL④": null,
        "写真URL⑤": null
      }
    },
    {
      "type": "Feature",
      "geometry": {
        "type": "Point",
        "coordinates": [
          131.417926,
          34.079203
        ]
      },
      "properties": {
        "name": "名田島　里山の風景（countryside view ）",
        "説明・詳細（日本語）": "名田島は山口有数の穀倉地帯です。この写真は秋で稲穂が見えますが、名田島では春に麦の収穫をした後、米を作る、二毛作も盛んです。",
        "説明・詳細（英語）": "Natajima is one of Yamaguchi's leading grain-producing areas. This photo shows autumn with rice ears visible, but on Natajima, double cropping is also common: after harvesting wheat in spring, rice is grown.",
        "写真枚数": 1,
        "写真URL①": "https://lh3.googleusercontent.com/d/1HFynYlhDK7CK0T9wK0rybr0x81xrCRwe",
        "写真URL②": null,
        "写真URL③": null,
        "写真URL④": null,
        "写真URL⑤": null
      }
    },
    {
      "type": "Feature",
      "geometry": {
        "type": "Point",
        "coordinates": [
          131.481264,
          34.188039
        ]
      },
      "properties": {
        "name": "野田神社・豊栄神社（Noda shrine・Toyosaka shrine）",
        "説明・詳細（日本語）": "野田神社と豊栄神社は同じ敷地内にあります。境内には大きな木がたくさんあり、心を落ち着かせたい時の散歩コースにぴったり。思わず深呼吸したくなります。",
        "説明・詳細（英語）": "Noda Shrine and Toyosaka Shrine are located on the same grounds. The shrine precincts feature many large trees, making it the perfect spot for a stroll when you want to calm your mind. You'll find yourself taking deep breaths.",
        "写真枚数": 2,
        "写真URL①": "https://lh3.googleusercontent.com/d/1GqNjJtmFe6ijC-9cTB3FhRimnfWhRULD",
        "写真URL②": "https://lh3.googleusercontent.com/d/1QMZCdKl0N6NHSlKhp4rldFDY1UQv5KDw",
        "写真URL③": null,
        "写真URL④": null,
        "写真URL⑤": null
      }
    },
    {
      "type": "Feature",
      "geometry": {
        "type": "Point",
        "coordinates": [
          131.396262,
          34.078056
        ]
      },
      "properties": {
        "name": "里山の風景（countryside view ）",
        "説明・詳細（日本語）": "道路脇の駐車スペースから、阿知須方面を撮影しています。\r\n山口の穀倉地帯、名田島方面を撮影しています。",
        "説明・詳細（英語）": "I'm taking a photo toward the Ajisu area from a roadside parking space.\r\nI am photographing the rice-growing areas of Yamaguchi Prefecture, particularly around Natajima.",
        "写真枚数": 2,
        "写真URL①": "https://lh3.googleusercontent.com/d/1m_XO2oXEbjA4kpEerhaDiJwy803EVYrc",
        "写真URL②": "https://lh3.googleusercontent.com/d/1OzMbc4z9s2tgCTm5uPxu1jpb-DmPN5Gl",
        "写真URL③": null,
        "写真URL④": null,
        "写真URL⑤": null
      }
    },
    {
      "type": "Feature",
      "geometry": {
        "type": "Point",
        "coordinates": [
          131.48014,
          34.183872
        ]
      },
      "properties": {
        "name": "龍福寺（Ryufukuji Temple）",
        "説明・詳細（日本語）": "市内有数の紅葉の名所です。\r\n大銀杏の黄色、紅葉の赤色・・・錦織のようです。",
        "説明・詳細（英語）": "One of the city's premier spots for autumn foliage.\r\nThe yellow of the great ginkgo tree, the red of the maple leaves... it resembles a tapestry.",
        "写真枚数": 3,
        "写真URL①": "https://lh3.googleusercontent.com/d/1vP7QtKPMgVW9R5MY7vK-SafBCuxF8rHl",
        "写真URL②": "https://lh3.googleusercontent.com/d/1dhFMjqcnL3Nos0afU_gFPG4K_5e0ivKi",
        "写真URL③": "https://lh3.googleusercontent.com/d/1BQG2KLi6KFiO1F8fNKrTQd3ygqmXiED8",
        "写真URL④": null,
        "写真URL⑤": null
      }
    },
    {
      "type": "Feature",
      "geometry": {
        "type": "Point",
        "coordinates": [
          131.480572,
          34.18323
        ]
      },
      "properties": {
        "name": "龍福寺参道(Ryufuku-ji）",
        "説明・詳細（日本語）": "長い参道に沿って紅葉が植えられており、その美しさは圧巻です。木によって色づき具合も微妙に違うので、油絵のような繊細で美しい色合いを楽しめます。",
        "説明・詳細（英語）": "Along the long approach path, maple trees are planted, and their beauty is truly breathtaking. The degree of coloration varies subtly from tree to tree, allowing you to enjoy delicate, beautiful hues reminiscent of an oil painting.",
        "写真枚数": 3,
        "写真URL①": "https://lh3.googleusercontent.com/d/1lRYcwrfFVkCn5MqQSG9kl56dYED1Wb9O",
        "写真URL②": "https://lh3.googleusercontent.com/d/17k0SBfHAlo24TLkyaW7Nzhxarp_idShU",
        "写真URL③": "https://lh3.googleusercontent.com/d/1qkuKK1Uvst7XQ90RQ6cIBLLFTu2VTXUX",
        "写真URL④": null,
        "写真URL⑤": null
      }
    },
    {
      "type": "Feature",
      "geometry": {
        "type": "Point",
        "coordinates": [
          131.454747,
          34.152252
        ]
      },
      "properties": {
        "name": "椹野川沿い（Fushino River riverside）",
        "説明・詳細（日本語）": "椹野川沿いに、山口秋吉台自転車道が整備されていて、山口のランニング・散歩スポットの一つです。野鳥が多く見られます。",
        "説明・詳細（英語）": "Along the Fushino River, the Yamaguchi Akiyoshidai Bicycle Path has been developed, making it one of Yamaguchi's popular spots for running and walking. Many wild birds can be seen here.",
        "写真枚数": 1,
        "写真URL①": "https://lh3.googleusercontent.com/d/1OnxrabHEfam9-rFj0Vc6SAkyLVBOcwUY",
        "写真URL②": null,
        "写真URL③": null,
        "写真URL④": null,
        "写真URL⑤": null
      }
    },
    {
      "type": "Feature",
      "geometry": {
        "type": "Point",
        "coordinates": [
          131.40275,
          34.081313
        ]
      },
      "properties": {
        "name": "椹野川沿い（FUshino River riverside）",
        "説明・詳細（日本語）": "椹野川の下流域。川の側道から撮影しました。よくサギを見かけます。",
        "説明・詳細（英語）": "Lower reaches of the Fushino River. Taken from the riverside path. I often see herons here.",
        "写真枚数": 1,
        "写真URL①": "https://lh3.googleusercontent.com/d/1lBSi3tmWaMBpK1_ADEH_OPhk-ZcRSYjb",
        "写真URL②": null,
        "写真URL③": null,
        "写真URL④": null,
        "写真URL⑤": null
      }
    },
    {
      "type": "Feature",
      "geometry": {
        "type": "Point",
        "coordinates": [
          131.4514,
          34.171769
        ]
      },
      "properties": {
        "name": "コスモス（cosmos）",
        "説明・詳細（日本語）": "畑の端に咲くコスモス。",
        "説明・詳細（英語）": "Cosmos blooming at the edge of the rice field.",
        "写真枚数": 1,
        "写真URL①": "https://lh3.googleusercontent.com/d/1CcIZY2T8T0g8SIapVF3XdNC9c65sTHHY",
        "写真URL②": null,
        "写真URL③": null,
        "写真URL④": null,
        "写真URL⑤": null
      }
    },
    {
      "type": "Feature",
      "geometry": {
        "type": "Point",
        "coordinates": [
          131.472079,
          34.189209
        ]
      },
      "properties": {
        "name": "サルスベリの木(crape myrtle)",
        "説明・詳細（日本語）": "サルスベリの幹の途中から松が生育しています。",
        "説明・詳細（英語）": "A pine tree is growing from the middle of a crape myrtle trunk.",
        "写真枚数": 1,
        "写真URL①": "https://lh3.googleusercontent.com/d/1eWQfPk-8hlKUunizmiBbl9HyEgsMvcTj",
        "写真URL②": null,
        "写真URL③": null,
        "写真URL④": null,
        "写真URL⑤": null
      }
    },
    {
      "type": "Feature",
      "geometry": {
        "type": "Point",
        "coordinates": [
          131.477652,
          34.180587
        ]
      },
      "properties": {
        "name": "ハートツリーMOMI　日本のクリスマスは山口から（Christmas in Japan is from Yamaguchi））",
        "説明・詳細（日本語）": null,
        "説明・詳細（英語）": "Christmas in Japan is from Yamaguchi",
        "写真枚数": 0,
        "写真URL①": null,
        "写真URL②": null,
        "写真URL③": null,
        "写真URL④": null,
        "写真URL⑤": null
      }
    },
    {
      "type": "Feature",
      "geometry": {
        "type": "Point",
        "coordinates": [
          131.438386,
          34.15559
        ]
      },
      "properties": {
        "name": "維新百年記念公園　メタセコイアの木（Metasequoia tree  at Ishin 100 MemorialPark）",
        "説明・詳細（日本語）": null,
        "説明・詳細（英語）": "維新公園は広大な敷地に遊具、体育館、スタジアム、桜並木といったスポットが点在しており、市民の憩いの場となっています。Ishin Park features a vast expanse dotted with playground equipment, a gymnasium, a stadium, and rows of cherry trees, serving as a place of relaxation for citizens.\r\nリンク🔗 https://www.google.co.jp/maps?hl=ja",
        "写真枚数": 2,
        "写真URL①": "https://lh3.googleusercontent.com/d/1UOcABp9-jIu9BjhpPhT5RMAtGJULDxs6",
        "写真URL②": "https://lh3.googleusercontent.com/d/16AWCWiGQmRTSQZqDoCPb7fN9YotgsSyi",
        "写真URL③": null,
        "写真URL④": null,
        "写真URL⑤": null
      }
    },
    {
      "type": "Feature",
      "geometry": {
        "type": "Point",
        "coordinates": [
          131.438745,
          34.154148
        ]
      },
      "properties": {
        "name": "維新百年記念公園（Ishin 100 MemorialPark）　",
        "説明・詳細（日本語）": "花壇の花、いつもきれいです。\r\nスタジアムの周囲にジョギングやウォーキングコースが整備されていています。\r\n前を走る人の足取りが軽くてびっくり。",
        "説明・詳細（英語）": "The flowers in the flowerbeds are always beautiful. Jogging and walking paths have been set up around the stadium. I'm amazed at how light the strides of the people running ahead are.",
        "写真枚数": 1,
        "写真URL①": "https://lh3.googleusercontent.com/d/19_cAyaytdmwML08Hr8MI0MNUPdAkJGqH",
        "写真URL②": null,
        "写真URL③": null,
        "写真URL④": null,
        "写真URL⑤": null
      }
    },
    {
      "type": "Feature",
      "geometry": {
        "type": "Point",
        "coordinates": [
          131.575999,
          34.179785
        ]
      },
      "properties": {
        "name": "一貫野　藤（Ikkan’no wisteria）",
        "説明・詳細（日本語）": "5月上旬が見頃です。",
        "説明・詳細（英語）": "Early May is the best time to see them.",
        "写真枚数": 0,
        "写真URL①": null,
        "写真URL②": null,
        "写真URL③": null,
        "写真URL④": null,
        "写真URL⑤": null
      }
    },
    {
      "type": "Feature",
      "geometry": {
        "type": "Point",
        "coordinates": [
          131.473839,
          34.180641
        ]
      },
      "properties": {
        "name": "亀山公園  金木犀（Kameyama park/Golden rhinoceros）",
        "説明・詳細（日本語）": "どこに金木犀の木があるか知っていると、11月の散歩はより楽しくなります。\r\nどこからともなく良い香りがしてきて、「こんな所にも金木犀があったんだな」と気がついたり。子どもにすすめてみると「あ、トイレの香り！」と。",
        "説明・詳細（英語）": "Knowing where the osmanthus trees are makes November walks more enjoyable.\r\nA lovely scent drifts from somewhere, and you realize, “Ah, there's an osmanthus tree here too.”\r\nWhen you tell your child, they say, “It smells like toilet freshener!”",
        "写真枚数": 1,
        "写真URL①": "https://lh3.googleusercontent.com/d/1dWqSinpqj36_-_Wa9Hexf9_WAjWgn6IP",
        "写真URL②": null,
        "写真URL③": null,
        "写真URL④": null,
        "写真URL⑤": null
      }
    },
    {
      "type": "Feature",
      "geometry": {
        "type": "Point",
        "coordinates": [
          131.473158,
          34.18045
        ]
      },
      "properties": {
        "name": "亀山公園  松（Kameyama park/Pine tree）",
        "説明・詳細（日本語）": "亀山公園では、他であまり見たことがないぐらい背の高い松の木がたくさん見られます。\r\n昔から郷土の偉人の銅像などを建立して、大事に守ってきた公園。この松もいくつもの時代を見てきたのでしょうね。",
        "説明・詳細（英語）": "At Kameyama Park, you can see many tall pine trees unlike any you'd find elsewhere.\r\nThis park has long cherished and protected statues of local heroes and other monuments.\r\nThese pines must have witnessed many eras as well.",
        "写真枚数": 1,
        "写真URL①": "https://lh3.googleusercontent.com/d/1_ap1myDn2yr80TTogBuVuBVIIUYebYmL",
        "写真URL②": null,
        "写真URL③": null,
        "写真URL④": null,
        "写真URL⑤": null
      }
    },
    {
      "type": "Feature",
      "geometry": {
        "type": "Point",
        "coordinates": [
          131.473898,
          34.180211
        ]
      },
      "properties": {
        "name": "亀山公園　（Kameyama park）",
        "説明・詳細（日本語）": "紅葉が綺麗です。11月上旬楓が色づきはじめていました。だんだんと色が変わっていくグラデーションが。見る度に美しい。",
        "説明・詳細（英語）": "The autumn leaves are beautiful. By early November, the maples had begun to change color. The gradual gradation of shifting hues— It's beautiful every time I see it.",
        "写真枚数": 1,
        "写真URL①": "https://lh3.googleusercontent.com/d/1xv2uf0M-lyNvcI1LOKkjfpPU4KZL_I_z",
        "写真URL②": null,
        "写真URL③": null,
        "写真URL④": null,
        "写真URL⑤": null
      }
    },
    {
      "type": "Feature",
      "geometry": {
        "type": "Point",
        "coordinates": [
          131.473957,
          34.180526
        ]
      },
      "properties": {
        "name": "亀山公園 ツワブキ（Kameyama park/leopard plant）",
        "説明・詳細（日本語）": "ツワブキの花の見頃は、10月から12月頃です。亀山公園一帯でも、鮮やかな黄色の花が見られ、散歩の目を楽しませてくれます。",
        "説明・詳細（英語）": "The best time to see leopard plant is from October to December. Throughout Kameyama Park, vibrant yellow blooms can be seen, delighting the eyes of walkers.",
        "写真枚数": 2,
        "写真URL①": "https://lh3.googleusercontent.com/d/1rDgSGLsHsbZ-DkpUpH_ElA4d7iKOh1Zl",
        "写真URL②": "https://lh3.googleusercontent.com/d/1eOiH7qXW2exHQCAIaAqv8xurZAjkrUuX",
        "写真URL③": null,
        "写真URL④": null,
        "写真URL⑤": null
      }
    },
    {
      "type": "Feature",
      "geometry": {
        "type": "Point",
        "coordinates": [
          131.413736,
          34.198803
        ]
      },
      "properties": {
        "name": "吉敷　芝桜（Yoshiki/creeping phlox）",
        "説明・詳細（日本語）": "約1万株の芝桜。\r\n見頃は4月。",
        "説明・詳細（英語）": "Approximately 10,000 creeping phloxes are planted here.\r\nThe best time to see them is in April.",
        "写真枚数": 0,
        "写真URL①": null,
        "写真URL②": null,
        "写真URL③": null,
        "写真URL④": null,
        "写真URL⑤": null
      }
    },
    {
      "type": "Feature",
      "geometry": {
        "type": "Point",
        "coordinates": [
          131.371174,
          34.006597
        ]
      },
      "properties": {
        "name": "山口きらら博記念公園　　（Yamaguchi Kirara Expo Memorial Park）",
        "説明・詳細（日本語）": "中国地方最大級のフラワーガーデンです。四季を通じて花の間を散策して楽しめます。写真は夏の景色です。",
        "説明・詳細（英語）": "This is one of the largest flower gardens in the Chugoku region. Visitors can enjoy strolling among the flowers throughout the four seasons. The photo shows the spring scenery.",
        "写真枚数": 1,
        "写真URL①": "https://lh3.googleusercontent.com/d/\r\n1MAVoYFPWaGAcu_7nrSPVvCmQ7N6c5UCH",
        "写真URL②": null,
        "写真URL③": null,
        "写真URL④": null,
        "写真URL⑤": null
      }
    },
    {
      "type": "Feature",
      "geometry": {
        "type": "Point",
        "coordinates": [
          131.477144,
          34.176177
        ]
      },
      "properties": {
        "name": "山口駅通り　イチョウ(Yamaguchi Station Street/ginkgo trees)",
        "説明・詳細（日本語）": "まっすぐ大きな通りにイチョウ並木が沿っています。秋の終わりごろにイチョウがまっ黄色に染まり、雰囲気が大きく変わります。イチョウの落葉の頃は、道全体に黄色いカーペットができます。",
        "説明・詳細（英語）": "A straight, wide avenue is lined with ginkgo trees. Toward the end of autumn, the ginkgo leaves turn a brilliant yellow, dramatically transforming the atmosphere. When the ginkgo leaves fall, they create a yellow carpet across the entire road.",
        "写真枚数": 1,
        "写真URL①": "https://lh3.googleusercontent.com/d/1op04wO37E6N0jVrQQumfq5qOZGKhJ29E",
        "写真URL②": null,
        "写真URL③": null,
        "写真URL④": null,
        "写真URL⑤": null
      }
    },
    {
      "type": "Feature",
      "geometry": {
        "type": "Point",
        "coordinates": [
          131.710582,
          34.212583
        ]
      },
      "properties": {
        "name": "重源の郷（Chogen-no-sato）",
        "説明・詳細（日本語）": "四季折々の花が見られる散策道が整備されています。蕎麦打ち体験、徳地和紙の紙漉き体験も出来ます。",
        "説明・詳細（英語）": "A walking path where you can see seasonal flowers throughout the year has been prepared. You can also experience making soba noodles and Tokuchi washi paper.",
        "写真枚数": 1,
        "写真URL①": "https://lh3.googleusercontent.com/d/1eaNSxQWImmVXlMWBN1PM-y1trSAui3Sn",
        "写真URL②": null,
        "写真URL③": null,
        "写真URL④": null,
        "写真URL⑤": null
      }
    },
    {
      "type": "Feature",
      "geometry": {
        "type": "Point",
        "coordinates": [
          131.478274,
          34.175817
        ]
      },
      "properties": {
        "name": "正福寺のイブキ(Shogukuji temple/Juniperus chinensis)",
        "説明・詳細（日本語）": "山口県の指定天然記念物で、樹齢は400年を超えています。高さは18メートルほどだそうですが、案内の看板は古いのでもっと高くなっているのかもしれません。",
        "説明・詳細（英語）": "This tree is a designated Natural Monument of Yamaguchi Prefecture and is over 400 years old. It is said to be about 18 meters tall, but the information sign is old, so it may have grown taller since then.",
        "写真枚数": 1,
        "写真URL①": "https://lh3.googleusercontent.com/d/1aDxrLHgnCqR8EQrlpOSPU7XQznObVU1G",
        "写真URL②": null,
        "写真URL③": null,
        "写真URL④": null,
        "写真URL⑤": null
      }
    },
    {
      "type": "Feature",
      "geometry": {
        "type": "Point",
        "coordinates": [
          131.454096,
          34.177519
        ]
      },
      "properties": {
        "name": "朝倉八幡宮のイヌマキ（Asakura Hachiman-gu Shrine/Podocarpus macrophyllus ）",
        "説明・詳細（日本語）": "白狐の形をした「狐面みくじ」がおすすめの朝倉八幡宮境内に、イヌマキの大木があります。",
        "説明・詳細（英語）": "Within the grounds of Asakura Hachiman Shrine, known for its fox-shaped “kitsune-men omikuji” fortune slips, stands a large  podocarpus macrophyllus tree.",
        "写真枚数": 2,
        "写真URL①": "https://lh3.googleusercontent.com/d/1mjDp5kJBCHqKvUP0IcNVvxpizOhy8zzH",
        "写真URL②": "https://lh3.googleusercontent.com/d/151KWQWjjfBvdstZ16FfdJLoqlO_HWcgW",
        "写真URL③": null,
        "写真URL④": null,
        "写真URL⑤": null
      }
    },
    {
      "type": "Feature",
      "geometry": {
        "type": "Point",
        "coordinates": [
          131.442742,
          34.153737
        ]
      },
      "properties": {
        "name": "彼岸花　吉敷川沿い（Yoshiki River riverside/red spider lilly）",
        "説明・詳細（日本語）": "吉敷川にかかる仁斗代橋（にとしろばし）の近くです。川沿いに四季折々の花が咲き、野鳥も多く見られます。\r\nこの日は彼岸花が。彼岸花は、9月下旬に1週間程度見頃を迎える花で、日常の景色の中に突然赤い絨毯が出現します。",
        "説明・詳細（英語）": "Near Nitoshiro Bridge spanning the Yoshikigawa River. Along the riverbank, seasonal flowers bloom throughout the year, and many wild birds ca\r\nOn this day, it was the red spider lilies. Red spider lilies reach their peak bloom for about a week in late September, suddenly appearing like a red carpet in the everyday landscape.",
        "写真枚数": 1,
        "写真URL①": "https://lh3.googleusercontent.com/d/1lHgZpedvBXwJAZEiV2NdLNwjRPzfp8z2",
        "写真URL②": null,
        "写真URL③": null,
        "写真URL④": null,
        "写真URL⑤": null
      }
    },
    {
      "type": "Feature",
      "geometry": {
        "type": "Point",
        "coordinates": [
          131.512849,
          34.217995
        ]
      },
      "properties": {
        "name": "彼岸花　宮野上（countryside view/red spider lilly ）",
        "説明・詳細（日本語）": "畦道に彼岸花が。彼岸花は、9月下旬に1週間程度見頃を迎える花で、日常の景色の中に突然赤い絨毯が出現します。",
        "説明・詳細（英語）": "Red spider lillys line the field paths. These flowers reach their peak bloom for about a week in late September, suddenly transforming the everyday landscape into a crimson carpet.",
        "写真枚数": 1,
        "写真URL①": "https://lh3.googleusercontent.com/d/1pGl5Hh4ELCjou8w5EoIf0W1C3dDWq5LS",
        "写真URL②": null,
        "写真URL③": null,
        "写真URL④": null,
        "写真URL⑤": null
      }
    },
    {
      "type": "Feature",
      "geometry": {
        "type": "Point",
        "coordinates": [
          131.41212,
          34.167563
        ]
      },
      "properties": {
        "name": "龍蔵寺のイチョウ(天然記念物)(Ryuzouji temple/ginkgo tree)",
        "説明・詳細（日本語）": null,
        "説明・詳細（英語）": null,
        "写真枚数": 0,
        "写真URL①": null,
        "写真URL②": null,
        "写真URL③": null,
        "写真URL④": null,
        "写真URL⑤": null
      }
    },
    {
      "type": "Feature",
      "geometry": {
        "type": "Point",
        "coordinates": [
          131.48033,
          34.183787
        ]
      },
      "properties": {
        "name": "龍福寺　椿（Ryufuku-ji）",
        "説明・詳細（日本語）": "冬は、境内入口に立派な椿の花が咲きます。\r\n秋は、紅葉の名所としても知られています。",
        "説明・詳細（英語）": "In winter, magnificent camellia flowers bloom at the temple entrance.\r\nIn autumn, it is also known as a famous spot for viewing autumn leaves.",
        "写真枚数": 1,
        "写真URL①": "https://lh3.googleusercontent.com/d/1qThNWvTmKPxk99_YvQZRIt-J3ZY9z6f8",
        "写真URL②": null,
        "写真URL③": null,
        "写真URL④": null,
        "写真URL⑤": null
      }
    },
    {
      "type": "Feature",
      "geometry": {
        "type": "Point",
        "coordinates": [
          131.479813,
          34.184242
        ]
      },
      "properties": {
        "name": "龍福寺のイチョウ（Ryufuku-ji/ginkgo tree）",
        "説明・詳細（日本語）": "お寺の真横に大迫力の巨大なイチョウがそびえています。",
        "説明・詳細（英語）": "A massive ginkgo tree stands towering right beside the temple.",
        "写真枚数": 2,
        "写真URL①": "https://lh3.googleusercontent.com/d/1-NO_BScaQvt4C155pf9mfcuUPPz8fxv7",
        "写真URL②": "https://lh3.googleusercontent.com/d/1dkkCiRBG-C7b1nSGSA4cTXmRdAbVKXlC",
        "写真URL③": null,
        "写真URL④": null,
        "写真URL⑤": null
      }
    },
    {
      "type": "Feature",
      "geometry": {
        "type": "Point",
        "coordinates": [
          131.480416,
          34.183463
        ]
      },
      "properties": {
        "name": "龍福寺の紅葉(Ryufuku-ji）",
        "説明・詳細（日本語）": "11月下旬ごろに見ごろを迎えます。\r\nニューヨークタイムズ紙で写真が取り上げられたのも納得の美しさです。",
        "説明・詳細（英語）": "It will be at its peak around late November.\r\nIt's no wonder the New York Times featured a photo of its beauty.",
        "写真枚数": 5,
        "写真URL①": "https://lh3.googleusercontent.com/d/1RuB0Iot3aXXO1n3mSISnihZ1ZhHF0HR8",
        "写真URL②": "https://lh3.googleusercontent.com/d/1Cb6qpde6lG3fJmUIO6AEx9lRHWlbqZZ_",
        "写真URL③": "https://lh3.googleusercontent.com/d/10isa5A_OGwbbu_GK3n4P1B7R7SY-OkTZ",
        "写真URL④": "https://lh3.googleusercontent.com/d/1sge_NcsWJz8rC2PGIHf79xnwHTXM6EQM",
        "写真URL⑤": "https://lh3.googleusercontent.com/d/1TJN-7jsEW1RUkAXMD2oBQb00nPKRhRd8"
      }
    },
    {
      "type": "Feature",
      "geometry": {
        "type": "Point",
        "coordinates": [
          131.458438,
          34.167762
        ]
      },
      "properties": {
        "name": "ちんあなごドンツキ(Spotted garden eel/ no passage)",
        "説明・詳細（日本語）": "元々駐車場か何かにするつもりだったようなスペースだが、封鎖されていて別に駐車場として使われているわけではなさそう。この中に人がいるのを見たことがない。写真手前に生えている植物がちんあなごっぽい感じでニュッと伸びていたので命名した。",
        "説明・詳細（英語）": "Originally planned as a parking lot or something similar, it now appears to be completely sealed off and unused for parking. I've never seen anyone inside. The name was given because the plants growing in the foreground of the photo resembled sharply elongated spotted garden eels.",
        "写真枚数": 1,
        "写真URL①": "https://lh3.googleusercontent.com/d/1Bm2uyhcDgtIaJxJyMGXIKw4HbeD5olko",
        "写真URL②": null,
        "写真URL③": null,
        "写真URL④": null,
        "写真URL⑤": null
      }
    },
    {
      "type": "Feature",
      "geometry": {
        "type": "Point",
        "coordinates": [
          131.456164,
          34.165888
        ]
      },
      "properties": {
        "name": "どこでもドアドンツキ(no passage door)",
        "説明・詳細（日本語）": "ドアがあるけれど、通れなさそうで、閉ざされているけれど、ドアの向こうを感じて面白いと思いました。",
        "説明・詳細（英語）": "There was a door, but it didn't seem passable. Though it was closed, it was intriguing because it seemed like something might be on the other side.",
        "写真枚数": 1,
        "写真URL①": "https://lh3.googleusercontent.com/d/1v0ufVc_mUJJ7-17WTq6ZQY9NknTEKxgu",
        "写真URL②": null,
        "写真URL③": null,
        "写真URL④": null,
        "写真URL⑤": null
      }
    },
    {
      "type": "Feature",
      "geometry": {
        "type": "Point",
        "coordinates": [
          131.482483,
          34.176343
        ]
      },
      "properties": {
        "name": "電車ドンツキ(Train no passage)",
        "説明・詳細（日本語）": "ちょうどツユクサがそばにあって綺麗でした。山口線の赤い電車がよく映える場所だと思います。",
        "説明・詳細（英語）": "Asiatic dayflowers bloomed nearby, and they were truly beautiful. I think this is a spot where the red trains of the Yamaguchi Line stand out especially well.",
        "写真枚数": 2,
        "写真URL①": "https://lh3.googleusercontent.com/d/15vXpt4zQ_hSyJJ-m5-FE4MS9yLeSp71c",
        "写真URL②": "https://lh3.googleusercontent.com/d/1inL9GFYWBxhf6yPdW4SJXQHqIX_84ouB",
        "写真URL③": null,
        "写真URL④": null,
        "写真URL⑤": null
      }
    },
    {
      "type": "Feature",
      "geometry": {
        "type": "Point",
        "coordinates": [
          131.458905,
          34.154503
        ]
      },
      "properties": {
        "name": "忘れられたドンツキ(The Forgotten no  passage)",
        "説明・詳細（日本語）": "用水路の上にかかる短い橋が行き止まりに\r\n石のブロック+植木で完全に通れない…\r\nもとからあったのか、作ったけど使わなかったのか…",
        "説明・詳細（英語）": "A short bridge over an irrigation canal leads to a dead end.\r\nIt's completely blocked by stone blocks and potted plants.\r\nWas it always there, or was it built but never used...?",
        "写真枚数": 1,
        "写真URL①": "https://lh3.googleusercontent.com/d/155G8Qx3Q19_RHxaPLSn9714QCKu_RgW6",
        "写真URL②": null,
        "写真URL③": null,
        "写真URL④": null,
        "写真URL⑤": null
      }
    },
    {
      "type": "Feature",
      "geometry": {
        "type": "Point",
        "coordinates": [
          131.448423,
          34.171401
        ]
      },
      "properties": {
        "name": "生目八幡宮（Ikime Hachiman-gu Shrine）",
        "説明・詳細（日本語）": "藤の花やイチョウが綺麗でおすすめです！ 目の神様をお祀りしているそうです。地元の人からは「いきめさん」などの呼び名で親しまれている生目八幡宮境内藤棚の下にあるお地蔵様です。",
        "説明・詳細（英語）": "The wisteria and ginkgo trees are beautiful and highly recommended! It is said to enshrine the god of the eyes. This Jizo statue stands beneath the wisteria trellis within the grounds of Ikime Hachimangu Shrine, affectionately known locally as “Ikime-san.”",
        "写真枚数": 1,
        "写真URL①": "https://lh3.googleusercontent.com/d/10B9862bj_Ytg5j0FKoPUIcUKhtOw46WZ",
        "写真URL②": null,
        "写真URL③": null,
        "写真URL④": null,
        "写真URL⑤": null
      }
    },
    {
      "type": "Feature",
      "geometry": {
        "type": "Point",
        "coordinates": [
          131.464494,
          34.168942
        ]
      },
      "properties": {
        "name": "中央公園（central park）",
        "説明・詳細（日本語）": null,
        "説明・詳細（英語）": "with Baymax",
        "写真枚数": 1,
        "写真URL①": "https://lh3.googleusercontent.com/d/1KNaU3p2S2KyM8fCjBq-1LCXgGK3o0RsV",
        "写真URL②": null,
        "写真URL③": null,
        "写真URL④": null,
        "写真URL⑤": null
      }
    },
    {
      "type": "Feature",
      "geometry": {
        "type": "Point",
        "coordinates": [
          131.454206,
          34.151564
        ]
      },
      "properties": {
        "name": "馬頭観音（Batou Kannon）",
        "説明・詳細（日本語）": "馬頭観音は、観音様の変化した姿である六観音の一つで、頭上に馬を戴いた忿怒の姿をとる観音菩薩です。煩悩を断じる功徳があるそうです。",
        "説明・詳細（英語）": "Bato Kannon is one of the Six Kannon, a transformed form of Kannon, and is a wrathful Kannon Bodhisattva depicted with a horse atop its head. It is said to possess the virtue of severing worldly desires.",
        "写真枚数": 2,
        "写真URL①": "https://lh3.googleusercontent.com/d/1yirWIzDRsxkPBW-_o6vfFk_MQeRC-DQm",
        "写真URL②": "https://lh3.googleusercontent.com/d/1VMKqK8q6yE2zpGVvEaWN-qLtHCMyhTkF",
        "写真URL③": null,
        "写真URL④": null,
        "写真URL⑤": null
      }
    },
    {
      "type": "Feature",
      "geometry": {
        "type": "Point",
        "coordinates": [
          131.468303,
          34.16153
        ]
      },
      "properties": {
        "name": "豊年橋の近く（near Ho-nen bridge）",
        "説明・詳細（日本語）": "こんな所にお地蔵様。真ん中のお地蔵様は1mを越す大きさですが、メインの通りの方からは草の影になって見えません。",
        "説明・詳細（英語）": "A Jizō statue here of all places. The central one stands over a meter tall, yet it remains hidden from view from the main street, obscured by the shadows of the grass.",
        "写真枚数": 1,
        "写真URL①": "https://lh3.googleusercontent.com/d/1ZQxjyBu4kZmWksR-i9Q4DOjQLJFreF1d",
        "写真URL②": null,
        "写真URL③": null,
        "写真URL④": null,
        "写真URL⑤": null
      }
    },
    {
      "type": "Feature",
      "geometry": {
        "type": "Point",
        "coordinates": [
          131.480258,
          34.183634
        ]
      },
      "properties": {
        "name": "サビエル布教の井戸(The Origin of Xavier's Missionary Work)",
        "説明・詳細（日本語）": "フランシスコ・ザビエルが山口市での布教をした最初の井戸を再現したものです。\r\n1551年に大内義隆から日本で最初に布教活動の許可を得たフランシスコ・ザビエルは、大殿大路のそばの井戸で布教をはじめました。",
        "説明・詳細（英語）": "This is a recreation of the  well where Francis Xavier first conducted missionary work in Yamaguchi City.\r\nIn 1551, Francis Xavier, having obtained permission from Ouchi Yoshitaka to conduct missionary activities in Japan for the first time, began his work at a well near the Odono-oji road.",
        "写真枚数": 1,
        "写真URL①": "https://lh3.googleusercontent.com/d/181zlnoShh5L_uW78jnPtkK6oxqR-H2XX",
        "写真URL②": null,
        "写真URL③": null,
        "写真URL④": null,
        "写真URL⑤": null
      }
    },
    {
      "type": "Feature",
      "geometry": {
        "type": "Point",
        "coordinates": [
          131.473249,
          34.17982
        ]
      },
      "properties": {
        "name": "フランシスコザビエル（Francis Xavier）",
        "説明・詳細（日本語）": "ザビエルの銅像です。大内義隆にキリスト教の布教を許されたザビエルは、山口で精力的に布教活動を行いました。",
        "説明・詳細（英語）": "This is a bronze statue of Xavier. Xavier, who was granted permission by Ōuchi Yoshitaka to spread Christianity, conducted vigorous missionary activities in Yamaguchi.",
        "写真枚数": 2,
        "写真URL①": "https://lh3.googleusercontent.com/d/1Yw4noAnClKldQlMjlKHwJdvoct3Exey7",
        "写真URL②": "https://lh3.googleusercontent.com/d/1BGfDp72uHru78f6XKmMmNY0ail_89FYi",
        "写真URL③": null,
        "写真URL④": null,
        "写真URL⑤": null
      }
    },
    {
      "type": "Feature",
      "geometry": {
        "type": "Point",
        "coordinates": [
          131.456697,
          34.163234
        ]
      },
      "properties": {
        "name": "井上馨　石碑(Stone Monument Of  Inoue Kaoru)",
        "説明・詳細（日本語）": "公長門藩士井上光享の次男がこの地に生まれた。通称聞多、のちに馨と称す。幕末に欧米列強の接近による外国からの危機があると、国事に奔走し、同士と横浜を出発して喜望峰を廻ってイギリスに渡った。四カ国艦隊下関砲撃事件が起きたと聞いて急遽帰国し、藩政の改革に当たった。幕府に反撃できるように武力増強を訴えた聞多は、幕府に恭順する意向の一派に襲撃され、瀕死の重傷を負ったが、なんとか死を免れた。明治維新の創業以来、終始内外の機務に参画し、特に産業の振興に尽くし国運を打開して、「元勲（国家に尽くして大きな功績を挙げた人）」と仰がれる。常に勇決で進んで難に当たり、真心があり誠実で、その上、信念を立派に発揮し全うした。８１歳で亡くなった。",
        "説明・詳細（英語）": "The second son of Inoue Mitsuaki, a retainer of the nagato domain, was born in this place. Known by the common name Monta, he later took the name Kaoru. When the approach of Western powers during the Bakumatsu period brought the threat of foreign invasion, he devoted himself to national affairs. Departing from Yokohama with fellow patriots, he sailed around the Cape of Good Hope to reach Britain. Upon hearing of the Four-Nation Fleet's bombardment of Shimonoseki, he urgently returned to Japan and undertook reforms within the domain government. Monta advocated for strengthening military forces to enable counterattacks against the shogunate. He was attacked by a faction intending to submit to the shogunate, sustaining life-threatening injuries, but somehow survived. Since the founding of the Meiji Restoration, he consistently participated in both domestic and foreign affairs, dedicating himself especially to industrial promotion and turning the nation's fortunes around. He was revered as a person who served the nation and achieved great merit. He was always courageous and resolute in facing difficulties, sincere and honest, and above all, he demonstrated and fulfilled his convictions admirably. He passed away at the age of 81.",
        "写真枚数": 1,
        "写真URL①": "https://lh3.googleusercontent.com/d/1RH28AihgeSHahNIMs_ih9Ttjx86H1elb",
        "写真URL②": null,
        "写真URL③": null,
        "写真URL④": null,
        "写真URL⑤": null
      }
    },
    {
      "type": "Feature",
      "geometry": {
        "type": "Point",
        "coordinates": [
          131.487749,
          34.17868
        ]
      },
      "properties": {
        "name": "猿林暁月(山口十境詩)(yamaguchi chinese poetry)",
        "説明・詳細（日本語）": "猿林の暁月(きょうげつ)\r\n曙色、初めて分かなり、天の霜をして雨(ふ)らしむる、と\r\n凄々(せいせい)たる残月、琳琅(りんろう)を伴ふ\r\n山人一たび去って、消息無し\r\n驚起すれば、哀猿(あいえん)空しく腸を断つ\r\n訳\r\n夜明けの光がようやく差し込んできて、空には厳しい寒さの霜が降り注ぐかのようだ（非常に寒い朝である）。\r\nもの寂しい有様で空に残る月は、まるで玉（ぎょく）が触れ合って鳴るような澄んだ音色を奏でているかのようだ。（この地に住んでいた）隠者（世俗を離れて暮らす人）が一度去ってしまってから、便り一つない。（寂しさのあまり、はっと）驚いて起き上がると、悲しげに鳴く猿の声だけが虚しく響き、その声に腸がちぎれんばかりの思いがする。\r\n解説\r\nこの詩は、山口県山口市にあった「猿林」という場所の夜明けの風景を詠んだものです。\r\n「猿林」は、かつて多くの猿が生息していた静かな山林で、その静寂と風情が「山口十境」の一つに選ばれていました。この詩は、その場所の寒々しく、もの寂しい風景と、そこに隠棲していた人物への思いや、世の無常観を重ね合わせて詠まれています。特に最後の「哀猿腸を断つ」は、中国の故事（親猿が子猿を殺された悲しみで腸がちぎれたという話）を踏まえており、深い悲哀を表現しています。\r\n（AIによる現代語訳、解説であり、あくまで一例です）\r\n山口十境詩とは、大内弘世の時代に明から派遣されてきた趙秩(ちょうちつ)という詩人が山口の景色を詠んだ10篇の漢詩のことです。",
        "説明・詳細（英語）": "Translation\r\nThe light of dawn finally begins to seep in, and the sky seems to be showering down frost from the bitter cold (it is an extremely cold morning).The moon lingering in the sky, looking so lonely, seems to be playing a clear, resonant sound, like jade stones clinking together. Since the hermit (one who lives apart from the world) who lived here once departed, there has been no word at all. Startled awake by the overwhelming loneliness, I sit up, only to hear the sorrowful cries of monkeys echoing hollowly, a sound that tears at my heart.\r\nExplanation\r\nThis poem describes the dawn scenery of a place called “Enrin” (Monkey Forest) in Yamaguchi City, Yamaguchi Prefecture.Enrin was a quiet mountain forest where many monkeys once lived; its tranquility and charm earned it a place among the “Ten Scenic Views of Yamaguchi.” This poem layers the bleak, desolate scenery of that place with thoughts of the person who lived in seclusion there and a sense of the impermanence of the world. Particularly, the final line “The sorrowful ape's intestines are torn apart” draws upon a Chinese legend (where a mother ape's intestines were said to be torn apart by grief after her child was killed), expressing profound sorrow.\r\n(This is a translation and explanation generated by AI, and is merely one example.)\r\nThe Ten Scenes of Yamaguchi refer to ten Chinese poems composed by Zhao Zhi, a poet dispatched from Ming China during the era of Ōuchi Hiroyo, depicting the scenery of Yamaguchi.",
        "写真枚数": 1,
        "写真URL①": "https://lh3.googleusercontent.com/d/1T2S7KM1ik0g3TJqPz_qNZETE1F30Abx7",
        "写真URL②": null,
        "写真URL③": null,
        "写真URL④": null,
        "写真URL⑤": null
      }
    },
    {
      "type": "Feature",
      "geometry": {
        "type": "Point",
        "coordinates": [
          131.457641,
          34.16525
        ]
      },
      "properties": {
        "name": "温泉春色(山口十境詩) (yamaguchi chinese poetry)",
        "説明・詳細（日本語）": "温泉の春色(しゅんしょく)\r\n山川、秀孕(しゅうよう)たり、陰陽の炭(たん)\r\n天地、鋳成せらる、造化の炉\r\n誰か献じけむ、玉鷗(ぎょくおう)、天宝の後\r\n派分して、春色、東隅に到(いた)る\r\n訳\r\n山や川は（地下に）優れた温泉の元を宿しており、それはまるで陰と陽の気が結びついてできた炭（すみ）のようだ。\r\n天地自然は、それらを（溶鉱炉のように）溶かして作り上げた、造物主の巨大な炉である。\r\n（この素晴らしい温泉を）誰が（時の皇帝に）献上したのだろうか、唐の「天宝」の時代（8世紀半ば）の後になって。\r\n（その温泉の恵みは）分かれて流れ出し、春の景色のように暖かな潤いが、都から遠く離れたこの東の隅（日本・山口）の地にまで届いている。\r\n解説：明の使節・趙秩の視点\r\nこの詩は、中国の明から派遣された高級官僚である趙秩が、室町時代の日本・山口の地で詠んだものであるという点が重要です。\r\n中国からの視点（東隅）:\r\n趙秩にとって「東隅（とうぐう）」とは、文字通り「東の端」を意味します。当時の世界観では、世界の中心は中国（明）であり、日本はその東の外れに位置していました。遠く離れた異国の地である山口に、故郷にも劣らぬ素晴らしい温泉があることへの驚きと感動が込められています。\r\n歴史観（天宝の後）:\r\n「天宝」は、中国の歴史上最も栄えたとされる唐の玄宗皇帝の時代の年号です。趙秩は、中国文化の中心地で古くから知られていた名湯（例えば華清池など）に匹敵するような素晴らしい温泉が、この東方の地に「天宝」の時代より後に（あるいはその頃から知られずに）存在していたことを、歴史的背景を交えて詠んでいます。\r\n大自然への畏敬（陰陽の炭、造化の炉）:\r\n中国の思想である陰陽五行説に基づき、温泉の生成という自然現象を壮大なスケールで捉えています。地下深くで陰陽の気が結びつき、天地という巨大な炉で精錬されたものだと表現することで、この温泉の持つ神秘性と価値を高く評価しています。\r\n趙秩は、単なる日本の風景を詠んだのではなく、彼自身の持つ深い教養と中国的な世界観に基づきながら、山口の湯田温泉の豊かさと歴史を称賛したのです。\r\n（AIによる現代語訳、解説であり、あくまでも一例です。）\r\n山口十境詩とは、大内弘世の時代に明から派遣されてきた趙秩(ちょうちつ)という詩人が山口の景色を詠んだ10篇の漢詩のことです。この詩は湯田温泉を象徴するものとして創作されました。600年前でも、今と同じように地元の人や旅人を癒していたんですね。",
        "説明・詳細（英語）": "[translation]\r\nMountains and rivers harbor the source of excellent hot springs (beneath the earth), which are like charcoal formed by the union of yin and yang energies.\r\nHeaven and earth, nature itself, are the great furnace of the Creator, melting and shaping them (like a smelting furnace).\r\nWho presented (this splendid hot spring) to the emperor? It was only after the Tang dynasty's “Tianbao” era (mid-8th century).\r\nIts blessings flow forth, spreading warm moisture like spring scenery, reaching this eastern corner (Yamaguchi, Japan) far from the capital.\r\n[Explanation]:\r\nPerspective of Ming envoy Zhao Zhi\r\nThis poem is significant as it was composed by Zhao Zhi, a high-ranking official dispatched from China's Ming dynasty, while in Yamaguchi, Japan during the Muromachi period.\r\nPerspective from China (Eastern Corner):\r\nFor Zhao Zhi, “Eastern Corner” literally meant “the eastern edge.” In the worldview of that time, China (the Ming Dynasty) was the center of the world, with Japan situated far to its east. His words convey astonishment and admiration that such splendid hot springs, rivaling those of his homeland, existed in the distant foreign land of Yamaguchi.\r\nHistorical Perspective (After the Tenpō Era):\r\n“Tenpō” refers to the era name of Emperor Xuanzong of Tang, considered the most prosperous period in Chinese history. Zhao Zhi composes this poem against a historical backdrop, noting that such magnificent hot springs—comparable to renowned ancient Chinese hot springs (like Huaqing Pool) long celebrated at the heart of Chinese culture—existed in this eastern land after the Tenpō era (or remained unknown until then).\r\nAwe for Nature (Yin-Yang Charcoal, Furnace of Creation):\r\nBased on the Chinese philosophy of Yin-Yang and the Five Elements, he captures the natural phenomenon of hot spring formation on a grand scale. By describing it as formed deep underground where Yin and Yang energies unite, then refined in the vast furnace of Heaven and Earth, he highly values the mystery and worth of this hot spring.\r\nZhao Zhi did not merely describe a Japanese landscape; he praised the richness and history of Yuda Hot Springs in Yamaguchi, drawing upon his profound education and Chinese worldview.\r\n(This is a modern Japanese translation and explanation generated by AI, and is merely one example.)\r\nThe Ten Scenes of Yamaguchi refer to ten Chinese poems composed by Zhao Zhi, a poet dispatched from Ming China during the era of Ōuchi Hiroyo, depicting the scenery of Yamaguchi. These poems were created as emblems of Yuda Hot Springs. Even 600 years ago, they soothed locals and travelers just as they do today.",
        "写真枚数": 1,
        "写真URL①": "https://lh3.googleusercontent.com/d/1W1Fx7_r8Eq9mb_yUYcJuAC8l1VMnwOPD",
        "写真URL②": null,
        "写真URL③": null,
        "写真URL④": null,
        "写真URL⑤": null
      }
    },
    {
      "type": "Feature",
      "geometry": {
        "type": "Point",
        "coordinates": [
          131.474649,
          34.174148
        ]
      },
      "properties": {
        "name": "亀山御銅像本道（A road commemorating the Meiji Restoration）",
        "説明・詳細（日本語）": "明治33年、亀山公園に、毛利敬親公の銅像の他、4支藩主の銅像が建てられたそうです。毛利敬親が支藩と協力して明治維新を成し遂げた事を後世に伝えるため、伊藤博文・井上馨らが中心となって建立したと言われています。（銅像は、太平洋戦争中に金属回収のため供出されました）\r\nこの石碑は、その銅像建立時に、石州街道から亀山の御銅像に向かう本道はここであるという道標のようです。",
        "説明・詳細（英語）": "In 1900, bronze statues of Lord Mōri Takachika and four other branch domain lords were erected in Kameyama Park. It is said that Ito Hirobumi, Inoue Kaoru, and others spearheaded the project to commemorate Mōri Takachika's collaboration with the branch domains in achieving the Meiji Restoration. (The statues were surrendered for metal recycling during the Pacific War.)\r\nThis stone monument appears to be a road marker from the time the bronze statues were erected, indicating that the main road leading from the Sekishu Highway to the bronze statue in Kameyama was here.",
        "写真枚数": 1,
        "写真URL①": "https://lh3.googleusercontent.com/d/11QH7DLUdpY2HnECk8Jl0ct-jf38883dG",
        "写真URL②": null,
        "写真URL③": null,
        "写真URL④": null,
        "写真URL⑤": null
      }
    },
    {
      "type": "Feature",
      "geometry": {
        "type": "Point",
        "coordinates": [
          131.473402,
          34.180892
        ]
      },
      "properties": {
        "name": "亀山公園 （Kameyama park）",
        "説明・詳細（日本語）": "亀山公園山頂に一際大きな石碑があるなと思っていたら、刻まれているのは、昭和天皇が終戦直後、昭和21年の歌会始で詠まれた句だった。\r\n「ふりつもる　みゆきにたへて　いろかへぬ\r\n松ぞ雄々しき　人もかくあれ」\r\n（降り積もる深い雪に耐えても、決して色を変えない松はなんと雄々しいことか。人もこの松のように、苦難に耐え抜く立派な人であってほしい）",
        "説明・詳細（英語）": "I noticed a particularly large stone monument atop Kameyama Park's summit, and upon closer look, it bore an inscription of a verse composed by Emperor Showa at the New Year's Poetry Reading in 1946, just after the war's end.\r\nWaka Poem\r\nHow noble is the pine tree, enduring deep snow without ever changing color. May people, too, be noble like this pine, enduring hardships with fortitude.",
        "写真枚数": 1,
        "写真URL①": "https://lh3.googleusercontent.com/d/1QyiPd4HFsafNjjA7unlEZ9xn91HyUlzt",
        "写真URL②": null,
        "写真URL③": null,
        "写真URL④": null,
        "写真URL⑤": null
      }
    },
    {
      "type": "Feature",
      "geometry": {
        "type": "Point",
        "coordinates": [
          131.441654,
          34.157843
        ]
      },
      "properties": {
        "name": "孔子杏壇講学像(A statue of Confucius at the lectern (a place for teaching scholarship))",
        "説明・詳細（日本語）": "孔子と、その弟子たちの像です。この像は山口県と、中国の山東省の友好協定締結２５周年を記念して山東省から寄贈されたものです。\r\n１９７９年に中日友好協会が中日両国の県・省同士の交流を呼びかけたことがきっかけとなり、山口県と山東省は１９８２年に「山口県・山東省友好協定」を締結しました。",
        "説明・詳細（英語）": "This is a statue of Confucius and his disciples. It was donated by Shandong Province to commemorate the 25th anniversary of the friendship agreement between Yamaguchi Prefecture and Shandong Province.\r\nIn 1979, the Japan-China Friendship Association called for exchanges between prefectures and provinces of both countries. This led to Yamaguchi Prefecture and Shandong Province signing the “Yamaguchi Prefecture-Shandong Province Friendship Agreement” in 1982.",
        "写真枚数": 3,
        "写真URL①": "https://lh3.googleusercontent.com/d/13dsghlA1eegzfh80TpoFlIcIbm7raHbr",
        "写真URL②": "https://lh3.googleusercontent.com/d/1-94U8jCEXMraisEGX5zxR4IIZIrQtxk5",
        "写真URL③": "https://lh3.googleusercontent.com/d/1-bCMBSCuAjqsrHV3iuuYKZXKUH1kajhY",
        "写真URL④": null,
        "写真URL⑤": null
      }
    },
    {
      "type": "Feature",
      "geometry": {
        "type": "Point",
        "coordinates": [
          131.454291,
          34.177335
        ]
      },
      "properties": {
        "name": "庚申塔（Koshin Tower）",
        "説明・詳細（日本語）": "道教の庚申信仰に基づいて建てられた石塔です。\r\n60日に一度の庚申の日に、眠ると体内から「三尸（さんし）の虫」がはい出し、天帝に悪事を報告しにいくため寿命が縮むと信じられていました。\r\nこれを避けるため、庚申の夜は近所の人が集まって徹夜し過ごしていました（庚申待）。\r\n庚申塔は、一定の回数、庚申待を行った時に建てられたようです。",
        "説明・詳細（英語）": "This stone pagoda was erected based on the Taoist belief system known as the “Kōshin Faith.”\r\nIt was believed that sleeping on the Kōshin day, which occurs every 60 days, would cause the “Three Worms (a type of spirit or demon)\" to crawl out of one's body, report their misdeeds to the Heavenly Emperor, and shorten their lifespan.\r\nTo avoid this, neighbors gathered on Kōshin nights (Kōshin Festival) and stayed awake all night.\r\nThe Kōshin Tower is thought to have been built after a certain number of Kōshin Festivals had been held.",
        "写真枚数": 1,
        "写真URL①": "https://lh3.googleusercontent.com/d/1kO8SqiUbgCS1-bMOCzyTELnZA_Mo3qUt",
        "写真URL②": null,
        "写真URL③": null,
        "写真URL④": null,
        "写真URL⑤": null
      }
    },
    {
      "type": "Feature",
      "geometry": {
        "type": "Point",
        "coordinates": [
          131.47367,
          34.180175
        ]
      },
      "properties": {
        "name": "国木田独歩（Doppo Kunikida）",
        "説明・詳細（日本語）": "国木田独歩の詩碑があります。独歩の父は裁判所に勤めていて、転勤族だったのですね！小学校、中学校時代を山口で過ごした独歩にとって、山口は「第二の故郷」だそうです。",
        "説明・詳細（英語）": "A monument inscribed with a poem by Kunikida Doppo stands here. Doppo's father served in the courts and was frequently transferred! Having spent his elementary, junior high, and high school years in Yamaguchi, Doppo referred to Yamaguchi as his “second hometown.”",
        "写真枚数": 2,
        "写真URL①": "https://lh3.googleusercontent.com/d/1rkC3RVpKUwr4F8lteOAFhE5GSoYNMse-",
        "写真URL②": "https://lh3.googleusercontent.com/d/1vJg0cs-jmA1usd8hpntANRH2smIBbK8U",
        "写真URL③": null,
        "写真URL④": null,
        "写真URL⑤": null
      }
    },
    {
      "type": "Feature",
      "geometry": {
        "type": "Point",
        "coordinates": [
          131.480357,
          34.187795
        ]
      },
      "properties": {
        "name": "菜香亭（Saiko-tei）",
        "説明・詳細（日本語）": "菜香亭の敷地内にある「明治維新策源地」の石碑です。このあたりには、維新志士縁の場所がたくさんあります。同じ場所に立って、是非先人たちに想いを馳せてみてください。",
        "説明・詳細（英語）": "This stone monument marks the “Birthplace of the Meiji Restoration” within the grounds of Saikotei. This area is home to many sites connected to the Restoration patriots. Stand in this very spot and take a moment to reflect on the legacy of those who came before us.",
        "写真枚数": 2,
        "写真URL①": "https://lh3.googleusercontent.com/d/1PgMt-4d9FVfeUYsyiQrr5bE-OKe5KHaE",
        "写真URL②": "https://lh3.googleusercontent.com/d/1rGZjnxLsLT28SLlpb4lUTof75OUaWqJY",
        "写真URL③": null,
        "写真URL④": null,
        "写真URL⑤": null
      }
    },
    {
      "type": "Feature",
      "geometry": {
        "type": "Point",
        "coordinates": [
          131.473099,
          34.190108
        ]
      },
      "properties": {
        "name": "司馬遼太郎「長州路(『街道をゆく』より)」(Shiba Ryoutaro)",
        "説明・詳細（日本語）": null,
        "説明・詳細（英語）": null,
        "写真枚数": 0,
        "写真URL①": null,
        "写真URL②": null,
        "写真URL③": null,
        "写真URL④": null,
        "写真URL⑤": null
      }
    },
    {
      "type": "Feature",
      "geometry": {
        "type": "Point",
        "coordinates": [
          131.45681,
          34.165334
        ]
      },
      "properties": {
        "name": "史蹟　瓦屋跡(Kawarada remained site)",
        "説明・詳細（日本語）": "「瓦屋」は、幕末から明治初期にかけて維新の志士たちが利用した旅館。松下村塾門下生の山田顕義は、維新の戦いにおいて軍人として大きな功績をあげ、明治政府成立後は軍人・政治家として活躍、初代司法大臣として日本の法典編纂に貢献した。また、山田顕義は教育を重視し、明治22年に日本法律学校（現日本大学）を創立。「瓦屋」の長女「龍子」は、山田顕義の妻である。",
        "説明・詳細（英語）": "Kawara-ya was an inn used by revolutionaries during the late Edo period and early Meiji era. Yamada Akiyoshi, a student of the Shokasonjyuku School, achieved great military accomplishments during the Meiji Restoration wars. After the Meiji government was established, he served as a military officer and politician, contributing to the compilation of Japan's legal code as the first Minister of Justice. Yamada also emphasized education, founding the Japan Law School (present-day Nihon University) in 1889.Tatsuko, the eldest daughter of Kawara-ya, became Yamada's wife.",
        "写真枚数": 2,
        "写真URL①": "https://lh3.googleusercontent.com/d/1csReRPXmLjiF_6qFuE_JOos0iIw14jgF",
        "写真URL②": "https://lh3.googleusercontent.com/d/1F21nRVpFv6Zs4VM4DpU592QdObUbmAAS",
        "写真URL③": null,
        "写真URL④": null,
        "写真URL⑤": null
      }
    },
    {
      "type": "Feature",
      "geometry": {
        "type": "Point",
        "coordinates": [
          131.456365,
          34.163514
        ]
      },
      "properties": {
        "name": "七卿の碑(the expulsion of the Seven Nobles)",
        "説明・詳細（日本語）": null,
        "説明・詳細（英語）": null,
        "写真枚数": 3,
        "写真URL①": "https://lh3.googleusercontent.com/d/1eJqoQthQlJ45Il2fYrXvoS8Puo6BFrOD",
        "写真URL②": "https://lh3.googleusercontent.com/d/1l66YMM5pH2Z6Hwwz_0uGB2Usv-bbLBra",
        "写真URL③": "https://lh3.googleusercontent.com/d/1FrR0kZuygsfHF_hOWVaPCSAVJxNi3lPP",
        "写真URL④": null,
        "写真URL⑤": null
      }
    },
    {
      "type": "Feature",
      "geometry": {
        "type": "Point",
        "coordinates": [
          131.456582,
          34.163345
        ]
      },
      "properties": {
        "name": "所郁太郎　石碑(Tokoro Ikutaro)",
        "説明・詳細（日本語）": null,
        "説明・詳細（英語）": null,
        "写真枚数": 1,
        "写真URL①": "https://lh3.googleusercontent.com/d/1FAfbA6zaMSPupuVwV8g7dKfcuZLs2MOt",
        "写真URL②": null,
        "写真URL③": null,
        "写真URL④": null,
        "写真URL⑤": null
      }
    },
    {
      "type": "Feature",
      "geometry": {
        "type": "Point",
        "coordinates": [
          131.457523,
          34.165105
        ]
      },
      "properties": {
        "name": "松田屋ホテル　七卿落ち遺跡（Matsudaya Hotel/Restoration historic site）",
        "説明・詳細（日本語）": "三条実美は、勤王の志士らと討幕の密議を画策しに、よく松田屋に訪れていた。朝倉八幡宮に詣でた際に持ち帰った松を松田屋の庭園に手植えし、一首の和歌をしたためた。\r\n「時しあらば　よにあひおひの　ひめ小松　君にひかるる　こともありなむ」\r\n三条実美は、勤王の志士らと討幕の密議を画策しに、よく松田屋に訪れていた。朝倉八幡宮に詣でた際に持ち帰った松を松田屋の庭園に手植えし、一首の和歌をしたためた。\r\n「時しあらば　よにあひおひの　ひめ小松  君にひかるる　こともありなむ」",
        "説明・詳細（英語）": "Sanjo Sanetomi often visited Matsudaya to conspire with loyalist warriors about overthrowing the shogunate. After visiting Asakura Hachimangu Shrine, he personally planted a pine tree brought back from the shrine in Matsudaya's garden and composed a waka poem:\r\n\"If the time should come,\r\nMay this young pine,\r\nBorn of heaven's grace,\r\nShine upon you, my lord.\"",
        "写真枚数": 1,
        "写真URL①": "https://lh3.googleusercontent.com/d/1lN2WWwaZ-KVsm9w8yIi8lB49T46JsZyu",
        "写真URL②": null,
        "写真URL③": null,
        "写真URL④": null,
        "写真URL⑤": null
      }
    },
    {
      "type": "Feature",
      "geometry": {
        "type": "Point",
        "coordinates": [
          131.479196,
          34.168459
        ]
      },
      "properties": {
        "name": "象峰積雪(山口十境詩) (yamaguchi chinese poetry)",
        "説明・詳細（日本語）": "象峰の積雪\r\n夜来の積雪、象頭(ぞうず)の峰\r\n老却したる渓山、玉竜(ぎょくりゅう)に変ず\r\n便(すなは)ち竜に乗りて帝闕(ていけつ)に朝(ちょう)せんと欲す\r\n瑶階瓊宇(ようかいけいう)、更に重重(ちょうちょう)\r\n＜訳＞\r\n昨夜から雪が降り積もった、この象頭山の峰よ。\r\n古びた谷や山々も、白く輝く美しい竜（玉竜）へと姿を変えたようだ。\r\nこのままこの竜に乗って、天帝の住む宮殿へ参内したいものだ。\r\nそこには美しい玉で飾られた階段や建物（仙人の住まい）が、幾重にも重なって輝いていることだろう。\r\n＜解説＞\r\n趙秩はこの詩で、山口の冬の景色をただの雪景色としてではなく、まるで仙界（理想郷）のような神々しい場所として称賛しています。山の形（連なり）から、躍動する「竜」、山の白さ・輝きから、天上の「宮殿」を感じ取れたということです。\r\n（訳、解説は一部AIによるものです。）\r\n山口十境詩とは、大内弘世の時代に明から派遣されてきた趙秩(ちょうちつ)という詩人が山口の景色を詠んだ10篇の漢詩のことです。象頭山は厳島神社の後ろにある小さな山です。厳島神社側と、大内方面(豆子郎さん近く)側から登ることができ、山頂から市街地と大内地域を一望できます。12月になると象の形をしたイルミネーションを見ることができます。",
        "説明・詳細（英語）": "＜Translation＞\r\nSince last night, snow has piled high upon this peak of Mount Zōzū.\r\nValleys and mountains seem transformed into a beautiful, gleaming white dragon.\r\nI wish I could ride this dragon  to the palace where the Heavenly Emperor resides.\r\nThere, staircases and buildings adorned with beautiful jade must be layered upon one another, shining brightly.\r\n＜Explanation＞\r\nIn this poem, Zhao Zhi praises the winter scenery of Yamaguchi not merely as a snowy landscape, but as a divine place resembling the realm of immortals (an ideal land). He perceived the dynamic “dragon” from the shape of the mountains (their ridges), and the heavenly “palace” from the whiteness and brilliance of the snow-covered peaks.\r\nThe ‘Ten Scenes of Yamaguchi Poems’ are ten Chinese poems depicting Yamaguchi's landscapes, composed by Zhao Zhi, a poet dispatched from Ming China during the reign of Ōuchi Hiroyo.Zōzūsan is a small mountain behind Itsukushima Shrine. You can climb it from the Itsukushima Shrine side or the Ōuchi side (near Toshiro), and from the summit you can see the cityscape and the Ōuchi area. In December, you can see illuminations shaped like an elephant.\r\n(Translation and commentary include some AI-generated content.)",
        "写真枚数": 1,
        "写真URL①": "https://lh3.googleusercontent.com/d/1CwfHCZXUFmmBPJkCi7rQdlO6GH15FnbT",
        "写真URL②": null,
        "写真URL③": null,
        "写真URL④": null,
        "写真URL⑤": null
      }
    },
    {
      "type": "Feature",
      "geometry": {
        "type": "Point",
        "coordinates": [
          131.489568,
          34.198564
        ]
      },
      "properties": {
        "name": "雪舟の筆塚（Brush mound）",
        "説明・詳細（日本語）": "筆塚とは、使い古した筆の供養のために筆を埋めて築いた塚のこと。江戸時代に「筆塚」というと寺子屋の師匠をしのんで教え子（筆子）たちが建てるものだったようですが、時代が違うので雪舟の筆塚はこの意味ではないと思われます。",
        "説明・詳細（英語）": "A brush mound is a mound where worn-out brushes are buried. During the Edo period, brush mounds were primarily erected by students (fude-ko) to commemorate their  school teachers. However, due to the different era, this meaning is likely not intended for Sesshu's brush mound.",
        "写真枚数": 0,
        "写真URL①": null,
        "写真URL②": null,
        "写真URL③": null,
        "写真URL④": null,
        "写真URL⑤": null
      }
    },
    {
      "type": "Feature",
      "geometry": {
        "type": "Point",
        "coordinates": [
          131.47499,
          34.174259
        ]
      },
      "properties": {
        "name": "大道寺跡地（Daido-ji/tempie remained site）",
        "説明・詳細（日本語）": "大道寺は、大内義隆がフランシスコ・ザビエルに与えたことにより、キリスト教布教の拠点となったお寺だそうです。お寺があった場所については、諸説あるそうですが（ここは候補の１つ）、石碑に銅板が設置されています。",
        "説明・詳細（英語）": "Daidoji Temple is said to have become a base for Christian missionary work after Ōuchi Yoshitaka granted it to Francis Xavier. While there are various theories about the temple's exact location (this is one candidate), a copper plate has been installed on a stone monument.",
        "写真枚数": 2,
        "写真URL①": "https://lh3.googleusercontent.com/d/1rgVS4DYrxlP0oPwZRK6_5PmVD1Tdgraj",
        "写真URL②": "https://lh3.googleusercontent.com/d/1ng9hd02DIo3QHYu48Lz5uUsYfQR9-OCS",
        "写真URL③": null,
        "写真URL④": null,
        "写真URL⑤": null
      }
    },
    {
      "type": "Feature",
      "geometry": {
        "type": "Point",
        "coordinates": [
          131.479818,
          34.184194
        ]
      },
      "properties": {
        "name": "大内義興公の像(O-uchi yoshioki)",
        "説明・詳細（日本語）": "大内義隆の父である、大内義興の像です。当時の室町幕府では一時管領代(将軍の補佐役の代理)を務めたり、将軍家に娘を嫁がせて血縁関係を築いたりなど大きな影響力を持ちました。",
        "説明・詳細（英語）": "This is a statue of Ōuchi Yoshioki. Ōuchi Yoshioki wielded significant influence within the Muromachi shogunate, temporarily serving as deputy shogun (acting assistant to the shogun) and establishing a blood relationship by marrying his daughter into the shogun's family.",
        "写真枚数": 1,
        "写真URL①": "https://lh3.googleusercontent.com/d/1eWHYCVGwdHwJrGitwEowAmr9eHTZ3Pyc",
        "写真URL②": null,
        "写真URL③": null,
        "写真URL④": null,
        "写真URL⑤": null
      }
    },
    {
      "type": "Feature",
      "geometry": {
        "type": "Point",
        "coordinates": [
          131.473458,
          34.180191
        ]
      },
      "properties": {
        "name": "大内義長の裁許状（Yoshinaga  O-uchi’s permit）",
        "説明・詳細（日本語）": "サビエルの弟子トルレスに、大内義長が教会建設の裁許状を与えた。これにより日本最初のキリスト教会が建立された。\r\n大内氏とサビエルのつながりから、「日本のクリスマスは山口から」と言われているようです。",
        "説明・詳細（英語）": "Ōuchi Yoshinaga granted Torres, a disciple of Xavier, a charter permitting the construction of a church. This led to the establishment of Japan's first Christian church.\r\nBecause of the connection between the Ōuchi clan and Xavier, it is said that “Christmas in Japan began in Yamaguchi.”",
        "写真枚数": 2,
        "写真URL①": "https://lh3.googleusercontent.com/d/1oIIRXNmCFeKHj_7e6higVoRqX7yHP9Iw",
        "写真URL②": "https://lh3.googleusercontent.com/d/14WMuUT81o0EdkeTUnrVqyCbd4VMee52c",
        "写真URL③": null,
        "写真URL④": null,
        "写真URL⑤": null
      }
    },
    {
      "type": "Feature",
      "geometry": {
        "type": "Point",
        "coordinates": [
          131.480046,
          34.184096
        ]
      },
      "properties": {
        "name": "大内義隆　辞世の句(Ouchi Yoshitaka's last words)",
        "説明・詳細（日本語）": "11月末に訪れました。傍の四季桜(秋から冬にかけて咲く桜だそうです）が可憐ですね。桜ということも相まってほんの少し儚さも感じます。\r\n討つ者も\r\n討たるる者も\r\n諸ともに\r\n如露亦如電（にょろやくにょでん）\r\n応作如是観（おうさにょぜかん）\r\n討つ人も討たれる人も、ともにその命は、露のようにまた電光のようにはかないものである、しっかりそう心得ておかねばならない。一時は京をもしのぐと言われる力を持っていた大内義隆が重臣に裏切られ、追い詰められた時の辞世の句です。無常観を強く反映した歌となっています。",
        "説明・詳細（英語）": "Both the slayer and the slain must firmly understand that their lives are as fleeting as dewdrops and as ephemeral as a flash of lightning. This is the death poem composed by  Ōuchi Yoshitaka, who once possessed power said to surpass even Kyoto, when he was betrayed by his senior retainers and driven into a corner. This poetry strongly reflects the concept of impermanence",
        "写真枚数": 1,
        "写真URL①": "https://lh3.googleusercontent.com/d/1cug_eahbgxzyJQ2QKmmX5ZwhOriwhNwR",
        "写真URL②": null,
        "写真URL③": null,
        "写真URL④": null,
        "写真URL⑤": null
      }
    },
    {
      "type": "Feature",
      "geometry": {
        "type": "Point",
        "coordinates": [
          131.456797,
          34.163285
        ]
      },
      "properties": {
        "name": "中原中也「帰郷」（Nakahara Chuya）",
        "説明・詳細（日本語）": "これぞ私の古里だ\r\nさやかに風も吹いてゐる\r\nあゝおまへはなにをして来たのだと\r\n吹き来る風が私に云ふ",
        "説明・詳細（英語）": "中也の代表的な詩集「山羊の歌」のなかでもとくに有名なのが「帰郷」です。昭和40年に、中也を偲ぶ友人と地元の方々により建てられました。ご友人が寄贈されたため、正確には中也が亡くなった日付が本当の日付と一日ずれているそうです。向かいの中也記念館で確認してみてください。Among Chūya's representative poetry collections, “Song of the Goat,” the poem “Homecoming” is particularly famous. It was erected in 1965 by friends who remembered Chūya and local residents. Because it was donated by a friend, the date inscribed is actually one day off from the true date of Chūya's death. Please check the date at the Chūya Memorial Museum across the street.\r\nThis is my hometown\r\nWhere clear winds blow\r\nAh, what were you doing?\r\nThe passing wind asks me",
        "写真枚数": 3,
        "写真URL①": "https://lh3.googleusercontent.com/d/1t-nf6XL1Vzmk-wP1IyQ7cp4traUIWU1c",
        "写真URL②": "https://lh3.googleusercontent.com/d/1J5qWUv0mR29ekUWoWtn0klWAlFN-L1q-",
        "写真URL③": "https://lh3.googleusercontent.com/d/1L-9G4_jUH_GbQt4fHs33lk4txMj9HPs8",
        "写真URL④": null,
        "写真URL⑤": null
      }
    },
    {
      "type": "Feature",
      "geometry": {
        "type": "Point",
        "coordinates": [
          131.480749,
          34.188471
        ]
      },
      "properties": {
        "name": "豊栄神社（Toyosaka shrine）",
        "説明・詳細（日本語）": "「百万一心」と書かれた石碑が、市内の学校の校庭にもあった気がします。\r\n毛利氏の城の石垣にあったとされる言葉だったのだなと、看板を見て知りました。\r\n「皆が同じ日を迎え、同じ目標に向かって心を一つにして協力すれば、何事も成し遂げられる」",
        "説明・詳細（英語）": "I recall seeing a stone monument inscribed with “One Mind for a Million” in a schoolyard within the city.\r\nI learned from the sign that this phrase was said to have been found on the stone walls of the Mōri clan's castle.\r\n“If everyone shares the same day and unites their hearts toward the same goal, anything can be achieved.”",
        "写真枚数": 2,
        "写真URL①": "https://lh3.googleusercontent.com/d/1BMtbTbOG5jEnywcudrbUKFXhtd9oLRXW",
        "写真URL②": "https://lh3.googleusercontent.com/d/1EtQfO-QUneo3nvFHtJZSHJLeCIVZNvYH",
        "写真URL③": null,
        "写真URL④": null,
        "写真URL⑤": null
      }
    },
    {
      "type": "Feature",
      "geometry": {
        "type": "Point",
        "coordinates": [
          131.468094,
          34.16139
        ]
      },
      "properties": {
        "name": "豊年橋（Ho-nen bridge）",
        "説明・詳細（日本語）": "豊年橋建設か掛け替えの時にお金を出してくださった方々の芳名を刻んだ石碑のようです。近くに寄って文字を読むことはできませんでしたが、このあたりの方は、椹野川と共に生活していらっしゃったのだろうなぁとしみじみ思いました。",
        "説明・詳細（英語）": "This appears to be a stone monument inscribed with the names of those who contributed funds during the construction or replacement Honen\r\nBridge. Though I couldn't get close enough to read the characters, I felt deeply moved, thinking how the people around here must have lived their lives alongside the Fushino River.",
        "写真枚数": 1,
        "写真URL①": "https://lh3.googleusercontent.com/d/1erQMi3dUvhaBiNwLsQxhq3DuP6hrYXdx",
        "写真URL②": null,
        "写真URL③": null,
        "写真URL④": null,
        "写真URL⑤": null
      }
    },
    {
      "type": "Feature",
      "geometry": {
        "type": "Point",
        "coordinates": [
          131.473053,
          34.18075
        ]
      },
      "properties": {
        "name": "毛利　敬親（Takachika Mo-ri）",
        "説明・詳細（日本語）": "長州藩最後の当主（十三代）。藩士の教育にも尽力した。\r\n時代の荒波に翻弄されながらも舵取りをして山口市の礎を築いた人物として、市民からも敬愛されている。\r\n明治維新における長州藩の功績顕彰のため、他5人と共に亀山山頂に銅像が建立されたが、第二次世界大戦下、銅像は兵器の材料として供出された。\r\n現在の銅像は、山口市制施行五十周年を記念して昭和55年に造られたもの。",
        "説明・詳細（英語）": "The last lord of the Chōshū Domain (13th generation). He also devoted himself to the education of domain samurai.\r\nThough tossed about by the turbulent waves of the times, he steered the course and laid the foundation for Yamaguchi City, earning the deep respect and affection of its citizens.\r\nTo honor the Chōshū Domain's contributions during the Meiji Restoration, a bronze statue of him and five others was erected atop Mount Kameyama. However, during World War II, the bronze was melted down for use in weapons.\r\nThe current bronze statue was created in 1980 to commemorate the 50th anniversary of Yamaguchi City's establishment.",
        "写真枚数": 1,
        "写真URL①": "https://lh3.googleusercontent.com/d/1k8ftUHhcBqvSHi9EVjyeO3IDk10X69M8",
        "写真URL②": null,
        "写真URL③": null,
        "写真URL④": null,
        "写真URL⑤": null
      }
    },
    {
      "type": "Feature",
      "geometry": {
        "type": "Point",
        "coordinates": [
          131.478707,
          34.168629
        ]
      },
      "properties": {
        "name": "鰐石生雲(山口十境詩)(yamaguchi chinese poetry)",
        "説明・詳細（日本語）": "鰐石に雲を生ず\r\n禹門(うもん)の点額、竜と成らず\r\n玉石、渓(たに)に流れて激衝に任す\r\n是より煙霞(えんか)、釣鰲(ちょうごう)の処(ところ)\r\n幾重の苔蘚(たいせん)、白雲封(ほう)ぜり\r\n＜訳＞\r\n立身出世の関門で竜になるようなことはない。\r\n玉も石も、ただ谷川の流れに任せている。\r\nこれからは霞たなびく山奥で、釣りをして暮らす場所こそが本望だ。幾重にも重なった苔が、白い雲に覆い隠されている。\r\n＜解説＞\r\nこの詩は、山口県山口市にある「鰐石（わにし）の重岩」という奇岩の景観を詠んだものです。\r\n趙秩は、世俗的な名声や富（登龍門の「竜」）を追うのではなく、この山口の地の深く静かな自然の中で、隠者のように心穏やかに暮らすことこそが素晴らしいと称賛しています。\r\n山口十境詩とは、大内弘世の時代に明から派遣されてきた趙秩(ちょうちつ)という詩人が山口の景色を詠んだ10篇の漢詩のことです。鰐石は岩の上に松が生えていますが、この光景は室町時代から変わらず今も昔も愛されています。\r\n（訳、解説は一部AIによるものです。）",
        "説明・詳細（英語）": "When standing at life's critical crossroads, there's no need to force yourself to become a dragon.\r\nWhether jewel or stone, surrender all to the river's flow.\r\nNow, my true wish is to dwell in mountains shrouded in deep mist. Layers upon layers of moss hide beneath white clouds.\r\n＜Explanation＞\r\nThis poem depicts the scenery of the “Ten Scenes of Wanishi” in Yamaguchi City, Yamaguchi Prefecture.\r\nZhao Zhi does not praise the pursuit of worldly fame and fortune (“the dragon of Longmen”), but rather extols the splendid life of a hermit living peacefully amidst the deep, tranquil nature of this Yamaguchi land.\r\nThe ‘Ten Scenes of Yamaguchi Poems’ are ten Chinese poems depicting Yamaguchi's landscapes, composed by Zhao Zhi, a poet dispatched from Ming China during the reign of Ōuchi Hiroyo. Wanishi features pine trees growing atop rocks, a scene cherished since the Muromachi period and beloved by people throughout the ages.\r\n(Translation and commentary include some AI-generated content.)",
        "写真枚数": 1,
        "写真URL①": "https://lh3.googleusercontent.com/d/1A9RURG8486VfCQKpqUDX8Q2b50rXcaa7",
        "写真URL②": null,
        "写真URL③": null,
        "写真URL④": null,
        "写真URL⑤": null
      }
    },
    {
      "type": "Feature",
      "geometry": {
        "type": "Point",
        "coordinates": [
          131.479971,
          34.18813
        ]
      },
      "properties": {
        "name": "菜香亭（Saiko-tei）",
        "説明・詳細（日本語）": "建物は、山口の迎賓館として明治10年から120年余りの間親しまれた料亭菜香亭を移築復元したものです。 菜香亭の100畳の大広間には、総理大臣・維新志士を含む29枚の自筆の書が飾られています。\r\nどんな言葉を、どんな筆跡で書いていらっしゃるのか見て回るのが楽しいです",
        "説明・詳細（英語）": "The building is a relocated and restored version of Saikotei, a traditional Japanese restaurant beloved for over 120 years since 1877 as Yamaguchi's guesthouse. The 100-tatami-mat grand hall of Saikotei displays 29 handwritten calligraphy pieces, including works by Prime Ministers and Meiji Restoration patriots. It's delightful to explore and see what words they wrote and in what handwriting.",
        "写真枚数": 3,
        "写真URL①": "https://lh3.googleusercontent.com/d/1jazvd2bhrF-N9DQo9xtSE1PenGi0VjIn",
        "写真URL②": "https://lh3.googleusercontent.com/d/13JnK75l5LwjD0waOoyVwOaRg0_BgkFmZ",
        "写真URL③": "https://lh3.googleusercontent.com/d/1I8Lkb_0vItgjfJiS8yEQnxOpK4vdyQEP",
        "写真URL④": null,
        "写真URL⑤": null
      }
    },
    {
      "type": "Feature",
      "geometry": {
        "type": "Point",
        "coordinates": [
          131.457851,
          34.164677
        ]
      },
      "properties": {
        "name": "中原中也記念館（poet Nakahara Chuya）",
        "説明・詳細（日本語）": "湯田で生まれ育った詩人・中原中也についての展示を行っています。中也の創った詩や当時刊行された詩集、中也の人生について解説がされており、中也についてよく知ることができます。\r\n地元の方も知らなかった情報が盛りだくさんで、中也ファンも大興奮間違いなし！",
        "説明・詳細（英語）": "This exhibition features poet Nakahara Chuya, who was born and raised in Yuda. It showcases Chuya's poems, poetry collections published during his lifetime, and provides insights into his life, offering a deep understanding of the poet.\r\nPacked with information even locals may not know, Chuya fans are sure to be thrilled!",
        "写真枚数": 1,
        "写真URL①": "https://lh3.googleusercontent.com/d/1kxysZXVh7CRKgHseaqdNPbRAFmHd1twS",
        "写真URL②": null,
        "写真URL③": null,
        "写真URL④": null,
        "写真URL⑤": null
      }
    },
    {
      "type": "Feature",
      "geometry": {
        "type": "Point",
        "coordinates": [
          131.434899,
          34.150232
        ]
      },
      "properties": {
        "name": "トトロ電線（totoro electric wire）",
        "説明・詳細（日本語）": "一度トトロに見えはじめると、あっちにもこっちにもトトロがいるように見える、トトロ電線。",
        "説明・詳細（英語）": "Once you start seeing Totoro, you see Totoro everywhere—Totoro power lines.",
        "写真枚数": 1,
        "写真URL①": "https://lh3.googleusercontent.com/d/1BFomlfidHfQJZg4x6VX07iT75OjUF-xJ",
        "写真URL②": null,
        "写真URL③": null,
        "写真URL④": null,
        "写真URL⑤": null
      }
    },
    {
      "type": "Feature",
      "geometry": {
        "type": "Point",
        "coordinates": [
          131.456684,
          34.167801
        ]
      },
      "properties": {
        "name": "ロボット電線(Robots)",
        "説明・詳細（日本語）": "ロボットの顔みたいに見えて、電線で見立てるという面白さがある。",
        "説明・詳細（英語）": "It looked like a robot's face. It's surprisingly fun to imagine the wires as something else.",
        "写真枚数": 1,
        "写真URL①": "https://lh3.googleusercontent.com/d/1mxrgpGHsYW5m9VlPMrTDKw2EfMc29ZBg",
        "写真URL②": null,
        "写真URL③": null,
        "写真URL④": null,
        "写真URL⑤": null
      }
    },
    {
      "type": "Feature",
      "geometry": {
        "type": "Point",
        "coordinates": [
          131.458237,
          34.166559
        ]
      },
      "properties": {
        "name": "巨大タンクと蜘蛛の巣(Giant Tank and Spider Web)",
        "説明・詳細（日本語）": "容量が、他の変圧器は20,30くらいで、この変圧器は100と書いてあったので、他と比べることで巨大な変圧器だと分かって面白かったです。一つ一つのチューブも太くて迫力がありました。",
        "説明・詳細（英語）": "The capacity was listed as 100 for this transformer, while others were around 20 or 30, so comparing them made me realize how enormous this one was—it was fascinating. Each individual tube was also thick and impressive.",
        "写真枚数": 1,
        "写真URL①": "https://lh3.googleusercontent.com/d/1DMiyeKLEnh7jqgxxAOmFnqmiMCuf_4Ls",
        "写真URL②": null,
        "写真URL③": null,
        "写真URL④": null,
        "写真URL⑤": null
      }
    },
    {
      "type": "Feature",
      "geometry": {
        "type": "Point",
        "coordinates": [
          131.48185,
          34.176005
        ]
      },
      "properties": {
        "name": "情報過多(information overload)",
        "説明・詳細（日本語）": "近くの電線には全くないのにここの電線だけよくわかんない部品がこれでもかといったぐらいにつけられています。遠目から見たら鳥の群れが陣形をなして飛んでいるように見えます。\r\n電線が色んな方向に延びているのも面白いですね。下の方に、初めて見るタイプの、なんかゲジゲジしてる電線がありました。",
        "説明・詳細（英語）": "The power lines nearby have none of these, yet these wires alone are covered in all sorts of mysterious parts, as if someone went overboard. From a distance, it looks like a flock of birds flying in formation.\r\nIt's also interesting how the wires extend in all directions. Down below, I spotted a type of wire I'd never seen before—it had these weird, hairy bits on it.",
        "写真枚数": 2,
        "写真URL①": "https://lh3.googleusercontent.com/d/1y780B8KY4Kjp3DOgxxPLSG0gklAlUorH",
        "写真URL②": "https://lh3.googleusercontent.com/d/1oL0OappLSIynByokzNjLaxXj-I6-7Tcb",
        "写真URL③": null,
        "写真URL④": null,
        "写真URL⑤": null
      }
    },
    {
      "type": "Feature",
      "geometry": {
        "type": "Point",
        "coordinates": [
          131.482349,
          34.17633
        ]
      },
      "properties": {
        "name": "食い込み電柱(Caught/ electric wire)",
        "説明・詳細（日本語）": "一本の電柱をコンクリートの柱と木の柱で支えているというだけでも珍しいのに、この電柱は木の支えの柱が民家の塀に食い込んでいるという世にも不思議な構造をしています。塀が柱の形に合わせて窪みを作っていました。",
        "説明・詳細（英語）": "It's rare enough to see a single utility pole supported by both a concrete pillar and a wooden pillar, but this pole has an utterly bizarre structure: the wooden support pillar is embedded into the wall of a private residence. The wall had been hollowed out to fit the shape of the pillar.",
        "写真枚数": 2,
        "写真URL①": "https://lh3.googleusercontent.com/d/1-TnVVVeZ4qJSAZ1dz5Olg9Ct0pRrJ22M",
        "写真URL②": "https://lh3.googleusercontent.com/d/1IesXu9iHyg04GNarpN5zQ50eBPB4Bi9Y",
        "写真URL③": null,
        "写真URL④": null,
        "写真URL⑤": null
      }
    },
    {
      "type": "Feature",
      "geometry": {
        "type": "Point",
        "coordinates": [
          131.467767,
          34.161072
        ]
      },
      "properties": {
        "name": "雪だるま電線(snowmen)",
        "説明・詳細（日本語）": "電線のたわみ方がブランコみたいなところと、夕方帰宅する途中で見てみると夏なのに影が雪だるまみたいに見えるところが好きです。",
        "説明・詳細（英語）": "I love how the power lines sag like a swing, and how, when I see them on my way home in the evening, their shadows look like snowmen even though it's summer.",
        "写真枚数": 1,
        "写真URL①": "https://lh3.googleusercontent.com/d/1rXFHN02Izrt2VlUXEE4-5b1CL58cPlML",
        "写真URL②": null,
        "写真URL③": null,
        "写真URL④": null,
        "写真URL⑤": null
      }
    },
    {
      "type": "Feature",
      "geometry": {
        "type": "Point",
        "coordinates": [
          131.55658,
          34.216744
        ]
      },
      "properties": {
        "name": "KDDI パラボラアンテナ（parabolic antenna）",
        "説明・詳細（日本語）": "大小合わせて20基のパラボラアンテナがあります。一番大きいものは直径34mあるそうです。",
        "説明・詳細（英語）": "There are a total of 20 parabolic antennas of various sizes. The largest one is said to have a diameter of 34 meters.",
        "写真枚数": 1,
        "写真URL①": "https://lh3.googleusercontent.com/d/1_rMubNU8mOQyUcyVtQuGVKFCasmJ-VI5",
        "写真URL②": null,
        "写真URL③": null,
        "写真URL④": null,
        "写真URL⑤": null
      }
    },
    {
      "type": "Feature",
      "geometry": {
        "type": "Point",
        "coordinates": [
          131.467563,
          34.169738
        ]
      },
      "properties": {
        "name": "YCAM（山口情報芸術センター）　（Yamaguchi Art and Information Center）",
        "説明・詳細（日本語）": "展示施設、映画館、図書館、ワークショップスペース、レストランを併設したアート施設です。特徴的な波打った建物は山口のおしゃれ度を引き上げているような気がします。",
        "説明・詳細（英語）": "This art facility incorporates exhibition spaces, a cinema, a library, workshop areas, and restaurants. Its distinctive undulating building seems to elevate Yamaguchi's sense of style.",
        "写真枚数": 2,
        "写真URL①": "https://lh3.googleusercontent.com/d/1_nLRnBPuHaYchLRSi2D-Z7d-KlDYbhNV",
        "写真URL②": "https://lh3.googleusercontent.com/d/1ky2XfANNAqG83mX9DMgdpu16Poh_CiR8",
        "写真URL③": null,
        "写真URL④": null,
        "写真URL⑤": null
      }
    },
    {
      "type": "Feature",
      "geometry": {
        "type": "Point",
        "coordinates": [
          131.371164,
          34.004645
        ]
      },
      "properties": {
        "name": "やまぐち富士商ドーム　（Yamaguchi Kirara Expo Memorial Park）",
        "説明・詳細（日本語）": "山口きらら博記念公園内にあるドームは、フィールドは人工芝で、野球やテニスなど、多目的で使用可能です。照明もあるので、22時まで利用できます。",
        "説明・詳細（英語）": "The dome within the Kirara Expo Memorial Park features an artificial turf field and can be used for multiple purposes, such as baseball and tennis. It is equipped with lighting, allowing use until 10:00 PM.",
        "写真枚数": 1,
        "写真URL①": "https://lh3.googleusercontent.com/d/1vY2TLy9qpw4seWaPj8IL1dVkUrO3_NT4",
        "写真URL②": null,
        "写真URL③": null,
        "写真URL④": null,
        "写真URL⑤": null
      }
    },
    {
      "type": "Feature",
      "geometry": {
        "type": "Point",
        "coordinates": [
          131.436975,
          34.155018
        ]
      },
      "properties": {
        "name": "維新百年記念公園（Ishin 100 MemorialPark）",
        "説明・詳細（日本語）": "レノファ山口（サッカー）のホームゲームに通うファン多し。\r\n全国規模の各種大会の会場としてもよく使われます。",
        "説明・詳細（英語）": "Many fans attend Renofa Yamaguchi (soccer) home games.\r\nIt is also frequently used as a venue for various national-level tournaments.",
        "写真枚数": 1,
        "写真URL①": "https://lh3.googleusercontent.com/d/1BJPQvG7J04kUL5zVzsBGXW6zt1TqAoYS",
        "写真URL②": null,
        "写真URL③": null,
        "写真URL④": null,
        "写真URL⑤": null
      }
    },
    {
      "type": "Feature",
      "geometry": {
        "type": "Point",
        "coordinates": [
          131.455278,
          34.16493
        ]
      },
      "properties": {
        "name": "温泉舎（Yunoya ）",
        "説明・詳細（日本語）": "湯田温泉は、アルカリ性単純泉です。地下500mから、約62度の湯を揚湯する様子が見られます。飲泉場もあります。",
        "説明・詳細（英語）": "Yuda Hot Springs are alkaline simple springs. Visitors can observe the process of pumping hot spring water at 62 degrees Celsius (140 degrees Fahrenheit) from approximately 500 meters underground. There is also a space for drinking spring water.",
        "写真枚数": 1,
        "写真URL①": "https://lh3.googleusercontent.com/d/1oGRIQ6khxcPzUQzzWQ4Blkt4METUzDeA",
        "写真URL②": null,
        "写真URL③": null,
        "写真URL④": null,
        "写真URL⑤": null
      }
    },
    {
      "type": "Feature",
      "geometry": {
        "type": "Point",
        "coordinates": [
          131.457038,
          34.163186
        ]
      },
      "properties": {
        "name": "何遠亭(かえんてい)(Kaen-tei)",
        "説明・詳細（日本語）": "明治時代に外務大臣として活躍した、山口市出身の政治家・井上馨の兄である井上五郎三郎が建てた大豪邸の一部を再建した建物です。材木はヒノキが使われています。\r\n京都から山口に三条実美が下ってきたときの宿舎として利用されたそうです。\r\n池には錦鯉が泳いでいて美しいです。",
        "説明・詳細（英語）": "This building is a reconstruction of part of the grand mansion built by Inoue Gorosaburo, the elder brother of Inoue Kaoru, a politician from Yamaguchi City who served as Minister of Foreign Affairs during the Meiji era. The timber used is Japanese cypress.\r\nIt is said to have served as lodging when Sanjō Sanetomi traveled from Kyoto to Yamaguchi.\r\nThe pond is beautiful, with koi swimming in it.",
        "写真枚数": 2,
        "写真URL①": "https://lh3.googleusercontent.com/d/1QRfdO0rHPdZiBZDLdd9wl9yfTvKbx2gF",
        "写真URL②": "https://lh3.googleusercontent.com/d/1sRZTPjRUTHqT0OflzAF213osYzOawGBC",
        "写真URL③": null,
        "写真URL④": null,
        "写真URL⑤": null
      }
    },
    {
      "type": "Feature",
      "geometry": {
        "type": "Point",
        "coordinates": [
          131.479982,
          34.187965
        ]
      },
      "properties": {
        "name": "菜香亭（Saiko-tei）",
        "説明・詳細（日本語）": "建物は、山口の迎賓館として明治10年から120年余りの間親しまれた料亭菜香亭を移築復元したものです。 菜香亭の100畳の大広間には、総理大臣・維新志士を含む29枚の自筆の書が飾られています。 きっと山口の未来が語り明かされていたのでしょう。",
        "説明・詳細（英語）": "The building is a relocated and restored version of Saikotei, a traditional Japanese restaurant beloved for over 120 years since 1877 as Yamaguchi's reception hall. The 100-tatami-mat grand hall of Saikotei displays 29 pieces of calligraphy in the artists' own handwriting, including works by Prime Ministers and Meiji Restoration patriots. Surely, Yamaguchi's future was discussed here at length.",
        "写真枚数": 2,
        "写真URL①": "https://lh3.googleusercontent.com/d/16I-WHc8Q_q2IrLpJFPjgKwCsiTgCgrdA",
        "写真URL②": "https://lh3.googleusercontent.com/d/1H0wCtjCzsjS2Za-SfmG-A8A4n1Ey8_xY",
        "写真URL③": null,
        "写真URL④": null,
        "写真URL⑤": null
      }
    },
    {
      "type": "Feature",
      "geometry": {
        "type": "Point",
        "coordinates": [
          131.478254,
          34.183517
        ]
      },
      "properties": {
        "name": "山口ふるさと伝承総合センター　(Yamaguchi Hometown Heritage Center)",
        "説明・詳細（日本語）": "様々な体験講座やイベントを通して伝統文化や地域の伝統産業のPRをされています。山口市で有名なゲンジボタルの飼育についてや、萩焼・徳佐和紙の展示など興味深い話題がいっぱいあります。蛍を入れて明かりを楽しむ、「ほたるかご」の販売もされていました。",
        "説明・詳細（英語）": "Through various hands-on workshops and events, they promote traditional culture and local heritage industries. There are many fascinating topics, such as the rearing of the famous Genji fireflies in Yamaguchi City, and exhibitions of Hagi ware and Tokusa washi paper. They also sell “hotaru kago” (firefly baskets) for enjoying the light of fireflies.",
        "写真枚数": 3,
        "写真URL①": "https://lh3.googleusercontent.com/d/1LyLMrnppIe0X0eOvldDFjs4WfwwQjwQq",
        "写真URL②": "https://lh3.googleusercontent.com/d/1rKJvdeV4zOFUM5D-WxzLZWDN1lxMppFP",
        "写真URL③": "https://lh3.googleusercontent.com/d/18qYWU0Z81u0MWI-J_Anhz-KuD0ic8vCi",
        "写真URL④": null,
        "写真URL⑤": null
      }
    },
    {
      "type": "Feature",
      "geometry": {
        "type": "Point",
        "coordinates": [
          131.506777,
          34.207934
        ]
      },
      "properties": {
        "name": "山口マツダ西京きずなスタジアム（Yamaguchi Mazda Saikiyo Kizuna Stadium）",
        "説明・詳細（日本語）": "小学生から大人まで、大谷選手に憧れる幅広い世代のプレーヤーが野球をしています。高校野球など、しばしば決勝戦に使われます。\r\n隣には第二球場もあります。",
        "説明・詳細（英語）": "From elementary school students to adults, players of all ages who admire Ohtani play baseball. It is often used for championship games, such as high school baseball tournaments.\r\nNext to it is the second ballpark.",
        "写真枚数": 1,
        "写真URL①": "https://lh3.googleusercontent.com/d/1_ASww8UZWCDZLOSZ0iRS1gHciKnM7wVe",
        "写真URL②": null,
        "写真URL③": null,
        "写真URL④": null,
        "写真URL⑤": null
      }
    },
    {
      "type": "Feature",
      "geometry": {
        "type": "Point",
        "coordinates": [
          131.466667,
          34.174806
        ]
      },
      "properties": {
        "name": "山口県立山口高等学校記念館(Yamaguchi Prefectural Yamaguchi High School Memorial Hall)",
        "説明・詳細（日本語）": "1918年(大正7年)の高等学校令を受けて、旧制山口高等学校講堂として1922年(大正11年)に建てられました。1999年(平成11年)には文化庁の登録有形文化財建造物に指定されました。\r\n創立150周年を機に、2020年(令和2年)に改修工事が行われました。また、2024年(令和6年)には山口市景観賞を受賞しており、地域の方からも愛されています。\r\n現在は、管弦楽部が主に利用しています。朝早くから管弦楽部が練習をしている音が聞こえてきます。山口高校の管弦楽部はとても人が多く、演奏に迫力があります。",
        "説明・詳細（英語）": "Built in 1922 as the auditorium of the former Yamaguchi High School in response to the 1918  High School Ordinance, it was designated a Registered Tangible Cultural Property by the Agency for Cultural Affairs in 1999 .\r\nRenovation work was carried out in 2020  to mark the school's 150th anniversary. It also received the Yamaguchi City Landscape Award in 2024  and is cherished by the local community.\r\nCurrently, it is primarily used by the orchestra club. The sound of the orchestra club practicing can be heard early in the morning. The Yamaguchi High School orchestra club has a large membership, giving their performances great power and impact.",
        "写真枚数": 1,
        "写真URL①": "https://lh3.googleusercontent.com/d/1VulsfZ2QWA4AIAgfMBfwLS4e_NMsths8",
        "写真URL②": null,
        "写真URL③": null,
        "写真URL④": null,
        "写真URL⑤": null
      }
    },
    {
      "type": "Feature",
      "geometry": {
        "type": "Point",
        "coordinates": [
          131.397332,
          34.094135
        ]
      },
      "properties": {
        "name": "新山口駅の垂直庭園　(Shin-Yamaguchi Station Vertical Garden)",
        "説明・詳細（日本語）": "新山口駅の垂直庭園です。フランスのアーティストの方がデザインされていて、私も小学生の時に植えるイベントに参加しました。今は鈴虫の音がよく聞こえてきており、春夏秋冬緑が綺麗です。都市の中の自然のような雰囲気で、心が癒されると思います。",
        "説明・詳細（英語）": "This is the vertical garden at Shin-Yamaguchi Station. It was designed by a French artist, and I even participated in a planting event here when I was in elementary school. Now, the sound of bell crickets often drifts through the air, and the greenery is beautiful throughout spring, summer, autumn, and winter. It has an atmosphere like nature within the city, and I think it soothes the soul.",
        "写真枚数": 2,
        "写真URL①": "https://lh3.googleusercontent.com/d/1LowodpnDEeKszIziKdy507jixUimDVy1",
        "写真URL②": "https://lh3.googleusercontent.com/d/13xuDRzP_s5ghh0U38h5tExCc0Ucl8b2i",
        "写真URL③": null,
        "写真URL④": null,
        "写真URL⑤": null
      }
    },
    {
      "type": "Feature",
      "geometry": {
        "type": "Point",
        "coordinates": [
          131.489671,
          34.198303
        ]
      },
      "properties": {
        "name": "雪舟庭（Sessyu-tei）",
        "説明・詳細（日本語）": "教科書に出てきた雪舟が、実は山口に住んでいたことがあると知り、「この景色を雪舟も眺めたのかなぁ」と想いを馳せながら庭を眺めていました。",
        "説明・詳細（英語）": "I learned that Sesshu, who appeared in my textbook, had actually lived in Yamaguchi at one time. As I gazed at the garden, I found myself wondering, “Did Sesshu also gaze upon this view?”",
        "写真枚数": 0,
        "写真URL①": null,
        "写真URL②": null,
        "写真URL③": null,
        "写真URL④": null,
        "写真URL⑤": null
      }
    },
    {
      "type": "Feature",
      "geometry": {
        "type": "Point",
        "coordinates": [
          131.472938,
          34.190284
        ]
      },
      "properties": {
        "name": "瑠璃光寺五重塔（Rurikoji Temple Five-Storied Pagoda）",
        "説明・詳細（日本語）": "山口を訪れる観光客の方はほぼ立ち寄られます。\r\n地元の人にとっては、入学式、成人式など、節目節目の写真撮影スポットでもあります。\r\n下の写真は、五重塔改装期間限定で開催されていたプロジェクションマッピングの時のものです。",
        "説明・詳細（英語）": "Almost all tourists visiting Yamaguchi stop by here.\r\nFor locals, it's also a popular photo spot for milestone events like entrance ceremonies and coming-of-age ceremonies.\r\nThe photo below was taken during the projection mapping event held for a limited time during the renovation of the five-story pagoda.",
        "写真枚数": 2,
        "写真URL①": "https://lh3.googleusercontent.com/d/1X7Z_Bvv7lmgGf8RMsrYpP7WQlVU1imyQ",
        "写真URL②": "https://lh3.googleusercontent.com/d/1KA6M4KRWeffwtQyqZFpYSk2jqnNtEmQX",
        "写真URL③": null,
        "写真URL④": null,
        "写真URL⑤": null
      }
    },
    {
      "type": "Feature",
      "geometry": {
        "type": "Point",
        "coordinates": [
          131.406312,
          34.098835
        ]
      },
      "properties": {
        "name": "ふしの夏まつり花火大会（Fushino Natsumatsuri Fireworks show）",
        "説明・詳細（日本語）": "毎年7月下旬に花火大会が開催されます。川幅100mほどの椹野川から打ち上げられる花火を、至近距離から見ることが出来ます。",
        "説明・詳細（英語）": "A fireworks festival is held every year in late July. You can view the fireworks launched from the Fushino River, which is about 100 meters wide, from close range.",
        "写真枚数": 1,
        "写真URL①": "https://lh3.googleusercontent.com/d/1rAyMTlV1TPaLLOLD9V6X5uFHoasq-0qc",
        "写真URL②": null,
        "写真URL③": null,
        "写真URL④": null,
        "写真URL⑤": null
      }
    },
    {
      "type": "Feature",
      "geometry": {
        "type": "Point",
        "coordinates": [
          131.480323,
          34.188523
        ]
      },
      "properties": {
        "name": "花祭り 野田神社（flower festival/Noda shrine）",
        "説明・詳細（日本語）": "毎年3月に、2週間ほど切り花を使った豪華な飾り付けがされています。",
        "説明・詳細（英語）": "Every March, for about two weeks, the space is lavishly decorated with cut flowers.",
        "写真枚数": 1,
        "写真URL①": "https://lh3.googleusercontent.com/d/1hrbrc4wcc8q2EU9YUV0-3LvVg0OlXTOk",
        "写真URL②": null,
        "写真URL③": null,
        "写真URL④": null,
        "写真URL⑤": null
      }
    },
    {
      "type": "Feature",
      "geometry": {
        "type": "Point",
        "coordinates": [
          131.47691,
          34.176436
        ]
      },
      "properties": {
        "name": "山口七夕ちょうちんまつり（Yamaguchi Tanabata Chochin Festival）",
        "説明・詳細（日本語）": "毎年8月6日7日に開催されています。アーケードの左右、どちらにもたくさんのちょうちんが飾られているのが見える、この場所がお気に入りの撮影スポットです。",
        "説明・詳細（英語）": "It is held every year on August 6th and 7th. This spot, where you can see numerous lanterns decorating both sides of the arcade, is a favorite photo spot.",
        "写真枚数": 2,
        "写真URL①": "https://lh3.googleusercontent.com/d/1GuoO2Ji_-VyA2OhpAJ-Zsctn4mXk5j4J",
        "写真URL②": "https://lh3.googleusercontent.com/d/1qgGOWr7GOUy31qdc95iABsFxqVbbif7S",
        "写真URL③": null,
        "写真URL④": null,
        "写真URL⑤": null
      }
    },
    {
      "type": "Feature",
      "geometry": {
        "type": "Point",
        "coordinates": [
          131.488323,
          34.178547
        ]
      },
      "properties": {
        "name": "山口天神祭(Yamaguchi Tenjin Festival)",
        "説明・詳細（日本語）": "毎年11月下旬に行われます。",
        "説明・詳細（英語）": "It is held in late November every year.",
        "写真枚数": 0,
        "写真URL①": null,
        "写真URL②": null,
        "写真URL③": null,
        "写真URL④": null,
        "写真URL⑤": null
      }
    },
    {
      "type": "Feature",
      "geometry": {
        "type": "Point",
        "coordinates": [
          131.557996,
          34.211412
        ]
      },
      "properties": {
        "name": "仁保川の鯉のぼり（carp-shaped streamer at Niho River）",
        "説明・詳細（日本語）": "仁保川の上空を、たくさんの鯉のぼりが泳ぎます。地元の人から寄贈された鯉のぼりだそうです。道の駅仁保の郷の近く、GW頃。",
        "説明・詳細（英語）": "Numerous carp streamers swim through the sky above the Niho River. They are said to be carp streamers donated by local residents. Near Roadside rest area Nihonosato, around Golden Week.",
        "写真枚数": 1,
        "写真URL①": "https://lh3.googleusercontent.com/d/1XcIgKs-gVhaXagn2gzTGqS0se-DKdXHO",
        "写真URL②": null,
        "写真URL③": null,
        "写真URL④": null,
        "写真URL⑤": null
      }
    },
    {
      "type": "Feature",
      "geometry": {
        "type": "Point",
        "coordinates": [
          131.456636,
          34.163465
        ]
      },
      "properties": {
        "name": "湯田温泉白狐まつり　(Yuda Onsen Byakko Fesutival)",
        "説明・詳細（日本語）": "毎年4月上旬の土日に湯田のメインエリア全体で開催されます。井上公園はメイン会場の一つです。\r\n井上公園周辺では山口ではおなじみの餅まきやステージイベント、屋台が開かれます。\r\n白狐まつりは、1日目は「白狐の嫁入り　松明行列」、2日目は「湯田温泉総踊り」「白狐パレード」が行われます。そのほかにも、「温泉ぶっかけまつり」「温泉街の朗読会」「YUDAモーターフェス」など見どころが盛りだくさんです！",
        "説明・詳細（英語）": "The festival is held throughout Yuda's main area on the Saturday and Sunday in early April each year. Inoue Park is one of the main venues.\r\nAround Inoue Park, you'll find the familiar Yamaguchi mochi-maki, stage events, and food stalls.\r\nThe Byakko Festival features the “Byakko Wedding Torch Procession” on the first day and the “Yuda Onsen Grand Dance” and “Byakko Parade” on the second day. Other highlights include the “Hot Spring Splash Festival,” “Hot Spring Town Reading Session,” and “YUDA Motor Fest”!\r\nWhite foxes called “byakko” in Japanese.",
        "写真枚数": 0,
        "写真URL①": null,
        "写真URL②": null,
        "写真URL③": null,
        "写真URL④": null,
        "写真URL⑤": null
      }
    },
    {
      "type": "Feature",
      "geometry": {
        "type": "Point",
        "coordinates": [
          131.47812,
          34.174402
        ]
      },
      "properties": {
        "name": "福部童子祭(Fukugedouji festival)",
        "説明・詳細（日本語）": "毎年8月26日(福部童子の命日)に開かれます。今市町内会が主催します。平安時代からずっと続いており、1000回を超えています。\r\n地元では「尻炙り祭」の愛称があります。",
        "説明・詳細（英語）": "It is held every year on August 26 (the anniversary of the death of Fukube Doji). It will be hosted by the Imaichi Association. It has been going on since the Heian period, more than 1000 times.\r\nIn the local area, it is nicknamed \"Shiri-aburi Festival\".",
        "写真枚数": 0,
        "写真URL①": null,
        "写真URL②": null,
        "写真URL③": null,
        "写真URL④": null,
        "写真URL⑤": null
      }
    },
    {
      "type": "Feature",
      "geometry": {
        "type": "Point",
        "coordinates": [
          131.456839,
          34.167473
        ]
      },
      "properties": {
        "name": "餅まき（こんこんパーク）　（Mochi-maki in Konkon Park）",
        "説明・詳細（日本語）": "山口の人といえば餅まきというほど、なぜか県民は餅まきが大好き。写真は、こんこんパーク開業記念の餅まきの様子です。何かイベントごとに餅まきが行われているので、ぜひ日程をご確認の上ご参加ください。\r\n中学生が、戦利品（餅）を見せ合っていました！",
        "説明・詳細（英語）": "When it comes to people from Yamaguchi, they're practically with mochi-maki—for some reason, the locals just love it. This photo shows the mochi-maki event held to commemorate the opening of Konkon Park. Since mochi-maki happens at almost every event, be sure to check the schedule and join in!\r\nThe middle schoolers were showing off their loot (rice cake)!",
        "写真枚数": 2,
        "写真URL①": "https://lh3.googleusercontent.com/d/1u4pff1COxD1QV8Xs_B2jwXnLbzzF6gI5",
        "写真URL②": "https://lh3.googleusercontent.com/d/1f4pfwyiuuEKVKyMl3wM9TYgDp4InsBWm",
        "写真URL③": null,
        "写真URL④": null,
        "写真URL⑤": null
      }
    },
    {
      "type": "Feature",
      "geometry": {
        "type": "Point",
        "coordinates": [
          131.395551,
          34.094073
        ]
      },
      "properties": {
        "name": "FM山口　サテライトスタジオ『0 Studio（ゼロスタジオ）』",
        "説明・詳細（日本語）": "「COZINESS」（月～木 15:00～18:55）と「Someday（サムデー）」（金 15:00～18:55）を公開生放送されています！大和良子さんのネイティブな山口弁は地元民に愛されています。",
        "説明・詳細（英語）": null,
        "写真枚数": 1,
        "写真URL①": "https://lh3.googleusercontent.com/d/1ixmaZoWlsB0A6ce0j4-kuXoLO_URIWYe",
        "写真URL②": null,
        "写真URL③": null,
        "写真URL④": null,
        "写真URL⑤": null
      }
    },
    {
      "type": "Feature",
      "geometry": {
        "type": "Point",
        "coordinates": [
          131.456633,
          34.167276
        ]
      },
      "properties": {
        "name": "こんこんパーク(Konkon Park)",
        "説明・詳細（日本語）": "地元の人の新たな憩いとなったこんこんパーク。様々な世代が集っています。小中学生の多くは自分は山口弁を話していないと思っていますが、そんなことはないです。市民が気づいていないだけで、意外と浸透している山口弁、温かくて好きです。",
        "説明・詳細（英語）": null,
        "写真枚数": 1,
        "写真URL①": "https://lh3.googleusercontent.com/d/1gjqu9j13WyrMNvu6GYnGBuf6CU3gUlen",
        "写真URL②": null,
        "写真URL③": null,
        "写真URL④": null,
        "写真URL⑤": null
      }
    },
    {
      "type": "Feature",
      "geometry": {
        "type": "Point",
        "coordinates": [
          131.475207,
          34.174437
        ]
      },
      "properties": {
        "name": "石州街道（Sekishu Kaido/Sekisyu Road）",
        "説明・詳細（日本語）": "商店街のアーケード、地元の皆さんにはお馴染みの場所かと思います。このアーケードのある通りは、石州街道だったそうです。昔も今もたくさんの人が行き交い、山口弁が聞こえます。",
        "説明・詳細（英語）": "The shopping arcade—a familiar spot for locals, I imagine. This street with the arcade was apparently the Sekishu Highway. Then and now, crowds pass through, and you can hear the Yamaguchi dialect.",
        "写真枚数": 1,
        "写真URL①": "https://lh3.googleusercontent.com/d/1R5yLxANapCwOvWigeKSdv8K-0jEdDiU5",
        "写真URL②": null,
        "写真URL③": null,
        "写真URL④": null,
        "写真URL⑤": null
      }
    },
    {
      "type": "Feature",
      "geometry": {
        "type": "Point",
        "coordinates": [
          131.457601,
          34.165291
        ]
      },
      "properties": {
        "name": "湯の香通り　足湯・手湯（Yunoka street /footbath・handbath）",
        "説明・詳細（日本語）": "湯田温泉唯一の手湯が存在。２つの足湯を楽しめる穏やかなスポット。",
        "説明・詳細（英語）": "The only hand-soaking bath in Yuda Onsen. A tranquil spot where you can enjoy two foot baths.",
        "写真枚数": 2,
        "写真URL①": "https://lh3.googleusercontent.com/d/1jQQn6nqQupdgQcRshDby3-5sJ2HjBwG5",
        "写真URL②": "https://lh3.googleusercontent.com/d/1watx-eGgl8VUpyFLKdWUkLAje7b4FusE",
        "写真URL③": null,
        "写真URL④": null,
        "写真URL⑤": null
      }
    },
    {
      "type": "Feature",
      "geometry": {
        "type": "Point",
        "coordinates": [
          131.474441,
          34.175789
        ]
      },
      "properties": {
        "name": "スペース・パンプローナ　(Space Pamplona)",
        "説明・詳細（日本語）": "地中海沿岸地域風の建築と、パンプローナ市で有名な「牛追い祭り」のからくり時計がおしゃれな小さな公園です。\r\nかつてイエズス会の宣教師フランシスコ・ザビエルは今の山口市などを中心に日本で布教活動を行いました。これにあやかり、1980年に山口市は、ザビエルの出身州であるナバラ州の州都・パンプローナ市(スペイン)と姉妹都市提携を結びました。この公園は、1993年に「えびす橋ガーデンブリッジ」として山口市により整備され、公募により「スペースパンプローナ～rncon de la amistad(友情の地)」という愛称がつけられました。両市は長年にわたって交流を行っており、パンプローナ市には「ヤマグチ公園」が作られたほか、山口市中心商店街では「スペインフィエスタ」が継続的に開催されています。",
        "説明・詳細（英語）": "This stylish little park features Mediterranean-style architecture and a clock tower depicting the famous Running of the Bulls festival in Pamplona.\r\nThe Jesuit missionary Francisco Xavier once conducted missionary activities in Japan, primarily around what is now Yamaguchi City. Thanks to this, in 1980, Yamaguchi City formed a sister city relationship with Pamplona (Spain), the capital of Navarre, Xavier's home province. This park was developed by Yamaguchi City in 1993 as the “Ebisu Bridge Garden Bridge.” Through a public contest, it was affectionately named “Space Pamplona ~ rncon de la amistad (Place of Friendship).” The two cities have maintained exchanges for many years. In addition to the creation of “Yamaguchi Park” in Pamplona, the “Spanish Fiesta” is held continuously in Yamaguchi City's central shopping district.",
        "写真枚数": 1,
        "写真URL①": "https://lh3.googleusercontent.com/d/1_aRETutDcvuWTjuN3ZKDRUjXvLpoLt_4",
        "写真URL②": null,
        "写真URL③": null,
        "写真URL④": null,
        "写真URL⑤": null
      }
    },
    {
      "type": "Feature",
      "geometry": {
        "type": "Point",
        "coordinates": [
          131.478037,
          34.1678
        ]
      },
      "properties": {
        "name": "プリンセス・ロード　(Princess Road)",
        "説明・詳細（日本語）": "歩道橋です。タコのような独特な形状をしています。姫山が見えるということと、山口中央高校生(もとが女子高校というのもあり）のイメージからつけられた名前だそうです。",
        "説明・詳細（英語）": "This is a pedestrian bridge. It has a unique octopus-like shape. The name comes from the fact that you can see Mount Himeyama from here, and also from the image of Yamaguchi Chuo High School (which was formerly a girls' high school).",
        "写真枚数": 2,
        "写真URL①": "https://lh3.googleusercontent.com/d/1LDmU_CMzeSsOhMZ-CxurUgeiX0n677XU",
        "写真URL②": "https://lh3.googleusercontent.com/d/1aUtXGCShVa0kFGzsphTd7zTE-40QBoQX",
        "写真URL③": null,
        "写真URL④": null,
        "写真URL⑤": null
      }
    },
    {
      "type": "Feature",
      "geometry": {
        "type": "Point",
        "coordinates": [
          131.474687,
          34.17404
        ]
      },
      "properties": {
        "name": "安部橋（Abe bridge）",
        "説明・詳細（日本語）": "道場門前と西門前をつなぐ安部橋。「橋の上にまでアーケードがかかっているのは、全国他で見たことがない」と、都市工学の専門家の先生がおっしゃっていました。",
        "説明・詳細（英語）": "Abe Bridge connects the Dojo-monzen and Nishi-monzen. “I've never seen anywhere in the country where an arcade extends all the way over the bridge itself,” remarked a professor specializing in urban engineering.",
        "写真枚数": 1,
        "写真URL①": "https://lh3.googleusercontent.com/d/1BktPutD73DPLR5gmAaPS2rUYqEQfqQ9V",
        "写真URL②": null,
        "写真URL③": null,
        "写真URL④": null,
        "写真URL⑤": null
      }
    },
    {
      "type": "Feature",
      "geometry": {
        "type": "Point",
        "coordinates": [
          131.391163,
          34.033229
        ]
      },
      "properties": {
        "name": "周防大橋（Suo-Ohashi Bridge）",
        "説明・詳細（日本語）": "椹野川が山口湾に流れ出る、最下流にかかっている橋です。全長約1km。橋の中ほどに、車を寄せて写真を撮れるスペースがあります。",
        "説明・詳細（英語）": "This bridge spans the lowermost reaches of the Fushino River as it flows into Yamaguchi Bay. It is approximately 1 kilometer long. Midway across the bridge, there is a space where you can pull over your car to take photos.",
        "写真枚数": 1,
        "写真URL①": "https://lh3.googleusercontent.com/d/1MwUpc9q0A9-cWBG0EuWjMtyyPCZ5ehB3",
        "写真URL②": null,
        "写真URL③": null,
        "写真URL④": null,
        "写真URL⑤": null
      }
    },
    {
      "type": "Feature",
      "geometry": {
        "type": "Point",
        "coordinates": [
          131.442651,
          34.153304
        ]
      },
      "properties": {
        "name": "仁斗代橋（Nitoshiro Bridge）",
        "説明・詳細（日本語）": "吉敷川にかかる仁斗代橋（にとしろばし）です。川沿いには四季折々の花が咲き、野鳥も多く見られます。",
        "説明・詳細（英語）": "This is Nitoshiro Bridge spanning the Yoshiki River. Along the riverbank, flowers bloom throughout the seasons, and many wild birds can be seen.",
        "写真枚数": 1,
        "写真URL①": "https://lh3.googleusercontent.com/d/1WJVkXwUuILfg5Q3hzoGBYYCNjs9yYHp_",
        "写真URL②": null,
        "写真URL③": null,
        "写真URL④": null,
        "写真URL⑤": null
      }
    },
    {
      "type": "Feature",
      "geometry": {
        "type": "Point",
        "coordinates": [
          131.441694,
          34.157687
        ]
      },
      "properties": {
        "name": "石橋(Ishibashi Bridge)",
        "説明・詳細（日本語）": null,
        "説明・詳細（英語）": null,
        "写真枚数": 2,
        "写真URL①": "https://lh3.googleusercontent.com/d/10rxAgc9Cny_c_1gv43uYsHKW0tD9kVwQ",
        "写真URL②": "https://lh3.googleusercontent.com/d/1SkVCkv-cd3hCjZlki3Eu7HmeJY8guhUV",
        "写真URL③": null,
        "写真URL④": null,
        "写真URL⑤": null
      }
    },
    {
      "type": "Feature",
      "geometry": {
        "type": "Point",
        "coordinates": [
          131.447951,
          34.146929
        ]
      },
      "properties": {
        "name": "石津橋（Ishizu Bridge）",
        "説明・詳細（日本語）": "椹野川にかかる石津橋です。川沿いには、山口秋吉台自転車道が整備され、野鳥が多く見られます。",
        "説明・詳細（英語）": "This is Ishizubashi Bridge spanning the Fushino River. Along the riverbank, the Yamaguchi Akiyoshidai Bicycle Path has been developed, and many wild birds can be seen.",
        "写真枚数": 1,
        "写真URL①": "https://lh3.googleusercontent.com/d/1OvjVldVYuL1ZogWHiMlX3vtaPHyNn0IP",
        "写真URL②": null,
        "写真URL③": null,
        "写真URL④": null,
        "写真URL⑤": null
      }
    },
    {
      "type": "Feature",
      "geometry": {
        "type": "Point",
        "coordinates": [
          131.475213,
          34.166115
        ]
      },
      "properties": {
        "name": "平川大橋（HirakawaOhashiBridge）",
        "説明・詳細（日本語）": "仁保川と椹野川が合流する地点にかかっている橋です。写真は初日の出を撮影しました。",
        "説明・詳細（英語）": "This bridge spans the confluence of the Niho River and the Fushino River. The photo captures the first sunrise of the year.",
        "写真枚数": 1,
        "写真URL①": "https://lh3.googleusercontent.com/d/1OdBzDQHMPVPMXzvWsXkhgK4UsCeMqU-b",
        "写真URL②": null,
        "写真URL③": null,
        "写真URL④": null,
        "写真URL⑤": null
      }
    },
    {
      "type": "Feature",
      "geometry": {
        "type": "Point",
        "coordinates": [
          131.482632,
          34.178999
        ]
      },
      "properties": {
        "name": "別世界に繋がってそう　(Doesn't it look like it's connected to another world?)",
        "説明・詳細（日本語）": "電車を撮影に来る人や、夏の花火大会を見に来る人が多く通ったり集まったりしています。異世界との境界みたいな雰囲気がとても好きです。",
        "説明・詳細（英語）": "Many people come to photograph trains or watch the summer fireworks festival, passing through or gathering here. I really love the atmosphere that feels like the boundary between this world and another.",
        "写真枚数": 2,
        "写真URL①": "https://lh3.googleusercontent.com/d/1wIzBawtGVbGNL1aTTK2p8UWXz5K4AHO5",
        "写真URL②": "https://lh3.googleusercontent.com/d/1rh1jhvFksARhLmqMNWpVGu4Xbkd13jz4",
        "写真URL③": null,
        "写真URL④": null,
        "写真URL⑤": null
      }
    },
    {
      "type": "Feature",
      "geometry": {
        "type": "Point",
        "coordinates": [
          131.468588,
          34.162027
        ]
      },
      "properties": {
        "name": "豊年橋（Ho-nen bridge）",
        "説明・詳細（日本語）": "車が対面通行できるぐらいの道幅だが、橋の上からの景色はとても見晴らしが良い。たいてい野鳥が見られる。",
        "説明・詳細（英語）": null,
        "写真枚数": 1,
        "写真URL①": "https://lh3.googleusercontent.com/d/1RruEUNqqqMY1pMCqtTt2LH4UlntlTcW1",
        "写真URL②": null,
        "写真URL③": null,
        "写真URL④": null,
        "写真URL⑤": null
      }
    },
    {
      "type": "Feature",
      "geometry": {
        "type": "Point",
        "coordinates": [
          131.478966,
          34.168615
        ]
      },
      "properties": {
        "name": "鰐石橋(Wanishi Bridge)",
        "説明・詳細（日本語）": "鰐石の重ね岩とともに愛されてきた橋で、江戸時代の錦絵や明治時代の絵葉書がのこっているほか、萩往還が通っている橋でもあります。山口県で初めて鉄橋になったのもこの橋でした。1883年に明治天皇が行幸にいらっしゃったことがきっかけのようです。\r\nその後、1914年に石橋となり、1933年にRC(鉄筋コンクリート)橋になりましたが、平成に補修工事がなされて現在に至ります。この橋の鰐石側(白石地域側)に石畳の道路が残されているのは、石橋の名残です。",
        "説明・詳細（英語）": null,
        "写真枚数": 1,
        "写真URL①": "https://lh3.googleusercontent.com/d/1RchC4H7heeX5UlN6atdTtadSGJDqI2MI",
        "写真URL②": null,
        "写真URL③": null,
        "写真URL④": null,
        "写真URL⑤": null
      }
    },
    {
      "type": "Feature",
      "geometry": {
        "type": "Point",
        "coordinates": [
          131.45667,
          34.163298
        ]
      },
      "properties": {
        "name": "井上馨　銅像(Inoue Kaoru)",
        "説明・詳細（日本語）": null,
        "説明・詳細（英語）": null,
        "写真枚数": 2,
        "写真URL①": "https://lh3.googleusercontent.com/d/1-YMeS7nS0Ihe6IC9wtKSKAttPaMycDwc",
        "写真URL②": "https://lh3.googleusercontent.com/d/15RH8anMm4cD7DWxQ9RPBCqtPc9ggr6nL",
        "写真URL③": null,
        "写真URL④": null,
        "写真URL⑤": null
      }
    },
    {
      "type": "Feature",
      "geometry": {
        "type": "Point",
        "coordinates": [
          131.472984,
          34.180659
        ]
      },
      "properties": {
        "name": "亀山公園 （Kameyama park）",
        "説明・詳細（日本語）": "明治維新における長州藩の功績顕彰のため、毛利敬親、吉川経幹、毛利元蕃、毛利元徳、毛利元純、毛利元周の六体の銅像が亀山山頂に建立されたが、第二次世界大戦下、銅像は兵器の材料として供出された。\r\n毛利敬親の馬上の銅像のみ、山口市制施行五十周年を記念して昭和55年に再建されている。\r\n側に植えられた十月桜の影で読みにくいのは、ご容赦ください。",
        "説明・詳細（英語）": "To honor the achievements of the Chōshū Domain during the Meiji Restoration, six bronze statues of Mori Takachika, KIkkawa Tunemasa, Mori Motomitsu, Mori Motonori, Mori Motozumi, and Mori Motochika were erected atop Mount Kameyama. However, during World War II, the statues were surrendered as materials for weapons.  Only the equestrian statue of Mori Takachika was rebuilt in 1980 to commemorate the 50th anniversary of Yamaguchi City's establishment.  Please excuse the difficult-to-read inscription, obscured by the shadow of the October cherry tree planted nearby.",
        "写真枚数": 2,
        "写真URL①": "https://lh3.googleusercontent.com/d/12fxJIYTUJc7PONSE9Sp-Z29i1ex6BiD0",
        "写真URL②": "https://lh3.googleusercontent.com/d/1Z90Pu4ruC2ADCDUTmUInudQkPg4jvrcm",
        "写真URL③": null,
        "写真URL④": null,
        "写真URL⑤": null
      }
    },
    {
      "type": "Feature",
      "geometry": {
        "type": "Point",
        "coordinates": [
          131.480094,
          34.187999
        ]
      },
      "properties": {
        "name": "菜香亭（Saiko-tei）",
        "説明・詳細（日本語）": "建物は、山口の迎賓館として明治10年から120年余りの間親しまれた料亭菜香亭を移築復元したものです。\r\n菜香亭の100畳の大広間には、総理大臣・維新志士を含む29枚の自筆の書が飾られています。\r\nきっと山口の未来が語り明かされていたのでしょう。\r\n（すぐ下の写真は木戸孝允）",
        "説明・詳細（英語）": "The building was relocated and restored from the Ryotei Saiko-tei, which was popular for more than 120 years as a guest house in Yamaguchi.\r\nThe 100-tatami-mat hall of Saiko-tei is decorated with 29 handwritten calligraphy works, including the Prime Minister and the Restoration.\r\nI'm sure the future of Yamaguchi was told.",
        "写真枚数": 2,
        "写真URL①": "https://lh3.googleusercontent.com/d/1ipO9IEJMWQ6PC37LqEbfioCFwys3uG22",
        "写真URL②": "https://lh3.googleusercontent.com/d/1X6lbPLONYHUYOsf3Hr9IuYleCZS1mt9A",
        "写真URL③": null,
        "写真URL④": null,
        "写真URL⑤": null
      }
    },
    {
      "type": "Feature",
      "geometry": {
        "type": "Point",
        "coordinates": [
          131.456762,
          34.16532
        ]
      },
      "properties": {
        "name": "坂本龍馬像(Sakamoto Ryouma)",
        "説明・詳細（日本語）": "道路沿いに人影があるなーと思ったら坂本龍馬でした。龍馬の生涯について詳細に記述されています。",
        "説明・詳細（英語）": "I thought there was a figure along the road, but it was Sakamoto Ryoma. Ryoma's life is described in detail.",
        "写真枚数": 2,
        "写真URL①": "https://lh3.googleusercontent.com/d/15LwINwm0ZhOyMXOb7vKlEODxHuJIVL_I",
        "写真URL②": "https://lh3.googleusercontent.com/d/1QmqWSjb3e1wVkEXcX7KxnAf-UE3FUpv5",
        "写真URL③": null,
        "写真URL④": null,
        "写真URL⑤": null
      }
    },
    {
      "type": "Feature",
      "geometry": {
        "type": "Point",
        "coordinates": [
          131.457379,
          34.165014
        ]
      },
      "properties": {
        "name": "松田屋ホテル（Matsudaya Hotel/Restoration historic site）",
        "説明・詳細（日本語）": "吉田松陰、伊藤博文、大久保利通、西郷隆盛、木戸孝允、坂本龍馬、久坂玄瑞、井上馨、三条実美。この名だたる維新の有名人たちの共通点は、ここ松田屋を訪れていること。ホテル内の資料室は圧巻。こんなにも維新の資料が展示されている場所があるなんて！と歴史好きにはたまらないお宿です。\r\n庭園内には、西郷・木戸・大久保が会見を行った場所もあります。\r\n歴史といえば、庭園内のアカマツは、司馬遼太郎の「街道をゆく」に登場しています。",
        "説明・詳細（英語）": "Yoshida Shoin,  Ito Hirofumi, Okubo Toshimichi,  Saigo Takamori, i Kido Takayoshi,  Sakamoto Ryouma,  Kusaka Genzui,  Inoue Kaoru, and  Sanjo Sanetomi. What these famous celebrities of the Restoration have in common is that they visit Matsudaya here. The reference room in the hotel is a masterpiece. I can't believe there is a place where so many restoration materials are on display! And it is an irresistible inn for history lovers.\r\nIn the garden, there is also a place where Saigo, Kido, and Okubo held a press conference.\r\nSpeaking of history, the red pine in the garden appeared in Ryotaro Shima's \"Kaido no Yuku\".",
        "写真枚数": 2,
        "写真URL①": "https://lh3.googleusercontent.com/d/1Z8_Q4A6tGPozj217xDmcZVeiofI6x1qK",
        "写真URL②": "https://lh3.googleusercontent.com/d/1cnfxXmgDuUGoR2yqPa-AAKMFcgVCMvId",
        "写真URL③": null,
        "写真URL④": null,
        "写真URL⑤": null
      }
    },
    {
      "type": "Feature",
      "geometry": {
        "type": "Point",
        "coordinates": [
          131.467459,
          34.180865
        ]
      },
      "properties": {
        "name": "普門寺(Fumon-ji/temple)",
        "説明・詳細（日本語）": null,
        "説明・詳細（英語）": null,
        "写真枚数": 0,
        "写真URL①": null,
        "写真URL②": null,
        "写真URL③": null,
        "写真URL④": null,
        "写真URL⑤": null
      }
    },
    {
      "type": "Feature",
      "geometry": {
        "type": "Point",
        "coordinates": [
          131.474604,
          34.174286
        ]
      },
      "properties": {
        "name": "枕流亭跡（Chinryutei remained site）",
        "説明・詳細（日本語）": "一ノ坂川の道場門前側に安部家の「枕流亭」があったそうです。枕流亭において、薩長連合の密議を重ね、連合討幕軍の結成を誓ったと書かれています。\r\n枕流亭の建物は、現在は香山公園内に移築されています。",
        "説明・詳細（英語）": "It is said that the Abe family's “Chinryu-tei” was located on the dojo monzen of Ichinosaka River.\r\nIt is written that at Chinryu-tei, repeated secret meetings of the Satcho Alliance　were held, where they swore to form a united anti-shogunate army.\r\nThe Chinryu-tei building has now been relocated within Kozan Park.\r\nIt is said that the Abe family's “Chinryutei” was located on the dojo gate side of Ichinosaka River.\r\nIt is written that at Chinryutei, repeated secret meetings of the Satsuma-Choshu Alliance were held, where they swore to form a united anti-shogunate army.\r\nThe Chinryutei building has now been relocated within Kozan Park.",
        "写真枚数": 1,
        "写真URL①": "https://lh3.googleusercontent.com/d/1Nrachx2ePxLo9t8G3MmW9xb6Ph_U2ZBZ",
        "写真URL②": null,
        "写真URL③": null,
        "写真URL④": null,
        "写真URL⑤": null
      }
    },
    {
      "type": "Feature",
      "geometry": {
        "type": "Point",
        "coordinates": [
          131.461344,
          34.178013
        ]
      },
      "properties": {
        "name": "木戸神社(Kido jinjya/shrine)",
        "説明・詳細（日本語）": null,
        "説明・詳細（英語）": null,
        "写真枚数": 0,
        "写真URL①": null,
        "写真URL②": null,
        "写真URL③": null,
        "写真URL④": null,
        "写真URL⑤": null
      }
    },
    {
      "type": "Feature",
      "geometry": {
        "type": "Point",
        "coordinates": [
          131.4737,
          34.179731
        ]
      },
      "properties": {
        "name": "来嶋　又兵衛（Matabe- Kijima）",
        "説明・詳細（日本語）": "幕末の萩藩士来嶋又兵衛。槍や馬術に優れ、「鬼将軍」とも呼ばれていた。池田屋事件の折には隊を率いて京都へ向かい、蛤御門の変で狙撃され亡くなった。\r\n大きな石碑だなぁと思って読んでみると、来嶋又兵衛の顕彰碑でした。",
        "説明・詳細（英語）": "Kijima Matabei , a feudal retainer of the Hagi clan at the end of the Edo period. He excelled in spears and equestrianism, and was also called \"Oni Shogun\". At the time of the Ikedaya incident, he led a team to Kyoto and was shot and died in the Hamagurigomon Incident.\r\nI thought it was a big stone monument, but when I read it, it was a monument of honor of Kijima Matabei .",
        "写真枚数": 1,
        "写真URL①": "https://lh3.googleusercontent.com/d/10yJC_vQA_Nnch0SlVmXnp13bdtppuBEg",
        "写真URL②": null,
        "写真URL③": null,
        "写真URL④": null,
        "写真URL⑤": null
      }
    },
    {
      "type": "Feature",
      "geometry": {
        "type": "Point",
        "coordinates": [
          131.372656,
          34.00267
        ]
      },
      "properties": {
        "name": "TOTOMATO ドッグラン（dog park ）",
        "説明・詳細（日本語）": "海が見える絶景レストラン。併設のドッグランがあります。",
        "説明・詳細（英語）": "A restaurant with spectacular ocean views. Features an attached dog run.",
        "写真枚数": 1,
        "写真URL①": "https://lh3.googleusercontent.com/d/1jqKXgChYZYkx7JCeg9yTPSde8axt-veB",
        "写真URL②": null,
        "写真URL③": null,
        "写真URL④": null,
        "写真URL⑤": null
      }
    },
    {
      "type": "Feature",
      "geometry": {
        "type": "Point",
        "coordinates": [
          131.535273,
          34.111547
        ]
      },
      "properties": {
        "name": "花陰（Hanakage）",
        "説明・詳細（日本語）": "ドッグラン、ドッグホテル、ドッグカフェがあります。",
        "説明・詳細（英語）": "We have a dog run, dog hotel, and dog cafe.",
        "写真枚数": 0,
        "写真URL①": null,
        "写真URL②": null,
        "写真URL③": null,
        "写真URL④": null,
        "写真URL⑤": null
      }
    },
    {
      "type": "Feature",
      "geometry": {
        "type": "Point",
        "coordinates": [
          131.456716,
          34.17579
        ]
      },
      "properties": {
        "name": "犬の保育園 ハッピーランドハレルヤ（pet hotel/Happy Land Hareruya",
        "説明・詳細（日本語）": "湯田温泉の旅館やホテルに宿泊中、愛犬は湯田温泉から車で5分のペットホテルにお泊りできます。\r\n16時〜翌朝10時のお預かりで、チェックアウト後、日中はまた一緒に旅を楽しめます。\r\n1泊2日　8,800円\r\n【事前に予約が必要です】",
        "説明・詳細（英語）": "Tel 083-941-5725\r\nWhile staying at inns or hotels in Yuda Onsen, your beloved dog can stay at a pet hotel just a 5-minute drive from Yuda Onsen.\r\nWe provide boarding from 4:00 PM until 10:00 AM the next morning. After check-out, you can enjoy traveling together again during the day.\r\n1 night, 2 days: ¥8,800\r\nTel 083-941-5725\r\n【Advance reservations are required】",
        "写真枚数": 0,
        "写真URL①": null,
        "写真URL②": null,
        "写真URL③": null,
        "写真URL④": null,
        "写真URL⑤": null
      }
    },
    {
      "type": "Feature",
      "geometry": {
        "type": "Point",
        "coordinates": [
          131.435924,
          33.993535
        ]
      },
      "properties": {
        "name": "あいお荘（Aio-so）",
        "説明・詳細（日本語）": "秋穂の名産、車海老がたのしめる宿です。\r\n立ち寄り入浴できるお風呂もあります。\r\n見晴らしの良い山の上にあるので、露天風呂からの景色が絶景です。",
        "説明・詳細（英語）": "It is an inn where you can enjore the big shrimp, a specialty of Aio.\r\nThere is also a bath where you can stop by and take a bath.\r\nIt is located on a mountain with a good view, so the view from the open-air bath is superb.",
        "写真枚数": 0,
        "写真URL①": null,
        "写真URL②": null,
        "写真URL③": null,
        "写真URL④": null,
        "写真URL⑤": null
      }
    },
    {
      "type": "Feature",
      "geometry": {
        "type": "Point",
        "coordinates": [
          131.456673,
          34.163634
        ]
      },
      "properties": {
        "name": "井上公園　足湯　白狐（Inoue Park footbath ）",
        "説明・詳細（日本語）": "白狐が見つけたと言われている湯田温泉。街中にはあちこちに足湯・手湯スポットがあります。ここは、土日だといろんな人がいて子供たちが遊具で楽しんでいる姿を見ながらいろんな人と交流できるのが魅力の足湯。是非タオル片手においでませ。",
        "説明・詳細（英語）": "Yuda Onsen, said to have been discovered by a white fox. Footbath and handbath spots dot the town. This footbath is especially charming on weekends, where you can mingle with all sorts of people while watching children play on the playground equipment. Please come and visit with a towel.",
        "写真枚数": 1,
        "写真URL①": "https://lh3.googleusercontent.com/d/1RK-mj4JHptDv2_YnRrkbunnuUFdw9mfM",
        "写真URL②": null,
        "写真URL③": null,
        "写真URL④": null,
        "写真URL⑤": null
      }
    },
    {
      "type": "Feature",
      "geometry": {
        "type": "Point",
        "coordinates": [
          131.457456,
          34.164501
        ]
      },
      "properties": {
        "name": "狐の足あと（Kitsunenoashiato）",
        "説明・詳細（日本語）": "有料の足湯スポット（3つの異なる足湯があります。貸しタオルは料金に含まれているので、手ぶらで行けます）\r\n観光情報も得られるので、足湯につかりながら、どこへ行こうか考えるのも楽しいかと。狐の足跡ではよくイベント行われるしいろんな温度の足湯を楽しみながらスイーツも楽しめる最高のお店！\r\n足湯につかりながら食べられる飲み物、アイスクリーム、パフェなどがおいしい！期間限定でSLフロートも販売されています。くつろぎたいならここがおすすめです。大内氏についての本も読むことができます。",
        "説明・詳細（英語）": "Paid foot bath spots (featuring three distinct foot baths. Rental towels are included in the price, so you can come empty-handed).\r\nYou can also get tourist information here, so it's fun to soak your feet while deciding where to go next. Kitsunenoashiato often hosts events and is the ultimate spot to enjoy sweets while soaking in foot baths of various temperatures!\r\nDrinks, ice cream, and parfaits you can enjoy while soaking are delicious! Limited-time SL Floats are also sold. Highly recommended if you want to relax. You can also read books about the Ōuchi clan.",
        "写真枚数": 1,
        "写真URL①": "https://lh3.googleusercontent.com/d/1xTYS2SKa9y8eO0na-y6h73Eok_5Lha7B",
        "写真URL②": null,
        "写真URL③": null,
        "写真URL④": null,
        "写真URL⑤": null
      }
    },
    {
      "type": "Feature",
      "geometry": {
        "type": "Point",
        "coordinates": [
          131.462054,
          34.171152
        ]
      },
      "properties": {
        "name": "山水園　取泉所（Sansuien/Japanese inn）",
        "説明・詳細（日本語）": "駐車場の脇に「取泉所」があります。\r\n200円で4リットルの源泉（70度）を入れ物に汲んで、持ち帰ることができます。\r\nアルカリ性単純硫黄温泉。\r\n洗顔や上がり湯に使用するとツルツルに。",
        "説明・詳細（英語）": "There is a \"Shusenjyo(can get hot spring water)\" next to the parking lot.\r\nFor 200 yen, you can pump a 4-liter source (70 degrees) into a bottle and take it home.\r\nAlkaline simple sulfur hot spring.\r\nIf you use it for washing your face , it will be smooth.",
        "写真枚数": 2,
        "写真URL①": "https://lh3.googleusercontent.com/d/1_hGzC7bYHkzXHjOqLIJ1QScjdHHgJdn1",
        "写真URL②": "https://lh3.googleusercontent.com/d/1hLzTWBv_CH8zd_9HzBwG6PUQ3Dmr084m",
        "写真URL③": null,
        "写真URL④": null,
        "写真URL⑤": null
      }
    },
    {
      "type": "Feature",
      "geometry": {
        "type": "Point",
        "coordinates": [
          131.457521,
          34.16542
        ]
      },
      "properties": {
        "name": "足湯　手湯（footbath handbath）",
        "説明・詳細（日本語）": "白狐が見つけたと言われている湯田温泉。街中にはあちこちに足湯・手湯スポットがあります。ここは、木の感じがよくて脇道みたいな感じで落ち着く足湯。是非タオル片手においでませ。",
        "説明・詳細（英語）": "Yuda Onsen, said to have been discovered by a white fox. Footbaths and handbaths dot the town. This one has a nice wooden feel and a quiet, side street vibe. Please come and visit with a towel.",
        "写真枚数": 2,
        "写真URL①": "https://lh3.googleusercontent.com/d/16H7I8otEUsRl1Hn61SiO7hBhBu-22lFx",
        "写真URL②": "https://lh3.googleusercontent.com/d/18FOkRaHeuZVZ_d2ESBzfnGOhvum-u267",
        "写真URL③": null,
        "写真URL④": null,
        "写真URL⑤": null
      }
    },
    {
      "type": "Feature",
      "geometry": {
        "type": "Point",
        "coordinates": [
          131.465149,
          34.071715
        ]
      },
      "properties": {
        "name": "長沢ガーデン（Nagasawa garden）",
        "説明・詳細（日本語）": "幹線道路の側にあるので、大型トラックがよく停まっています。\r\n銭湯があります。（台風被害でお風呂が使えなかった時、毎日入りに行きました）\r\nレストランもあります。\r\n珍しい、うどんの自動販売機があります。\r\n池に向かってゴルフの打ちっぱなしができます。",
        "説明・詳細（英語）": "Because it is on the side of the main road, large trucks are often parked.\r\nThere is a public bath. ( When I couldn't use the bath due to the typhoon damage, I went in every day)\r\nThere is also a restaurant.\r\nThere is a rare udon vending machine.\r\nYou can play golf towards the pond.",
        "写真枚数": 0,
        "写真URL①": null,
        "写真URL②": null,
        "写真URL③": null,
        "写真URL④": null,
        "写真URL⑤": null
      }
    },
    {
      "type": "Feature",
      "geometry": {
        "type": "Point",
        "coordinates": [
          131.456737,
          34.167601
        ]
      },
      "properties": {
        "name": "湯田温泉こんこんパーク内の足湯　(Footbath at Yuda Onsen Konkon Park)",
        "説明・詳細（日本語）": "パークの中には2カ所大きな足湯スペースがあります。スイーツなどを堪能したり、いろいろな人と会話を楽しんだりしながら足湯を楽しむことができます。\r\n1つは有料ですが、もう1つは無料で利用できます。\r\n隣のサンフレで運動した後の疲れを癒すのに足湯に入るとめっちゃ最高、他にも足湯にはいろんないいとこがあるよね。でもサンフレで夜まで運動した後の足湯はほんまに最高。",
        "説明・詳細（英語）": "There are two large footbath areas within the park. You can enjoy the footbaths while savoring sweets and chatting with various people.\r\nOne requires a fee, but the other is free to use.\r\nSoaking your feet in a foot bath after working out at Sanfresh Yamaguchi is seriously the best way to ease your tired muscles. Foot baths have all sorts of other benefits too. After all , a foot bath after working out at Sanfresh Yamaguchi until late at night is truly the best.",
        "写真枚数": 2,
        "写真URL①": "https://lh3.googleusercontent.com/d/1h_7AAUpkm7rpIOW1HB1MvZ8e2yKWABeS",
        "写真URL②": "https://lh3.googleusercontent.com/d/1cCJ4foGalLXlo-5J6SM9grH9w7k1vRT6",
        "写真URL③": null,
        "写真URL④": null,
        "写真URL⑤": null
      }
    },
    {
      "type": "Feature",
      "geometry": {
        "type": "Point",
        "coordinates": [
          131.459991,
          34.159701
        ]
      },
      "properties": {
        "name": "湯田温泉駅前の足湯　(Footbath in Front of Yuda Onsen Station)",
        "説明・詳細（日本語）": "白狐が見つけたと言われている湯田温泉。街中にはあちこちに足湯・手湯スポットがあります。ここの足湯は、どこか行くまえに少しつかったり、湯田に帰ってきてから疲れを癒したりできるからそれが最高！\r\n足湯に入りながらSLが見える！",
        "説明・詳細（英語）": "Yuda Onsen, said to have been discovered by a white fox. Footbaths and handbaths dot the town. These foot baths are perfect for a quick soak before heading out somewhere, or to soothe tired feet after returning to Yuda!\r\nYou can see the steam locomotives while soaking in the foot bath!",
        "写真枚数": 0,
        "写真URL①": null,
        "写真URL②": null,
        "写真URL③": null,
        "写真URL④": null,
        "写真URL⑤": null
      }
    },
    {
      "type": "Feature",
      "geometry": {
        "type": "Point",
        "coordinates": [
          131.456719,
          34.164202
        ]
      },
      "properties": {
        "name": "湯田温泉観光案内所前　足湯・飲泉（Yudaonsen Tourist information center）",
        "説明・詳細（日本語）": null,
        "説明・詳細（英語）": null,
        "写真枚数": 2,
        "写真URL①": "https://lh3.googleusercontent.com/d/1HueVkEz1iqzDmEHWknfJ6hWnTtYR_wST",
        "写真URL②": "https://lh3.googleusercontent.com/d/1Nn8go7-4lpF-xTax-ABe2ytsY0Mwrrjn",
        "写真URL③": null,
        "写真URL④": null,
        "写真URL⑤": null
      }
    },
    {
      "type": "Feature",
      "geometry": {
        "type": "Point",
        "coordinates": [
          131.456461,
          34.165583
        ]
      },
      "properties": {
        "name": "湯別当野原（現在　閉館）(Nohara/Closed)",
        "説明・詳細（日本語）": "温泉とともに、２階の畳の部屋に長門市から芸人の人が来てパフォーマンスをしてくれた思い出がある場所。地元の人に愛されていた名湯。",
        "説明・詳細（英語）": "Along with the hot springs, this is a place I remember fondly where performers from Nagato City would come to the second-floor tatami room and put on shows. It is a renowned hot spring beloved by the locals.",
        "写真枚数": 0,
        "写真URL①": null,
        "写真URL②": null,
        "写真URL③": null,
        "写真URL④": null,
        "写真URL⑤": null
      }
    },
    {
      "type": "Feature",
      "geometry": {
        "type": "Point",
        "coordinates": [
          131.445966,
          34.150383
        ]
      },
      "properties": {
        "name": "アイガモ（duck）",
        "説明・詳細（日本語）": "矢原駅近くの水田で、アイガモ農法を行なっておられるようです。写真の中に、アイガモの姿を見つけることができるでしょうか？",
        "説明・詳細（英語）": "Near Yabara Station, it appears that someone is practicing the Aigamo farming method in the rice paddies. Can you spot the Aigamo ducks in the photo?",
        "写真枚数": 1,
        "写真URL①": "https://lh3.googleusercontent.com/d/1OJW_TZF0KQ0_25O-trSPsfzWwpAAfX0N",
        "写真URL②": null,
        "写真URL③": null,
        "写真URL④": null,
        "写真URL⑤": null
      }
    },
    {
      "type": "Feature",
      "geometry": {
        "type": "Point",
        "coordinates": [
          131.441605,
          34.157534
        ]
      },
      "properties": {
        "name": "アオサギ (Grey Heron)",
        "説明・詳細（日本語）": null,
        "説明・詳細（英語）": null,
        "写真枚数": 3,
        "写真URL①": "https://lh3.googleusercontent.com/d/1ffGB1y-wgwvpuYi0iuDINBNISfAl5mip",
        "写真URL②": "https://lh3.googleusercontent.com/d/1sLbFHV6lUMAtjQzKfE1tZ_fykLEe7mxE",
        "写真URL③": "https://lh3.googleusercontent.com/d/1hbDjqG0tTpQ_FNTUE8UqXwOCdxXxH64Z",
        "写真URL④": null,
        "写真URL⑤": null
      }
    },
    {
      "type": "Feature",
      "geometry": {
        "type": "Point",
        "coordinates": [
          131.440279,
          34.156154
        ]
      },
      "properties": {
        "name": "維新百年記念公園（Ishin 100 MemorialPark）",
        "説明・詳細（日本語）": "時々パンの耳を持ってきてまいている人がいるので、池に近づくと鳥たちが寄ってきます。",
        "説明・詳細（英語）": "Sometimes people bring bread crusts and scatter them, so when you approach the pond, birds gather around.",
        "写真枚数": 1,
        "写真URL①": "https://lh3.googleusercontent.com/d/1_qMAURx0U8zgDdGqpbrUtpX5MimxGxZx",
        "写真URL②": null,
        "写真URL③": null,
        "写真URL④": null,
        "写真URL⑤": null
      }
    },
    {
      "type": "Feature",
      "geometry": {
        "type": "Point",
        "coordinates": [
          131.472584,
          34.181387
        ]
      },
      "properties": {
        "name": "亀山公園 （Kameyama park）",
        "説明・詳細（日本語）": "カルガモがたくさん。池にいたり、斜面にいたり。",
        "説明・詳細（英語）": "Many mallards. Some are in the pond, others on the slope.",
        "写真枚数": 3,
        "写真URL①": "https://lh3.googleusercontent.com/d/176oJTMQZM6M_AQpPCp0yyIrjU8EcxKMT",
        "写真URL②": "https://lh3.googleusercontent.com/d/1bGgxFnx7WPUxgcHvTZcKLMuXLkx02lJS",
        "写真URL③": "https://lh3.googleusercontent.com/d/1ts1Ou_XCfjE5LIZbrkBYACLGknE8JH0U",
        "写真URL④": null,
        "写真URL⑤": null
      }
    },
    {
      "type": "Feature",
      "geometry": {
        "type": "Point",
        "coordinates": [
          131.442761,
          34.153939
        ]
      },
      "properties": {
        "name": "吉敷川沿い　（Yoshiki River riverside）",
        "説明・詳細（日本語）": "吉敷川にかかる仁斗代橋（にとしろばし）の近くです。川沿いに四季折々の花が咲き、野鳥も多く見られます。この日は川鵜？が居ました。",
        "説明・詳細（英語）": "Near Nitoshiro Bridge spanning the Yoshiki River. Flowers bloom along the riverbank throughout the seasons, and many wild birds can be seen. On this day, there was a bird resembling a cormorant.",
        "写真枚数": 1,
        "写真URL①": "https://lh3.googleusercontent.com/d/1Li7mA1U_3RBjvc1ObC69XFtkdOVo_G_c",
        "写真URL②": null,
        "写真URL③": null,
        "写真URL④": null,
        "写真URL⑤": null
      }
    },
    {
      "type": "Feature",
      "geometry": {
        "type": "Point",
        "coordinates": [
          131.463432,
          34.17003
        ]
      },
      "properties": {
        "name": "鷺 (herons)",
        "説明・詳細（日本語）": "側の山には、夏場は鷺がたくさんいます。山口は狂言の三大流派である鷺流で有名です。毎年7月20日、27日には鷺舞神事が行われます。どうやら山口は鷺と関係が深いよう。",
        "説明・詳細（英語）": "The mountains nearby are home to many herons during the summer. Yamaguchi is famous for the Sagiryū school of kyōgen, one of the three major schools. The Sagimai ritual is held every year on July 20th and 27th. It seems Yamaguchi has a deep connection with herons , sagi in Japanese.",
        "写真枚数": 1,
        "写真URL①": "https://lh3.googleusercontent.com/d/12dlmF97nmf8E8aGcU-Z7o4y4fOzKgQQw",
        "写真URL②": null,
        "写真URL③": null,
        "写真URL④": null,
        "写真URL⑤": null
      }
    },
    {
      "type": "Feature",
      "geometry": {
        "type": "Point",
        "coordinates": [
          131.46399,
          34.159901
        ]
      },
      "properties": {
        "name": "山口秋吉台公園自転車道（Yamaguchi AkiyoshidaiPark bicycle path line）",
        "説明・詳細（日本語）": "椹野川沿いに、山口秋吉台自転車道が整備されていて、山口のランニング・散歩スポットの一つです。野鳥が多く見られます。写真は冬の渡り鳥、カモの一種だと思われます。",
        "説明・詳細（英語）": "Along the Fushino River, the Yamaguchi Akiyoshidai Bicycle Path has been developed, making it one of Yamaguchi's popular spots for running and walking. Many wild birds can be seen here. The photo shows a winter migratory bird, likely a type of duck.",
        "写真枚数": 1,
        "写真URL①": "https://lh3.googleusercontent.com/d/1e4JBV8rY0rBdgNoF9RqWaFpemCCMKyyH",
        "写真URL②": null,
        "写真URL③": null,
        "写真URL④": null,
        "写真URL⑤": null
      }
    },
    {
      "type": "Feature",
      "geometry": {
        "type": "Point",
        "coordinates": [
          131.681807,
          34.29754
        ]
      },
      "properties": {
        "name": "大原湖　(Ohara-lake)",
        "説明・詳細（日本語）": "キャンプ場があります。湖畔には白鳥や鴨などが見られます。",
        "説明・詳細（英語）": "There is a campground. Swan and ducks can be seen along the lakeshore.",
        "写真枚数": 1,
        "写真URL①": "https://lh3.googleusercontent.com/d/1_K6vKz65Dk-bdXYxPNeW8uzpt-7I_tIU",
        "写真URL②": null,
        "写真URL③": null,
        "写真URL④": null,
        "写真URL⑤": null
      }
    },
    {
      "type": "Feature",
      "geometry": {
        "type": "Point",
        "coordinates": [
          131.475062,
          34.179104
        ]
      },
      "properties": {
        "name": "鳩 (pigeons)",
        "説明・詳細（日本語）": "県立美術館前の噴水にはよく鳩が見られます。たまに人のあとをついてきます。かわいいけど、エサは与えないようにしましょう！\r\n噴水は堀のようなところにあり、下は池のようになっています。鯉が泳いでいてこちらも風情があって見どころです。",
        "説明・詳細（英語）": "Pigeons are often seen at the fountain in front of the Yamaguchi Prefectural Art Museum. Sometimes they follow people around. They're cute, but please don't feed them!\r\nThe fountain is located in a moat-like area, with a pond below. Koi swim there, adding to the charm and making it a sight worth seeing.",
        "写真枚数": 0,
        "写真URL①": null,
        "写真URL②": null,
        "写真URL③": null,
        "写真URL④": null,
        "写真URL⑤": null
      }
    },
    {
      "type": "Feature",
      "geometry": {
        "type": "Point",
        "coordinates": [
          131.466147,
          34.160313
        ]
      },
      "properties": {
        "name": "平川河川公園（Hirakawa Kasen Park）",
        "説明・詳細（日本語）": "いつ行っても、野鳥がたくさんいます。この日（秋）はいろいろな種類のサギが見られました。あっ、ちょうど飛び立った！",
        "説明・詳細（英語）": "Whenever you go, there are always plenty of wild birds here. On this day (in autumn), I saw various kinds of herons. Oh, there they go—just took flight!",
        "写真枚数": 1,
        "写真URL①": "https://lh3.googleusercontent.com/d/1sX4ab3iW77k_4c7T9oUYPKVX32gf8tNO",
        "写真URL②": null,
        "写真URL③": null,
        "写真URL④": null,
        "写真URL⑤": null
      }
    },
    {
      "type": "Feature",
      "geometry": {
        "type": "Point",
        "coordinates": [
          131.46825,
          34.162289
        ]
      },
      "properties": {
        "name": "豊年橋の上から（on the Ho-nen bridge）",
        "説明・詳細（日本語）": "いつ行っても、野鳥がたくさんいます。この日（秋）はいろいろな種類のサギが見られました。",
        "説明・詳細（英語）": "Whenever you go, there are always plenty of wild birds here. On this day (in autumn), I saw various kinds of herons.",
        "写真枚数": 1,
        "写真URL①": "https://lh3.googleusercontent.com/d/1_q568T51giPRGD_7Ea9OPoQDakY4X6jP",
        "写真URL②": null,
        "写真URL③": null,
        "写真URL④": null,
        "写真URL⑤": null
      }
    },
    {
      "type": "Feature",
      "geometry": {
        "type": "Point",
        "coordinates": [
          131.398308,
          34.072426
        ]
      },
      "properties": {
        "name": "野鳥観察　（Himiori River riverside）",
        "説明・詳細（日本語）": "干見折川と椹野川が合流する一帯です。一年を通してたくさんの野鳥に出会えるスポットですが、特に冬になると越冬のカモなど、渡り鳥がたくさん見られます。",
        "説明・詳細（英語）": "This area is where the Himi-Ori River and the Fushino River converge. It's a spot where you can encounter many wild birds throughout the year, and especially in winter, you can see numerous migratory birds, such as overwintering ducks.",
        "写真枚数": 2,
        "写真URL①": "https://lh3.googleusercontent.com/d/1V3YaFIlBjKI1aNPBV3kvw8-6SVsWcCX2",
        "写真URL②": "https://lh3.googleusercontent.com/d/1rtXF5EdrtOT2kY-AoYC2gCZK5gFWOyy8",
        "写真URL③": null,
        "写真URL④": null,
        "写真URL⑤": null
      }
    },
    {
      "type": "Feature",
      "geometry": {
        "type": "Point",
        "coordinates": [
          131.43955,
          34.153011
        ]
      },
      "properties": {
        "name": "JA直売所　ぶちええ菜 カプセルトイ（Buchieena/capsule toy machine）",
        "説明・詳細（日本語）": "ぶちええ菜店内にあるカプセルトイです。山口産の野菜や水産畜産\r\nの名産品をキャラ図鑑にしたもの？他で見たことがない、ガチャガチャです。",
        "説明・詳細（英語）": "This is a capsule toy machine inside Buchieena Store. It features character illustrations of Yamaguchi's famous vegetables, seafood, and livestock products? It's a gachapon machine I've never seen anywhere else.",
        "写真枚数": 1,
        "写真URL①": "https://lh3.googleusercontent.com/d/1FGI_UiMxD3OxC2oiiIrs5FUG_szYgeb-",
        "写真URL②": null,
        "写真URL③": null,
        "写真URL④": null,
        "写真URL⑤": null
      }
    },
    {
      "type": "Feature",
      "geometry": {
        "type": "Point",
        "coordinates": [
          131.45052,
          34.160349
        ]
      },
      "properties": {
        "name": "アルク葵店　入口　カプセルトイ（AruK supermarket）",
        "説明・詳細（日本語）": "スーパー、アルクの入口にあるカプセルトイです。山口県民で知らない人はいないゆるキャラ「ちょるる」のカプセルトイや、県内のご当地ヒーローのカプセルトイがあります！",
        "説明・詳細（英語）": "These capsule toys are located at the entrance of Super Aruk. You'll find capsule toys featuring “Choruru,” the beloved mascot character known to every resident of Yamaguchi Prefecture, as well as capsule toys of local heroes from around the prefecture!",
        "写真枚数": 2,
        "写真URL①": "https://lh3.googleusercontent.com/d/1sEnWP2fqkHyLzm3nrVEbyPLgQGNoWpA1",
        "写真URL②": "https://lh3.googleusercontent.com/d/1l8UJtIdaT_JNP0nBHSuEA_2RlyVjPkUh",
        "写真URL③": null,
        "写真URL④": null,
        "写真URL⑤": null
      }
    },
    {
      "type": "Feature",
      "geometry": {
        "type": "Point",
        "coordinates": [
          131.47707,
          34.170023
        ]
      },
      "properties": {
        "name": "ウルトラマンエース(ULTRAMAN)",
        "説明・詳細（日本語）": "ちまきや(現在の井筒屋)にあったものだそうです。遠くから帰ってきてこの像を見ると、白石地域に戻ってきたなーという安心感があります。",
        "説明・詳細（英語）": "It's said to have been at Chimakiya (now Izutsuya). When I return from afar and see this statue, it gives me a sense of relief—like, “Ah, I'm back in the Shiraishi area.”",
        "写真枚数": 2,
        "写真URL①": "https://lh3.googleusercontent.com/d/1eEccnYXdxvyHz6nTOXSy3iizO3x6i8kP",
        "写真URL②": "https://lh3.googleusercontent.com/d/1JzB4_nxbzoWynpThvZXKrLW0WbHzE--J",
        "写真URL③": null,
        "写真URL④": null,
        "写真URL⑤": null
      }
    },
    {
      "type": "Feature",
      "geometry": {
        "type": "Point",
        "coordinates": [
          131.456799,
          34.164171
        ]
      },
      "properties": {
        "name": "ゆう太（Yudaonsen Tourist information center）",
        "説明・詳細（日本語）": "湯田温泉のキャラクター「ゆう太」がいる自動販売機",
        "説明・詳細（英語）": null,
        "写真枚数": 1,
        "写真URL①": "https://lh3.googleusercontent.com/d/15Go2vxwxrbYRcNihBOSKFtvhJQU_qEZD",
        "写真URL②": null,
        "写真URL③": null,
        "写真URL④": null,
        "写真URL⑤": null
      }
    },
    {
      "type": "Feature",
      "geometry": {
        "type": "Point",
        "coordinates": [
          131.489382,
          34.154509
        ]
      },
      "properties": {
        "name": "巨大な「おおちゃん」と「うっち～」(山口合同ガス山口支店ひまわり館ショールーム)(O-chan/Utchii)",
        "説明・詳細（日本語）": null,
        "説明・詳細（英語）": null,
        "写真枚数": 0,
        "写真URL①": null,
        "写真URL②": null,
        "写真URL③": null,
        "写真URL④": null,
        "写真URL⑤": null
      }
    },
    {
      "type": "Feature",
      "geometry": {
        "type": "Point",
        "coordinates": [
          131.459972,
          34.159865
        ]
      },
      "properties": {
        "name": "湯田温泉駅（Yudaonsen Station）",
        "説明・詳細（日本語）": "駅前に、湯田温泉のマスコットキャラクター、ゆう太の形をしたポストが設置されています。\r\n駅の側では、巨大なゆう太の像がお迎えしています。「おいでませ山口」",
        "説明・詳細（英語）": "In front of the station, there is a post in the shape of Yuta, the mascot character of Yuda Onsen.\r\nOn the side of the station, a huge statue of Yuta is welcoming you. “Welcome to Yamaguchi\"",
        "写真枚数": 2,
        "写真URL①": "https://lh3.googleusercontent.com/d/14jbBushazzHogs0ttdGxoEGCp3POoU1s",
        "写真URL②": "https://lh3.googleusercontent.com/d/1v5Urp7V1D74QB01gfo3OejNRNkU7Htaj",
        "写真URL③": null,
        "写真URL④": null,
        "写真URL⑤": null
      }
    },
    {
      "type": "Feature",
      "geometry": {
        "type": "Point",
        "coordinates": [
          131.453326,
          34.171107
        ]
      },
      "properties": {
        "name": "湯田中也　(Yuda Chuya)",
        "説明・詳細（日本語）": "湯田中学校のマスコットキャラクター\r\n（湯田出身の中原中也ときつねをイメージ）\r\n身長105cm\r\n体重4kg\r\n語尾が「だゆ」\r\n好きな食べ物は「よつばのおひたし、外郎」\r\n嬉しいと尻尾を振る\r\n恥ずかしいと帽子で顔を隠す\r\n憧れる人　みそあじ（生徒会目標）を意識した湯田中生",
        "説明・詳細（英語）": "Yuda Junior High School Mascot Character\r\n(Based on Yuda native Nakahara Chūya and a fox)\r\nHeight: 105 cm\r\nWeight: 4 kg\r\nSpeaks with the suffix “dayu”\r\nFavorite foods: “Yotsuba ohitashi, Uiro”\r\nWags its tail when happy",
        "写真枚数": 1,
        "写真URL①": "https://lh3.googleusercontent.com/d/122im3FmgaYQOdMmziDyX4_IMVg0dVQt5",
        "写真URL②": null,
        "写真URL③": null,
        "写真URL④": null,
        "写真URL⑤": null
      }
    },
    {
      "type": "Feature",
      "geometry": {
        "type": "Point",
        "coordinates": [
          131.466179,
          34.175206
        ]
      },
      "properties": {
        "name": "熱球くん(Nekkyuu-kun)",
        "説明・詳細（日本語）": "山口高校、われらが熱球くんです！\r\n英語のテストの表紙には毎回熱球くんがおり、テスト前に癒してくれる存在としても人気です。推しは熱球くんと答える人もいます。\r\n３０バージョンくらいの熱球くんがいるそうです。\r\nちなみに、山口高校HP→施設紹介→バーチャル学校見学会　を見ていただくと、動く熱球くんがご覧いただけます！\r\n熱球くんの名前の由来は、山口高校応援歌第二号「熱球」から来ています。卒業生は、校歌は思い出せないけど熱球は歌えるという人も多いほど、山高生に浸透している歌です。\r\n作成された先生が、ヤママへの掲載を快諾してくださいました。ありがとうございます！",
        "説明・詳細（英語）": "Yamaguchi High School, our very own Nekkkyu-kun!\r\nHe appears on every English test cover and is popular as a comforting presence before exams. Some even say he's their favorite.\r\nApparently, there are about 30 different versions of Nekkkyu-kun.\r\nBy the way, if you visit the Yamaguchi High School website → Facilities → Virtual School Tour, you can see Nekkkyu-kun moving around!\r\nNekkū-kun's name comes from Yamaguchi High School's second cheer song, “Nekkū” (Hot Ball). It's so deeply ingrained among Yamaguchi High students that many graduates can't recall the school song but can still sing “Nekkū.”\r\nThe teacher who created him kindly agreed to its publication on Yamama. Thank you!",
        "写真枚数": 2,
        "写真URL①": "https://lh3.googleusercontent.com/d/1bgmFou0doPTARw2_Xzyd7iWQcDO0_ET6",
        "写真URL②": "https://lh3.googleusercontent.com/d/1KjkCPqz0htgDG3G6PEjtCRpHx9bm8YrQ",
        "写真URL③": null,
        "写真URL④": null,
        "写真URL⑤": null
      }
    },
    {
      "type": "Feature",
      "geometry": {
        "type": "Point",
        "coordinates": [
          131.458491,
          34.168038
        ]
      },
      "properties": {
        "name": "白狐ポスト ウォンツ前(Yu-ta post)",
        "説明・詳細（日本語）": "湯田温泉の真っ赤なポストたちが白狐に化けちゃった！これはその一つです。もしかしたら湯田にある他の物も白狐が化けてるのかも？",
        "説明・詳細（英語）": "Yuda Onsen's bright red mailbox turned into a white fox!?\r\nAre there other white foxes too?",
        "写真枚数": 1,
        "写真URL①": "https://lh3.googleusercontent.com/d/1h-Ihqdr3m_gwOYmDmupXk1w_Hs8KuTTB",
        "写真URL②": null,
        "写真URL③": null,
        "写真URL④": null,
        "写真URL⑤": null
      }
    },
    {
      "type": "Feature",
      "geometry": {
        "type": "Point",
        "coordinates": [
          131.473035,
          34.179172
        ]
      },
      "properties": {
        "name": "サビエル記念聖堂（Yamaguchi Xavier Memorial Church）",
        "説明・詳細（日本語）": "今では現在の姿が山口の景色として知られていますが、高校生ぐらいの頃、以前の緑の屋根の教会が火災にあって消失した際は、大事な山口の景色を一つ失ったようで、とても寂しい気持ちになりました。\r\n建て替わった現在の教会も、ステンドグラスがとても美しいです。",
        "説明・詳細（英語）": "While its current appearance is now recognized as part of Yamaguchi's landscape, when the old church with its green roof burned down when I was in high school, I felt a profound sense of loss, as if an important part of Yamaguchi's scenery had vanished.\r\nHowever, the rebuilt church today is also beautiful, stunning stained glass windows.",
        "写真枚数": 1,
        "写真URL①": "https://lh3.googleusercontent.com/d/1swnZhMv6jalTMvUNyNaR8CqtGUX-Nsgd",
        "写真URL②": null,
        "写真URL③": null,
        "写真URL④": null,
        "写真URL⑤": null
      }
    },
    {
      "type": "Feature",
      "geometry": {
        "type": "Point",
        "coordinates": [
          131.466823,
          34.179376
        ]
      },
      "properties": {
        "name": "サビエル記念聖堂が見える（Yamaguchi Xavier Memorial Church）",
        "説明・詳細（日本語）": "国道9号線沿いを散歩していると、サビエル記念聖堂が見えます。太陽と塔がくっつくカメラポジションを探してみるのも楽しいかと。",
        "説明・詳細（英語）": "Walking along National Route 9, you'll see Xavier Memorial Cathedral. It might be fun to look for a camera angle where the sun and the tower meet.",
        "写真枚数": 1,
        "写真URL①": "https://lh3.googleusercontent.com/d/1Z4IFGVjsyyPJoyAHJKfu7ZRQShJgVwFX",
        "写真URL②": null,
        "写真URL③": null,
        "写真URL④": null,
        "写真URL⑤": null
      }
    },
    {
      "type": "Feature",
      "geometry": {
        "type": "Point",
        "coordinates": [
          131.474483,
          34.177903
        ]
      },
      "properties": {
        "name": "サビエル記念聖堂が見える（Yamaguchi Xavier Memorial Church）",
        "説明・詳細（日本語）": "市役所の方から亀山を見上げると、こんなに近くにサビエル記念聖堂の塔が！時計の文字盤が読めそうです。",
        "説明・詳細（英語）": "Looking up at Kameyama from the city hall, the tower of Xavier Memorial Cathedral is so close! You can almost make out the clock face.",
        "写真枚数": 1,
        "写真URL①": "https://lh3.googleusercontent.com/d/1I4OdABcjlj5HHB9AYKh5q5sQS-IfEzkH",
        "写真URL②": null,
        "写真URL③": null,
        "写真URL④": null,
        "写真URL⑤": null
      }
    },
    {
      "type": "Feature",
      "geometry": {
        "type": "Point",
        "coordinates": [
          131.477433,
          34.174699
        ]
      },
      "properties": {
        "name": "サビエル記念聖堂が見える（Yamaguchi Xavier Memorial Church）",
        "説明・詳細（日本語）": "街中のいたるところからサビエル記念聖堂の塔が見えます。路地のこんな所からも。",
        "説明・詳細（英語）": "The tower of Xavier Memorial Cathedral can be seen from almost all over the town. Even from places like this alleyway.",
        "写真枚数": 1,
        "写真URL①": "https://lh3.googleusercontent.com/d/1v4WjLS9VF_6-0pd-ZGn7LxFNyl08Sp9N",
        "写真URL②": null,
        "写真URL③": null,
        "写真URL④": null,
        "写真URL⑤": null
      }
    },
    {
      "type": "Feature",
      "geometry": {
        "type": "Point",
        "coordinates": [
          131.466426,
          34.175471
        ]
      },
      "properties": {
        "name": "サビエル記念聖堂の鐘（Yamaguchi Xavier MamorialChurch）",
        "説明・詳細（日本語）": "山口高校の文化祭「銀鐘祭」、その名前の由来のお話です。銀鐘祭の銀の鐘、これは校舎から見えるサビエル記念聖堂の鐘を表しています。美しい鐘の音で市民に親しまれているサビエル記念聖堂。しかし今から34年前、火災で焼け落ちてしまいました。ロマネスク様式の教会は再建が難しく、鐘の音も街から消えてしまったのです。それから6年後、テスト中の教室にからんからんという音が響きました。聖堂が新たなデザインで生まれ変わり、銀の鐘が復活したのです。それを喜んだ生徒たちが、あの鐘のように文化祭もたくさんの人に愛されてほしいと願って、銀鐘祭と名付けました。当時の生徒会長は、「僕たちの高校生活は、いつも鐘の音と一緒だったんだよ」と懐かしんでいました。（R7銀鐘祭での放送部の発表より）",
        "説明・詳細（英語）": "This is the story behind the name of Yamaguchi High School festival, the “Silver Bell Festival(Ginshosai).” The silver bell in the festival's name represents the bell of Xavier Memorial Cathedral, visible from the school building. Xavier Memorial Cathedral, beloved by citizens for its beautiful bell chimes, was destroyed by fire 34 years ago. The Romanesque-style church proved difficult to rebuild, and the sound of its bells vanished from the town. Six years later, the sound of “clang-clang” echoed through a classroom during a test. The cathedral had been reborn with a new design, and the silver bell was restored. Delighted by this, the students\r\nwished for their school festival to be loved by many people just like that bell, and named it the Silver Bell Festival. The student council president at the time recalled nostalgically, “Our high school life was always accompanied by the sound of that bell.” (From the Broadcasting Club's presentation at the R7 Silver Bell Festival)",
        "写真枚数": 1,
        "写真URL①": "https://lh3.googleusercontent.com/d/19yefvnVG8EE8jTjgzD4cIG5fhiNialXq",
        "写真URL②": null,
        "写真URL③": null,
        "写真URL④": null,
        "写真URL⑤": null
      }
    },
    {
      "type": "Feature",
      "geometry": {
        "type": "Point",
        "coordinates": [
          131.473555,
          34.180131
        ]
      },
      "properties": {
        "name": "亀山公園（Kameyama park）",
        "説明・詳細（日本語）": "サビエル記念聖堂から亀山公園山頂に向かって階段を登ると、木々の間からサビエル記念聖堂が見えます。「あ、ここからも見える」と探しながら散策も楽しいです。",
        "説明・詳細（英語）": "Ascending the stairs from Xavier Memorial Chapel toward the summit of Kameyama Park, you can glimpse the chapel through the trees. “Oh, you can see it from here too!”—exploring while searching for such views makes for a delightful stroll.",
        "写真枚数": 1,
        "写真URL①": "https://lh3.googleusercontent.com/d/11oiP8odoIo0wiNDbzkNSGIdgcIb--HaW",
        "写真URL②": null,
        "写真URL③": null,
        "写真URL④": null,
        "写真URL⑤": null
      }
    },
    {
      "type": "Feature",
      "geometry": {
        "type": "Point",
        "coordinates": [
          131.455895,
          34.165761
        ]
      },
      "properties": {
        "name": "８TRACShoney（エイトトラックスハニー）",
        "説明・詳細（日本語）": "レストランに併設している洋菓子店です。少し裏路地のようなところにあります。テイクアウト専門です。",
        "説明・詳細（英語）": "This is a Western-style confectionery shop attached to the restaurant. It's located in a spot that feels a bit like a back alley. It's takeout only.",
        "写真枚数": 0,
        "写真URL①": null,
        "写真URL②": null,
        "写真URL③": null,
        "写真URL④": null,
        "写真URL⑤": null
      }
    },
    {
      "type": "Feature",
      "geometry": {
        "type": "Point",
        "coordinates": [
          131.475371,
          34.178549
        ]
      },
      "properties": {
        "name": "Patisserie Anfield",
        "説明・詳細（日本語）": null,
        "説明・詳細（英語）": null,
        "写真枚数": 0,
        "写真URL①": null,
        "写真URL②": null,
        "写真URL③": null,
        "写真URL④": null,
        "写真URL⑤": null
      }
    },
    {
      "type": "Feature",
      "geometry": {
        "type": "Point",
        "coordinates": [
          131.452336,
          34.156935
        ]
      },
      "properties": {
        "name": "PATISSERIE K.E.KAJIWARA",
        "説明・詳細（日本語）": "幸せなひと時をあなたも",
        "説明・詳細（英語）": "May you also enjoy a happy moment.",
        "写真枚数": 1,
        "写真URL①": "https://lh3.googleusercontent.com/d/1ILj7GTpnGbJ6LkPDfrgbfBvYjk5m5yof",
        "写真URL②": null,
        "写真URL③": null,
        "写真URL④": null,
        "写真URL⑤": null
      }
    },
    {
      "type": "Feature",
      "geometry": {
        "type": "Point",
        "coordinates": [
          131.661497,
          34.18897
        ]
      },
      "properties": {
        "name": "tete（cake shop）",
        "説明・詳細（日本語）": null,
        "説明・詳細（英語）": null,
        "写真枚数": 0,
        "写真URL①": null,
        "写真URL②": null,
        "写真URL③": null,
        "写真URL④": null,
        "写真URL⑤": null
      }
    },
    {
      "type": "Feature",
      "geometry": {
        "type": "Point",
        "coordinates": [
          131.478866,
          34.174537
        ]
      },
      "properties": {
        "name": "オーダーケーキ＆エクレア　スクレ（SUCREE）",
        "説明・詳細（日本語）": null,
        "説明・詳細（英語）": null,
        "写真枚数": 0,
        "写真URL①": null,
        "写真URL②": null,
        "写真URL③": null,
        "写真URL④": null,
        "写真URL⑤": null
      }
    },
    {
      "type": "Feature",
      "geometry": {
        "type": "Point",
        "coordinates": [
          131.460637,
          34.1711
        ]
      },
      "properties": {
        "name": "こんこん山(和っと芋・konokacrepe・のんた)(Konkonyama)",
        "説明・詳細（日本語）": "クレープ屋さん、焼き芋屋さん、駄菓子屋さんの３店舗で営業されています。\r\nこんこん山のさつまいもシェイクはとにかく美味しい！質はスタバなのに値段が激安！\r\nもちもちのクレープと、甘〜い焼き芋がめちゃくちゃ美味しい！白狐が温泉に浸かってるプリンは可愛いし、隣に駄菓子屋さんもあります。自然豊かな場所にあるので、癒されます。\r\n友達とよく行きます。店主の方が気さくに話かけてくださって嬉しかったです。\r\n子供たちは小学校の帰りに駄菓子を買いに、湯田の大人（ドッジボールクラブ所属の方）は活動後にクレープを食べにいらっしゃるそう。きつねのプリンがめっちゃかわいい！",
        "説明・詳細（英語）": "Three shops operate here: a crepe stand, a roasted sweet potato stand, and a traditional snack shop.\r\nKonkon Mountain's sweet potato shake is absolutely delicious! It's Starbucks-quality but dirt cheap!\r\nThe chewy crepes and super sweet roasted sweet potatoes are incredibly tasty! The pudding shaped like a white fox soaking in a hot spring is adorable, and there's a snack shop next door too. It's in a naturally beautiful spot, so it's very relaxing.\r\nI often go with friends. The owner greets everyone so warmly, which made me happy.\r\nKids stop by after school to buy snacks, and adults from Yuda (like the dodgeball club members) come for crepes after their activities. The fox pudding is super cute!",
        "写真枚数": 1,
        "写真URL①": "https://lh3.googleusercontent.com/d/1KPqYsXnoBQGprSp2xHAkRIigfv79UBC9",
        "写真URL②": null,
        "写真URL③": null,
        "写真URL④": null,
        "写真URL⑤": null
      }
    },
    {
      "type": "Feature",
      "geometry": {
        "type": "Point",
        "coordinates": [
          131.456898,
          34.167034
        ]
      },
      "properties": {
        "name": "こんこん食堂(Konkonsyokudo/cafe)",
        "説明・詳細（日本語）": "カフェが入っていてちょっと高いのもあるけど味はめっちゃおいしかった！カフェはお金を払うと足湯しながら食べれるスペースもあった！",
        "説明・詳細（英語）": "The cafe had some items that were a bit pricey, but the food was absolutely delicious! The cafe also had a space where you could eat while enjoying a foot bath after paying!",
        "写真枚数": 1,
        "写真URL①": "https://lh3.googleusercontent.com/d/1pq7ZzMZimGJDfdtOAhlKqcgWF8V9t3UX",
        "写真URL②": null,
        "写真URL③": null,
        "写真URL④": null,
        "写真URL⑤": null
      }
    },
    {
      "type": "Feature",
      "geometry": {
        "type": "Point",
        "coordinates": [
          131.47587,
          34.175023
        ]
      },
      "properties": {
        "name": "パティスリーププレ（patisserie peupler）",
        "説明・詳細（日本語）": "地元の人に愛されているお菓子屋さんです。",
        "説明・詳細（英語）": "This is a beloved local confectionery shop.",
        "写真枚数": 1,
        "写真URL①": "https://lh3.googleusercontent.com/d/16NcRXzrg7i0-PbJ49OJK_-N7bEEgMD6c",
        "写真URL②": null,
        "写真URL③": null,
        "写真URL④": null,
        "写真URL⑤": null
      }
    },
    {
      "type": "Feature",
      "geometry": {
        "type": "Point",
        "coordinates": [
          131.457357,
          34.165953
        ]
      },
      "properties": {
        "name": "パティスリーフルール  (Patisserie Fleur)",
        "説明・詳細（日本語）": "家族でかき氷を食べに行きました！ケーキ屋さんだけど季節のジュースとかもありました\r\nイートインスペースがあったので中で涼しく食べられます！",
        "説明・詳細（英語）": "We went out for shaved ice as a family! It's a cake shop, but they also had seasonal juices and such.\r\nThere was an eat-in space, so we could enjoy it cool inside!",
        "写真枚数": 1,
        "写真URL①": "https://lh3.googleusercontent.com/d/1Sh0RTXg0iOML3a39QyBNIEvXSS0fdEdA",
        "写真URL②": null,
        "写真URL③": null,
        "写真URL④": null,
        "写真URL⑤": null
      }
    },
    {
      "type": "Feature",
      "geometry": {
        "type": "Point",
        "coordinates": [
          131.513797,
          34.163505
        ]
      },
      "properties": {
        "name": "モントロー　大内長野店(montreux)",
        "説明・詳細（日本語）": null,
        "説明・詳細（英語）": null,
        "写真枚数": 0,
        "写真URL①": null,
        "写真URL②": null,
        "写真URL③": null,
        "写真URL④": null,
        "写真URL⑤": null
      }
    },
    {
      "type": "Feature",
      "geometry": {
        "type": "Point",
        "coordinates": [
          131.479036,
          34.178619
        ]
      },
      "properties": {
        "name": "山陰堂本店 (San'in-do Main Store)",
        "説明・詳細（日本語）": "もともと武士だった初代店主の方が、明治維新をきっかけに和菓子店を開いたのが始まりだそうです。「銘菓舌鼓」は明治時代から多くの人に愛される山口名物の一つです。",
        "説明・詳細（英語）": "The first owner, originally a samurai, opened a Japanese confectionery shop following the Meiji Restoration. “Meika Shita-Tsuzumi” has been a beloved Yamaguchi specialty since the Meiji era.",
        "写真枚数": 1,
        "写真URL①": "https://lh3.googleusercontent.com/d/17D7OqhBngQgESXAt8vnDTthQX4ZQF9oo",
        "写真URL②": null,
        "写真URL③": null,
        "写真URL④": null,
        "写真URL⑤": null
      }
    },
    {
      "type": "Feature",
      "geometry": {
        "type": "Point",
        "coordinates": [
          131.478761,
          34.183645
        ]
      },
      "properties": {
        "name": "豆子郎　大内館 (Toshiro in Ouchi-store)",
        "説明・詳細（日本語）": "外郎菓子「豆子郎（とうしろう）」をはじめとする、自社製造の和菓子を販売しています。 山口の古き良き街並みが残る大殿地域。その一角にある古民家を改装した趣あふれる大内館店では、豆子郎のご購入はもちろん、一休みしていただける茶房も併設しております。大内館店限定のオリジナルドリンク「豆ラテ」を片手に、山口の街並みを散策してみてはいかがでしょうか？ 【お問合せ先】本社お客様窓口：0120-21-5655",
        "説明・詳細（英語）": "We sell our own handmade Japanese sweets, including the traditional confection “Tōshirō.” Located in the Ōdono area of Yamaguchi, where the city's charming old streets remain preserved, our Ōuchi-store is housed in a renovated traditional Japanese house. Here, you can purchase Tōshirō and relax in our tea room. Why not explore Yamaguchi's streets while sipping our exclusive Ōuchi-store original drink, the “Beans Latte”? 【Contact】Head Office Customer Service: 0120-21-5655",
        "写真枚数": 1,
        "写真URL①": "https://lh3.googleusercontent.com/d/1tkC_KPaeLOAUdD2XYPH8RLOz_9vlfeCg",
        "写真URL②": null,
        "写真URL③": null,
        "写真URL④": null,
        "写真URL⑤": null
      }
    },
    {
      "type": "Feature",
      "geometry": {
        "type": "Point",
        "coordinates": [
          131.482806,
          34.167111
        ]
      },
      "properties": {
        "name": "豆子郎　茶藏唵（さくらあん）(Toshiro Sakura-An)",
        "説明・詳細（日本語）": "外郎菓子「豆子郎（とうしろう）」をはじめとする、自社製造の和菓子を販売しています。 総本店茶藏唵では、豆子郎のご購入はもちろん、山口の豊かな自然を眺めながら甘味を楽しめる茶房や、弊社所蔵の美術品を展示したギャラリーなど、日常から離れた心安らぐひとときをお過ごしいただけます。山口市にお越しの際は、ぜひ一度茶藏唵へお立ち寄りくださいませ。 【お問合せ先】本社お客様窓口：0120-21-5655",
        "説明・詳細（英語）": "We sell our own handmade Japanese sweets, including the traditional Uiro confection “Toshiro.” At our main store, Sakura-An, you can purchase Toshiro, enjoy sweets while gazing at Yamaguchi's rich natural scenery in our tea room, or relax in our gallery displaying artworks from our collection—offering a peaceful escape from daily life. When visiting Yamaguchi City, please stop by Chazōon. 【Contact】Head Office Customer Service: 0120-21-5655",
        "写真枚数": 1,
        "写真URL①": "https://lh3.googleusercontent.com/d/13HvYbLl9Xiwu9BHurqQdXNOHTM_7-yc2",
        "写真URL②": null,
        "写真URL③": null,
        "写真URL④": null,
        "写真URL⑤": null
      }
    },
    {
      "type": "Feature",
      "geometry": {
        "type": "Point",
        "coordinates": [
          131.477939,
          34.179841
        ]
      },
      "properties": {
        "name": "宝来屋 (Hourai-ya)",
        "説明・詳細（日本語）": null,
        "説明・詳細（英語）": null,
        "写真枚数": 0,
        "写真URL①": null,
        "写真URL②": null,
        "写真URL③": null,
        "写真URL④": null,
        "写真URL⑤": null
      }
    },
    {
      "type": "Feature",
      "geometry": {
        "type": "Point",
        "coordinates": [
          131.474209,
          34.17173
        ]
      },
      "properties": {
        "name": "本町カメリヤ　本店（KAMERIYA）",
        "説明・詳細（日本語）": null,
        "説明・詳細（英語）": null,
        "写真枚数": 0,
        "写真URL①": null,
        "写真URL②": null,
        "写真URL③": null,
        "写真URL④": null,
        "写真URL⑤": null
      }
    },
    {
      "type": "Feature",
      "geometry": {
        "type": "Point",
        "coordinates": [
          131.478099,
          34.180918
        ]
      },
      "properties": {
        "name": "柳屋のみたらし団子 (Yanagiya's mitarashi dumplings)",
        "説明・詳細（日本語）": null,
        "説明・詳細（英語）": null,
        "写真枚数": 0,
        "写真URL①": null,
        "写真URL②": null,
        "写真URL③": null,
        "写真URL④": null,
        "写真URL⑤": null
      }
    },
    {
      "type": "Feature",
      "geometry": {
        "type": "Point",
        "coordinates": [
          131.479547,
          34.179101
        ]
      },
      "properties": {
        "name": "江戸金ラーメン　(Edo Kin Ramen)",
        "説明・詳細（日本語）": "高校生の頃、ラーメンの匂いにつられて部活帰りに仲間と行っていました。当時切り盛りしていたおばあちゃんとのやり取りが面白かったのを覚えています。",
        "説明・詳細（英語）": "Back in high school, the smell of ramen would draw me and my friends there after club activities. I remember how fun it was chatting with the grandmother who ran the place back then.",
        "写真枚数": 1,
        "写真URL①": "https://lh3.googleusercontent.com/d/1F4ck2Hfd_F4qpJWSzUeMKYafcTeIEUGd",
        "写真URL②": null,
        "写真URL③": null,
        "写真URL④": null,
        "写真URL⑤": null
      }
    },
    {
      "type": "Feature",
      "geometry": {
        "type": "Point",
        "coordinates": [
          131.557701,
          34.21174
        ]
      },
      "properties": {
        "name": "手打ち中華そば　侍（Samurai/ramen）",
        "説明・詳細（日本語）": null,
        "説明・詳細（英語）": null,
        "写真枚数": 0,
        "写真URL①": null,
        "写真URL②": null,
        "写真URL③": null,
        "写真URL④": null,
        "写真URL⑤": null
      }
    },
    {
      "type": "Feature",
      "geometry": {
        "type": "Point",
        "coordinates": [
          131.441631,
          34.164188
        ]
      },
      "properties": {
        "name": "蘭蘭（Ranran/ramen）",
        "説明・詳細（日本語）": "豚キムチラーメンがオススメ。\r\nチャーハンもおいしいので、是非セットに。\r\nチャンポンも野菜たっぷりでおいしい。\r\n維新公園で寒い中高校サッカーの応援をした後、蘭々の熱々ラーメンが毎年の楽しみ。",
        "説明・詳細（英語）": "I recommend the pork kimchi ramen.\r\nThe fried rice is also delicious, so definitely get it as a set.\r\nThe champon is packed with vegetables and tasty too.\r\nAfter cheering on the high school soccer game in the cold at Ishin Park, Ranran's piping hot ramen is my annual treat.",
        "写真枚数": 1,
        "写真URL①": "https://lh3.googleusercontent.com/d/1VPeYjxCRQZqTPoAZ4XF00oj95Sjv-kxK",
        "写真URL②": null,
        "写真URL③": null,
        "写真URL④": null,
        "写真URL⑤": null
      }
    },
    {
      "type": "Feature",
      "geometry": {
        "type": "Point",
        "coordinates": [
          131.45692,
          34.164415
        ]
      },
      "properties": {
        "name": "お食事処　しげまさ (Shigemasa Restaurant)",
        "説明・詳細（日本語）": "山口の給食の定番、チキンチキンごぼう定食が食べられるお店。中学校の頃、給食おいしかったなぁという思い出がふとよみがえり、なつかしさに浸る時間を過ごす山口市民も。",
        "説明・詳細（英語）": "A restaurant serving Yamaguchi's classic school lunch staple: the Chicken Chicken Burdock Root Set Meal. For some Yamaguchi residents, memories of how delicious middle school lunches were suddenly resurface, soaking a moment to bask in nostalgia.",
        "写真枚数": 0,
        "写真URL①": null,
        "写真URL②": null,
        "写真URL③": null,
        "写真URL④": null,
        "写真URL⑤": null
      }
    },
    {
      "type": "Feature",
      "geometry": {
        "type": "Point",
        "coordinates": [
          131.456518,
          34.16537
        ]
      },
      "properties": {
        "name": "磯くら　(Isokura)",
        "説明・詳細（日本語）": "地元の人が通う居酒屋さん。\r\n親族と一緒に、息子のお食い初めに訪れた思い出のお店。接客も味も良く、とても印象に残っている。",
        "説明・詳細（英語）": "An izakaya frequented by locals.\r\nA memorable restaurant where I visited with relatives for my son's first food ceremony.\r\nBoth the service and the food were excellent, leaving a lasting impression.",
        "写真枚数": 0,
        "写真URL①": null,
        "写真URL②": null,
        "写真URL③": null,
        "写真URL④": null,
        "写真URL⑤": null
      }
    },
    {
      "type": "Feature",
      "geometry": {
        "type": "Point",
        "coordinates": [
          131.45747,
          34.164672
        ]
      },
      "properties": {
        "name": "原田酒舗（HARADA SHUHO/sake shop）",
        "説明・詳細（日本語）": "山口の地酒を豊富に取り揃えておられます。地元の人も足繁く通うお店です。\r\n贈答用に、そして、今夜のお楽しみに。好みを伝えると、店員さんが相談にのってくださいます。",
        "説明・詳細（英語）": "We carry an extensive selection of Yamaguchi's local sake. It's a shop frequented by locals.\r\nFor gifts, and for tonight's enjoyment. Tell us your preferences, and our staff will be happy to advise you.",
        "写真枚数": 1,
        "写真URL①": "https://lh3.googleusercontent.com/d/1e6DFBfqIb38Pli-YwzklHxRXGIz8l4Gc",
        "写真URL②": null,
        "写真URL③": null,
        "写真URL④": null,
        "写真URL⑤": null
      }
    },
    {
      "type": "Feature",
      "geometry": {
        "type": "Point",
        "coordinates": [
          131.533465,
          34.133756
        ]
      },
      "properties": {
        "name": "山口地ビール（craft beer）",
        "説明・詳細（日本語）": "敷地内で地ビールが醸造されています。\r\nレストランでは、地ビールが楽しめます。\r\nチョコレートファウンテンがあり、子どもにも大人気。\r\n友達が結婚式を挙げていました。",
        "説明・詳細（英語）": "Craft beer is brewed on the premises.\r\nYou can enjoy craft beer at the restaurant.\r\nThere's a chocolate fountain, which is very popular with children.\r\nA friend of mine had their wedding here.",
        "写真枚数": 1,
        "写真URL①": "https://lh3.googleusercontent.com/d/1Az0PLwZS_Q_rWMHDWa3ERaVgPs0lPMi_",
        "写真URL②": null,
        "写真URL③": null,
        "写真URL④": null,
        "写真URL⑤": null
      }
    },
    {
      "type": "Feature",
      "geometry": {
        "type": "Point",
        "coordinates": [
          131.475427,
          34.174455
        ]
      },
      "properties": {
        "name": "山城屋酒造（Yamashiroya sake brewery）",
        "説明・詳細（日本語）": "山城屋酒造は、山口で400年の歴史がある酒造だそうです。山口県産のお米や山口大神宮の伏流水を使い「メイドイン山口」の酒づくりをしておられます。\r\n店頭には地酒がたくさん並んでいます。",
        "説明・詳細（英語）": "Yamashiroya Sake Brewery has a 400-year history in Yamaguchi. They craft “Made in Yamaguchi” sake using locally grown Yamaguchi rice and underground spring water from Yamaguchi Daijingu Shrine.\r\nTheir storefront displays a wide selection of local sake.",
        "写真枚数": 1,
        "写真URL①": "https://lh3.googleusercontent.com/d/1CnWQ6EVN0Vn0WFoaT-OTl9WTAcN_kNGt",
        "写真URL②": null,
        "写真URL③": null,
        "写真URL④": null,
        "写真URL⑤": null
      }
    },
    {
      "type": "Feature",
      "geometry": {
        "type": "Point",
        "coordinates": [
          131.455041,
          34.165788
        ]
      },
      "properties": {
        "name": "鉄板酒場　壱〇弐 (Teppan Bar Ichi-Maru-Ni)",
        "説明・詳細（日本語）": "ランチで定食、カレー、ラーメンが食べられます。お値段も1000円弱で、湯田エリアで気軽に行ける店として重宝しています。",
        "説明・詳細（英語）": "For lunch, you can enjoy set meals, curry, and ramen. Prices are about 1,000 yen, making it a convenient spot in the Yuda area.",
        "写真枚数": 0,
        "写真URL①": null,
        "写真URL②": null,
        "写真URL③": null,
        "写真URL④": null,
        "写真URL⑤": null
      }
    }
  ]
}